ID_Pedido,Data,Produto,Categoria,Regiao,Cidade,Vendedor,Canal,Segmento_Cliente,Quantidade,Preco_Unitario,Desconto_Pct,Faturamento,Custo,Lucro
PED-00001,2025-04-25,Notebook Pro 14,Tecnologia,Nordeste,Salvador,Diego Alves,E-commerce,Pessoa Física,3,4954.53,0.05,14120.41,10755.36,3365.05
PED-00002,2025-04-06,Monitor 24,Tecnologia,Sudeste,São Paulo,Isabela Freitas,E-commerce,Pequena Empresa,2,909.11,0,1818.22,1223.26,594.96
PED-00003,2025-01-07,Monitor 27,Tecnologia,Nordeste,Recife,Eduarda Rocha,E-commerce,Grande Empresa,1,1464.18,0,1464.18,1018.54,445.64
PED-00004,2026-09-11,Teclado Mecânico,Acessórios,Nordeste,Fortaleza,Henrique Dias,Loja Física,Grande Empresa,1,410.2,0.05,389.69,220.01,169.68
PED-00005,2026-01-06,SSD 1TB,Componentes,Sudeste,São Paulo,Ana Lima,Marketplace,Pequena Empresa,10,473.07,0.15,4021.09,2939.3,1081.79
PED-00006,2026-04-10,SSD 500GB,Componentes,Nordeste,Salvador,Felipe Martins,E-commerce,Pequena Empresa,3,281.77,0.1,760.78,547.05,213.73
PED-00007,2026-07-01,Memória 16GB,Componentes,Sudeste,Campinas,Gabriela Souza,E-commerce,Média Empresa,3,316.67,0,950.01,592.35,357.66
PED-00008,2025-02-27,Monitor 24,Tecnologia,Nordeste,Recife,Gabriela Souza,E-commerce,Pessoa Física,6,891.83,0.15,4548.33,3631.62,916.71
PED-00009,2026-02-10,SSD 500GB,Componentes,Sudeste,Belo Horizonte,Carla Mendes,E-commerce,Pessoa Física,1,298.49,0.05,283.57,179.42,104.15
PED-00010,2025-08-13,Monitor 27,Tecnologia,Sul,Curitiba,Ana Lima,Venda Corporativa,Pessoa Física,1,1516.61,0.1,1364.95,986.8,378.15
PED-00011,2026-09-03,Webcam HD,Acessórios,Sul,Florianópolis,Ana Lima,Marketplace,Pessoa Física,5,254.93,0.1,1147.19,632.4,514.79
PED-00012,2025-10-28,Headset Pro,Acessórios,Sudeste,São Paulo,Eduarda Rocha,Venda Corporativa,Pequena Empresa,2,333.53,0,667.06,355.3,311.76
PED-00013,2026-06-04,SSD 1TB,Componentes,Sudeste,Belo Horizonte,Carla Mendes,Loja Física,Pequena Empresa,2,455.65,0,911.3,573.12,338.18
PED-00014,2026-01-07,Teclado Mecânico,Acessórios,Sudeste,Rio de Janeiro,João Ribeiro,Venda Corporativa,Pessoa Física,2,408.27,0,816.54,444.46,372.08
PED-00015,2025-05-12,SSD 500GB,Componentes,Sudeste,Rio de Janeiro,Eduarda Rocha,Loja Física,Pequena Empresa,8,295.61,0.15,2010.15,1464.32,545.83
PED-00016,2025-11-16,Headset Pro,Acessórios,Centro-Oeste,Cuiabá,Felipe Martins,Loja Física,Pessoa Física,1,326.92,0,326.92,174.62,152.3
PED-00017,2025-08-24,SSD 1TB,Componentes,Sudeste,São Paulo,Ana Lima,E-commerce,Média Empresa,5,452.88,0,2264.4,1499.15,765.25
PED-00018,2025-08-08,Dock Station,Acessórios,Sudeste,Campinas,Diego Alves,Marketplace,Média Empresa,1,549.1,0,549.1,312.99,236.11
PED-00019,2026-04-24,Memória 16GB,Componentes,Sudeste,São Paulo,Ana Lima,Loja Física,Pessoa Física,5,313.68,0,1568.4,965.9,602.5
PED-00020,2026-03-09,Monitor 27,Tecnologia,Sudeste,Rio de Janeiro,Bruno Costa,Loja Física,Média Empresa,2,1558.88,0,3117.76,2035.5,1082.26
PED-00021,2025-04-06,Monitor 24,Tecnologia,Sudeste,Campinas,Henrique Dias,E-commerce,Pessoa Física,1,934.04,0,934.04,589.15,344.89
PED-00022,2026-04-11,Teclado Mecânico,Acessórios,Sudeste,Campinas,Carla Mendes,E-commerce,Pessoa Física,1,388.73,0.1,349.86,215.42,134.44
PED-00023,2025-02-21,SSD 1TB,Componentes,Sudeste,Rio de Janeiro,Ana Lima,Venda Corporativa,Pessoa Física,1,466.92,0.05,443.57,290.97,152.6
PED-00024,2025-05-03,SSD 1TB,Componentes,Sudeste,São Paulo,João Ribeiro,E-commerce,Pequena Empresa,2,453.61,0,907.22,599.7,307.52
PED-00025,2025-11-18,Monitor 24,Tecnologia,Sudeste,Rio de Janeiro,Eduarda Rocha,Loja Física,Média Empresa,6,911.12,0,5466.72,3608.7,1858.02
PED-00026,2025-04-13,Notebook Air 13,Tecnologia,Sul,Florianópolis,Eduarda Rocha,E-commerce,Pessoa Física,1,3562.83,0,3562.83,2738.92,823.91
PED-00027,2026-07-11,Memória 16GB,Componentes,Sudeste,São Paulo,Isabela Freitas,E-commerce,Pequena Empresa,6,312.01,0,1872.06,1131.66,740.4
PED-00028,2026-07-21,Monitor 27,Tecnologia,Sudeste,Rio de Janeiro,Felipe Martins,E-commerce,Pequena Empresa,1,1549.03,0.05,1471.58,1018.44,453.14
PED-00029,2025-04-05,SSD 500GB,Componentes,Sudeste,Belo Horizonte,Ana Lima,E-commerce,Pequena Empresa,3,295.33,0,885.99,543.93,342.06
PED-00030,2026-03-14,Dock Station,Acessórios,Sudeste,São Paulo,Carla Mendes,Loja Física,Média Empresa,2,537.43,0,1074.86,620.98,453.88
PED-00031,2025-02-10,Mouse Wireless,Acessórios,Sudeste,Rio de Janeiro,Bruno Costa,E-commerce,Pessoa Física,5,183.02,0.2,732.08,428.35,303.73
PED-00032,2025-08-31,Monitor 27,Tecnologia,Centro-Oeste,Brasília,Gabriela Souza,E-commerce,Pequena Empresa,1,1538.21,0.15,1307.48,1019.67,287.81
PED-00033,2025-09-12,Teclado Mecânico,Acessórios,Sudeste,São Paulo,Gabriela Souza,Venda Corporativa,Média Empresa,1,399.89,0.1,359.9,215.29,144.61
PED-00034,2025-08-22,Monitor 24,Tecnologia,Sudeste,Rio de Janeiro,Gabriela Souza,E-commerce,Média Empresa,8,912.4,0,7299.2,4757.68,2541.52
PED-00035,2026-07-04,Mouse Wireless,Acessórios,Centro-Oeste,Brasília,Eduarda Rocha,E-commerce,Grande Empresa,1,179.08,0,179.08,84.54,94.54
PED-00036,2025-11-18,Headset Pro,Acessórios,Sul,Florianópolis,Bruno Costa,E-commerce,Pessoa Física,1,319.17,0.1,287.25,178.66,108.59
PED-00037,2026-07-06,SSD 500GB,Componentes,Nordeste,Fortaleza,Diego Alves,E-commerce,Pessoa Física,3,286.68,0,860.04,555.03,305.01
PED-00038,2025-11-04,Dock Station,Acessórios,Sudeste,Campinas,Felipe Martins,Loja Física,Pessoa Física,1,568.67,0.05,540.24,318.5,221.74
PED-00039,2025-06-28,SSD 1TB,Componentes,Sul,Porto Alegre,Isabela Freitas,Marketplace,Pessoa Física,1,464.72,0.1,418.25,292.75,125.5
PED-00040,2026-03-29,Webcam HD,Acessórios,Sul,Florianópolis,Henrique Dias,Marketplace,Grande Empresa,3,246.48,0.1,665.5,388.02,277.48
PED-00041,2026-09-27,Mouse Wireless,Acessórios,Sudeste,Rio de Janeiro,Eduarda Rocha,E-commerce,Pessoa Física,1,179.58,0,179.58,85.24,94.34
PED-00042,2025-03-16,Webcam HD,Acessórios,Sudeste,Rio de Janeiro,Gabriela Souza,Loja Física,Pessoa Física,3,254.62,0,763.86,390.81,373.05
PED-00043,2025-04-20,Headset Pro,Acessórios,Sudeste,Campinas,Ana Lima,Loja Física,Média Empresa,1,329.83,0,329.83,173.94,155.89
PED-00044,2026-07-27,SSD 1TB,Componentes,Sudeste,Campinas,João Ribeiro,Marketplace,Média Empresa,2,459.56,0.15,781.25,578.82,202.43
PED-00045,2026-05-02,Webcam HD,Acessórios,Sudeste,Rio de Janeiro,Eduarda Rocha,Marketplace,Pessoa Física,2,242.88,0,485.76,252.0,233.76
PED-00046,2025-10-06,Mouse Wireless,Acessórios,Sudeste,São Paulo,Carla Mendes,E-commerce,Pessoa Física,1,178.83,0,178.83,82.26,96.57
PED-00047,2026-04-23,Headset Pro,Acessórios,Sudeste,Campinas,Gabriela Souza,Venda Corporativa,Pequena Empresa,3,336.76,0.15,858.74,516.39,342.35
PED-00048,2025-01-07,Mouse Wireless,Acessórios,Sudeste,Campinas,Gabriela Souza,Loja Física,Pequena Empresa,4,179.75,0.15,611.15,327.72,283.43
PED-00049,2026-05-13,Notebook Pro 14,Tecnologia,Sudeste,Campinas,Carla Mendes,Marketplace,Média Empresa,10,5063.04,0.05,48098.88,37282.3,10816.58
PED-00050,2025-01-28,Notebook Air 13,Tecnologia,Sul,Curitiba,Henrique Dias,E-commerce,Pessoa Física,1,3576.06,0.05,3397.26,2822.67,574.59
PED-00051,2025-10-12,Headset Pro,Acessórios,Sudeste,São Paulo,Henrique Dias,E-commerce,Pessoa Física,10,334.1,0,3341.0,1769.3,1571.7
PED-00052,2025-02-11,Notebook Pro 14,Tecnologia,Centro-Oeste,Brasília,Ana Lima,Loja Física,Pessoa Física,2,5077.04,0,10154.08,7391.64,2762.44
PED-00053,2025-09-20,Mouse Wireless,Acessórios,Sudeste,São Paulo,Carla Mendes,Venda Corporativa,Pessoa Física,1,182.12,0,182.12,85.86,96.26
PED-00054,2026-02-11,Memória 16GB,Componentes,Sudeste,Rio de Janeiro,Bruno Costa,Marketplace,Pessoa Física,3,327.21,0.1,883.47,584.25,299.22
PED-00055,2025-02-12,Mouse Wireless,Acessórios,Sul,Florianópolis,Felipe Martins,E-commerce,Pequena Empresa,1,179.77,0.05,170.78,82.85,87.93
PED-00056,2026-01-06,SSD 500GB,Componentes,Centro-Oeste,Goiânia,Carla Mendes,Loja Física,Pequena Empresa,8,296.68,0,2373.44,1449.2,924.24
PED-00057,2026-05-11,Webcam HD,Acessórios,Sudeste,Belo Horizonte,Felipe Martins,Venda Corporativa,Média Empresa,1,245.78,0.15,208.91,127.58,81.33
PED-00058,2026-09-17,SSD 500GB,Componentes,Sudeste,São Paulo,Henrique Dias,Venda Corporativa,Pessoa Física,1,287.22,0.1,258.5,185.41,73.09
PED-00059,2025-10-10,Dock Station,Acessórios,Sudeste,Rio de Janeiro,Bruno Costa,E-commerce,Pessoa Física,2,550.83,0,1101.66,638.5,463.16
PED-00060,2026-04-04,Notebook Pro 14,Tecnologia,Sudeste,Rio de Janeiro,Gabriela Souza,Marketplace,Pessoa Física,2,4934.1,0.05,9374.79,7371.44,2003.35
PED-00061,2026-07-18,Mouse Wireless,Acessórios,Sudeste,Campinas,Eduarda Rocha,E-commerce,Pessoa Física,3,182.94,0,548.82,257.46,291.36
PED-00062,2025-07-09,Monitor 24,Tecnologia,Sudeste,Campinas,Eduarda Rocha,Marketplace,Grande Empresa,2,878.36,0,1756.72,1172.44,584.28
PED-00063,2025-08-21,Mouse Wireless,Acessórios,Sudeste,São Paulo,Isabela Freitas,E-commerce,Pessoa Física,1,185.46,0,185.46,84.02,101.44
PED-00064,2026-05-18,Notebook Air 13,Tecnologia,Centro-Oeste,Cuiabá,Eduarda Rocha,Loja Física,Pessoa Física,1,3728.11,0,3728.11,2746.43,981.68
PED-00065,2025-03-08,Headset Pro,Acessórios,Sul,Florianópolis,Ana Lima,E-commerce,Média Empresa,6,324.85,0,1949.1,1045.56,903.54
PED-00066,2026-03-03,SSD 1TB,Componentes,Sul,Florianópolis,Diego Alves,Marketplace,Pessoa Física,5,464.14,0,2320.7,1474.65,846.05
PED-00067,2026-08-06,SSD 1TB,Componentes,Sudeste,São Paulo,Diego Alves,Loja Física,Pessoa Física,1,462.97,0,462.97,289.36,173.61
PED-00068,2026-02-23,Webcam HD,Acessórios,Nordeste,Recife,Eduarda Rocha,E-commerce,Pessoa Física,1,242.77,0.15,206.35,125.54,80.81
PED-00069,2025-09-28,SSD 500GB,Componentes,Sul,Curitiba,Gabriela Souza,E-commerce,Pessoa Física,1,283.21,0,283.21,175.18,108.03
PED-00070,2025-11-11,SSD 1TB,Componentes,Nordeste,Fortaleza,Eduarda Rocha,Loja Física,Pessoa Física,1,453.98,0.05,431.28,297.2,134.08
PED-00071,2026-03-25,Notebook Air 13,Tecnologia,Sul,Porto Alegre,Felipe Martins,Loja Física,Pessoa Física,1,3707.82,0.1,3337.04,2767.18,569.86
PED-00072,2025-01-22,SSD 500GB,Componentes,Nordeste,Fortaleza,Ana Lima,Marketplace,Pessoa Física,2,285.96,0.05,543.32,373.72,169.6
PED-00073,2026-03-23,SSD 500GB,Componentes,Nordeste,Salvador,Henrique Dias,E-commerce,Pessoa Física,3,287.0,0.15,731.85,549.24,182.61
PED-00074,2025-10-23,SSD 500GB,Componentes,Centro-Oeste,Cuiabá,Ana Lima,Loja Física,Pessoa Física,1,288.51,0.2,230.81,180.85,49.96
PED-00075,2025-01-02,SSD 500GB,Componentes,Centro-Oeste,Goiânia,Gabriela Souza,E-commerce,Pessoa Física,2,289.27,0.05,549.61,350.16,199.45
PED-00076,2025-10-01,Dock Station,Acessórios,Sudeste,Belo Horizonte,Henrique Dias,Venda Corporativa,Pessoa Física,1,563.25,0.1,506.93,319.2,187.73
PED-00077,2025-11-15,Dock Station,Acessórios,Sudeste,Campinas,Bruno Costa,E-commerce,Média Empresa,1,557.42,0.15,473.81,307.14,166.67
PED-00078,2025-10-26,Dock Station,Acessórios,Nordeste,Recife,Henrique Dias,Venda Corporativa,Pessoa Física,2,567.96,0.05,1079.12,629.66,449.46
PED-00079,2025-05-20,Notebook Air 13,Tecnologia,Sudeste,Campinas,Felipe Martins,Venda Corporativa,Pessoa Física,4,3566.25,0,14265.0,11068.56,3196.44
PED-00080,2026-05-17,Monitor 27,Tecnologia,Sudeste,Campinas,Felipe Martins,E-commerce,Pequena Empresa,1,1545.28,0.15,1313.49,1027.68,285.81
PED-00081,2025-09-02,SSD 1TB,Componentes,Sudeste,Campinas,Ana Lima,E-commerce,Pessoa Física,6,476.99,0.05,2718.84,1814.16,904.68
PED-00082,2025-06-05,Webcam HD,Acessórios,Centro-Oeste,Brasília,Isabela Freitas,Venda Corporativa,Pessoa Física,1,243.27,0.15,206.78,131.51,75.27
PED-00083,2025-01-16,Memória 16GB,Componentes,Sudeste,Rio de Janeiro,Bruno Costa,Loja Física,Grande Empresa,1,323.94,0.1,291.55,198.57,92.98
PED-00084,2026-07-01,Headset Pro,Acessórios,Centro-Oeste,Cuiabá,Henrique Dias,Venda Corporativa,Pessoa Física,1,340.34,0.1,306.31,179.52,126.79
PED-00085,2025-04-03,Headset Pro,Acessórios,Centro-Oeste,Cuiabá,Bruno Costa,Loja Física,Pequena Empresa,5,337.47,0,1687.35,855.45,831.9
PED-00086,2026-01-19,Headset Pro,Acessórios,Sudeste,Campinas,João Ribeiro,Marketplace,Pessoa Física,1,327.94,0.05,311.54,175.76,135.78
PED-00087,2026-05-25,SSD 1TB,Componentes,Sudeste,Campinas,Eduarda Rocha,Loja Física,Pequena Empresa,5,454.47,0.05,2158.73,1486.65,672.08
PED-00088,2025-03-17,Webcam HD,Acessórios,Centro-Oeste,Cuiabá,Eduarda Rocha,Loja Física,Pessoa Física,1,245.0,0.15,208.25,126.87,81.38
PED-00089,2026-05-10,Notebook Air 13,Tecnologia,Sudeste,Belo Horizonte,João Ribeiro,E-commerce,Pequena Empresa,1,3590.75,0.15,3052.14,2657.34,394.8
PED-00090,2025-02-20,SSD 1TB,Componentes,Nordeste,Recife,Diego Alves,Loja Física,Pessoa Física,3,467.01,0.05,1330.98,902.7,428.28
PED-00091,2025-05-21,SSD 500GB,Componentes,Sudeste,São Paulo,Eduarda Rocha,Marketplace,Pessoa Física,1,298.73,0,298.73,178.51,120.22
PED-00092,2026-03-02,Monitor 27,Tecnologia,Sudeste,Belo Horizonte,Isabela Freitas,Loja Física,Pessoa Física,1,1553.1,0.15,1320.13,1026.76,293.37
PED-00093,2025-10-30,Memória 16GB,Componentes,Centro-Oeste,Brasília,Henrique Dias,Venda Corporativa,Pessoa Física,8,325.6,0.15,2214.08,1602.24,611.84
PED-00094,2026-07-25,Mouse Wireless,Acessórios,Sudeste,Campinas,Ana Lima,E-commerce,Pessoa Física,1,176.91,0.1,159.22,82.55,76.67
PED-00095,2026-01-16,Notebook Air 13,Tecnologia,Sul,Porto Alegre,Ana Lima,Loja Física,Grande Empresa,1,3654.19,0.05,3471.48,2776.34,695.14
PED-00096,2026-04-21,Memória 16GB,Componentes,Sudeste,Campinas,Bruno Costa,E-commerce,Grande Empresa,1,311.6,0.05,296.02,199.04,96.98
PED-00097,2025-05-19,Headset Pro,Acessórios,Sudeste,Campinas,João Ribeiro,Marketplace,Pessoa Física,2,330.4,0,660.8,344.94,315.86
PED-00098,2025-10-14,Notebook Pro 14,Tecnologia,Nordeste,Salvador,Henrique Dias,Loja Física,Pessoa Física,1,4878.0,0.2,3902.4,3807.38,95.02
PED-00099,2026-01-03,Notebook Pro 14,Tecnologia,Sudeste,Rio de Janeiro,Bruno Costa,Venda Corporativa,Média Empresa,1,4971.33,0,4971.33,3825.11,1146.22
PED-00100,2025-02-21,Mouse Wireless,Acessórios,Sudeste,Rio de Janeiro,João Ribeiro,E-commerce,Média Empresa,2,183.82,0.05,349.26,163.4,185.86
PED-00101,2025-06-01,SSD 1TB,Componentes,Sudeste,Rio de Janeiro,Carla Mendes,Loja Física,Pequena Empresa,1,449.46,0.15,382.04,293.48,88.56
PED-00102,2025-09-01,SSD 1TB,Componentes,Sudeste,Rio de Janeiro,Eduarda Rocha,E-commerce,Pequena Empresa,2,460.53,0.1,828.95,604.12,224.83
PED-00103,2026-06-10,SSD 1TB,Componentes,Sudeste,Rio de Janeiro,João Ribeiro,E-commerce,Pequena Empresa,5,459.95,0.05,2184.76,1529.3,655.46
PED-00104,2025-03-04,Webcam HD,Acessórios,Nordeste,Recife,Bruno Costa,Loja Física,Média Empresa,1,252.13,0,252.13,124.06,128.07
PED-00105,2025-10-09,SSD 1TB,Componentes,Sul,Florianópolis,Felipe Martins,E-commerce,Pequena Empresa,1,459.05,0.05,436.1,302.37,133.73
PED-00106,2025-04-28,SSD 500GB,Componentes,Sul,Florianópolis,Diego Alves,Loja Física,Média Empresa,2,288.4,0.1,519.12,367.06,152.06
PED-00107,2025-11-17,Headset Pro,Acessórios,Sudeste,Belo Horizonte,Felipe Martins,Venda Corporativa,Pequena Empresa,2,321.1,0,642.2,345.5,296.7
PED-00108,2026-01-17,Monitor 27,Tecnologia,Sul,Florianópolis,Isabela Freitas,Loja Física,Pequena Empresa,2,1552.78,0.15,2639.73,1978.82,660.91
PED-00109,2025-02-22,Teclado Mecânico,Acessórios,Sul,Porto Alegre,Bruno Costa,Loja Física,Pessoa Física,3,390.05,0,1170.15,670.26,499.89
PED-00110,2026-01-12,Notebook Air 13,Tecnologia,Nordeste,Fortaleza,Diego Alves,Marketplace,Média Empresa,8,3645.61,0.1,26248.39,22221.76,4026.63
PED-00111,2025-01-27,SSD 1TB,Componentes,Centro-Oeste,Cuiabá,Eduarda Rocha,E-commerce,Pessoa Física,3,456.51,0.15,1164.1,869.61,294.49
PED-00112,2025-05-27,SSD 1TB,Componentes,Sul,Curitiba,Carla Mendes,Marketplace,Grande Empresa,1,457.32,0.05,434.45,295.43,139.02
PED-00113,2025-06-11,Mouse Wireless,Acessórios,Sudeste,Belo Horizonte,João Ribeiro,Loja Física,Média Empresa,1,174.25,0.1,156.83,80.83,76.0
PED-00114,2026-03-30,SSD 500GB,Componentes,Sudeste,Campinas,Gabriela Souza,E-commerce,Pequena Empresa,1,286.06,0.05,271.76,182.89,88.87
PED-00115,2026-05-14,Dock Station,Acessórios,Sul,Curitiba,Diego Alves,E-commerce,Pequena Empresa,1,540.65,0,540.65,306.78,233.87
PED-00116,2025-09-19,Teclado Mecânico,Acessórios,Sudeste,São Paulo,Henrique Dias,Marketplace,Pessoa Física,2,401.0,0.1,721.8,446.48,275.32
PED-00117,2025-12-29,Notebook Air 13,Tecnologia,Sudeste,São Paulo,Gabriela Souza,E-commerce,Média Empresa,5,3635.49,0.05,17268.58,13951.95,3316.63
PED-00118,2026-03-04,Teclado Mecânico,Acessórios,Sudeste,São Paulo,Felipe Martins,E-commerce,Grande Empresa,2,397.14,0.1,714.85,434.54,280.31
PED-00119,2025-04-19,Monitor 24,Tecnologia,Sudeste,Campinas,Isabela Freitas,E-commerce,Média Empresa,3,921.06,0,2763.18,1744.05,1019.13
PED-00120,2025-04-27,Dock Station,Acessórios,Sul,Porto Alegre,Felipe Martins,Marketplace,Média Empresa,4,538.16,0,2152.64,1232.32,920.32
PED-00121,2026-09-09,Monitor 27,Tecnologia,Nordeste,Fortaleza,Bruno Costa,E-commerce,Pequena Empresa,2,1533.76,0.1,2760.77,1982.38,778.39
PED-00122,2026-08-02,SSD 500GB,Componentes,Sul,Florianópolis,Felipe Martins,Venda Corporativa,Pequena Empresa,1,289.28,0,289.28,178.21,111.07
PED-00123,2025-10-09,SSD 1TB,Componentes,Sudeste,São Paulo,Eduarda Rocha,Loja Física,Pessoa Física,1,465.94,0,465.94,306.14,159.8
PED-00124,2025-04-03,SSD 1TB,Componentes,Sul,Porto Alegre,Henrique Dias,Loja Física,Grande Empresa,3,474.44,0,1423.32,893.52,529.8
PED-00125,2025-07-12,Mouse Wireless,Acessórios,Sul,Florianópolis,Carla Mendes,Venda Corporativa,Pessoa Física,4,185.94,0.15,632.2,323.36,308.84
PED-00126,2025-06-26,Notebook Pro 14,Tecnologia,Sudeste,Campinas,Henrique Dias,Loja Física,Pequena Empresa,1,4884.89,0.15,4152.16,3774.88,377.28
PED-00127,2026-09-05,Notebook Pro 14,Tecnologia,Nordeste,Fortaleza,Felipe Martins,E-commerce,Pessoa Física,3,5000.22,0,15000.66,11234.25,3766.41
PED-00128,2026-09-10,Monitor 27,Tecnologia,Sudeste,Rio de Janeiro,Felipe Martins,E-commerce,Pequena Empresa,3,1528.41,0,4585.23,2898.63,1686.6
PED-00129,2026-07-27,Headset Pro,Acessórios,Sul,Porto Alegre,Carla Mendes,Marketplace,Média Empresa,3,331.25,0.1,894.38,525.93,368.45
PED-00130,2026-03-10,Dock Station,Acessórios,Sudeste,Belo Horizonte,Eduarda Rocha,E-commerce,Pessoa Física,6,541.24,0.05,3085.07,1840.74,1244.33
PED-00131,2025-03-21,Teclado Mecânico,Acessórios,Nordeste,Salvador,Isabela Freitas,Marketplace,Média Empresa,5,396.44,0,1982.2,1111.15,871.05
PED-00132,2025-05-15,SSD 1TB,Componentes,Sudeste,Rio de Janeiro,Carla Mendes,Marketplace,Pequena Empresa,4,459.29,0,1837.16,1178.24,658.92
PED-00133,2025-09-01,Webcam HD,Acessórios,Sul,Florianópolis,Henrique Dias,E-commerce,Pessoa Física,8,257.29,0.1,1852.49,1001.52,850.97
PED-00134,2026-08-08,Webcam HD,Acessórios,Sudeste,Belo Horizonte,Gabriela Souza,Loja Física,Pessoa Física,1,252.07,0,252.07,131.18,120.89
PED-00135,2025-02-23,SSD 500GB,Componentes,Sul,Porto Alegre,Isabela Freitas,Venda Corporativa,Pequena Empresa,2,282.03,0,564.06,352.88,211.18
PED-00136,2026-04-06,Dock Station,Acessórios,Sudeste,Campinas,Bruno Costa,Venda Corporativa,Pessoa Física,2,533.55,0,1067.1,609.92,457.18
PED-00137,2026-05-30,Mouse Wireless,Acessórios,Sudeste,São Paulo,Felipe Martins,E-commerce,Pessoa Física,1,177.83,0.1,160.05,81.2,78.85
PED-00138,2025-02-09,Teclado Mecânico,Acessórios,Centro-Oeste,Goiânia,Carla Mendes,Marketplace,Pessoa Física,2,387.56,0.15,658.85,427.9,230.95
PED-00139,2025-06-03,Dock Station,Acessórios,Centro-Oeste,Cuiabá,Isabela Freitas,Loja Física,Pequena Empresa,1,541.69,0,541.69,317.67,224.02
PED-00140,2026-09-30,Webcam HD,Acessórios,Sudeste,Campinas,João Ribeiro,Loja Física,Pequena Empresa,2,246.61,0.1,443.9,246.98,196.92
PED-00141,2025-12-28,Monitor 24,Tecnologia,Sul,Curitiba,Bruno Costa,Loja Física,Pessoa Física,8,921.52,0.05,7003.55,4793.28,2210.27
PED-00142,2025-01-21,Headset Pro,Acessórios,Centro-Oeste,Brasília,Gabriela Souza,Venda Corporativa,Pessoa Física,1,327.07,0.1,294.36,176.35,118.01
PED-00143,2025-04-17,SSD 1TB,Componentes,Nordeste,Recife,Carla Mendes,E-commerce,Pessoa Física,4,470.26,0,1881.04,1182.64,698.4
PED-00144,2026-05-06,SSD 500GB,Componentes,Sudeste,Rio de Janeiro,Bruno Costa,Marketplace,Grande Empresa,1,296.33,0,296.33,185.48,110.85
PED-00145,2025-11-20,Teclado Mecânico,Acessórios,Sul,Florianópolis,Henrique Dias,E-commerce,Pequena Empresa,1,408.84,0,408.84,223.73,185.11
PED-00146,2025-12-06,Teclado Mecânico,Acessórios,Sudeste,Belo Horizonte,Gabriela Souza,Venda Corporativa,Pequena Empresa,5,414.23,0.05,1967.59,1090.85,876.74
PED-00147,2026-05-25,Mouse Wireless,Acessórios,Centro-Oeste,Cuiabá,Eduarda Rocha,Marketplace,Pequena Empresa,1,183.93,0.05,174.73,83.49,91.24
PED-00148,2025-11-25,Notebook Air 13,Tecnologia,Sudeste,Belo Horizonte,Eduarda Rocha,Loja Física,Pequena Empresa,1,3603.68,0.05,3423.5,2793.68,629.82
PED-00149,2025-12-28,SSD 1TB,Componentes,Centro-Oeste,Goiânia,Ana Lima,E-commerce,Pequena Empresa,1,467.06,0.1,420.35,305.64,114.71
PED-00150,2025-05-27,SSD 1TB,Componentes,Sul,Porto Alegre,Ana Lima,E-commerce,Pessoa Física,3,475.74,0,1427.22,860.46,566.76
PED-00151,2025-06-07,SSD 500GB,Componentes,Sudeste,Belo Horizonte,Felipe Martins,Loja Física,Pessoa Física,1,286.69,0,286.69,177.91,108.78
PED-00152,2025-04-27,Notebook Pro 14,Tecnologia,Nordeste,Recife,Isabela Freitas,E-commerce,Pessoa Física,1,4905.07,0,4905.07,3831.57,1073.5
PED-00153,2025-10-20,Memória 16GB,Componentes,Centro-Oeste,Goiânia,Diego Alves,E-commerce,Média Empresa,2,319.37,0.15,542.93,376.7,166.23
PED-00154,2025-11-24,SSD 500GB,Componentes,Sudeste,São Paulo,Isabela Freitas,Loja Física,Média Empresa,5,299.09,0.1,1345.9,911.95,433.95
PED-00155,2026-01-06,Dock Station,Acessórios,Sudeste,Rio de Janeiro,Carla Mendes,E-commerce,Pessoa Física,1,550.49,0.05,522.97,325.13,197.84
PED-00156,2025-05-13,SSD 1TB,Componentes,Centro-Oeste,Brasília,Eduarda Rocha,E-commerce,Pequena Empresa,2,458.39,0.05,870.94,595.82,275.12
PED-00157,2025-05-09,Mouse Wireless,Acessórios,Sul,Porto Alegre,Henrique Dias,Marketplace,Pessoa Física,5,181.65,0.1,817.43,407.0,410.43
PED-00158,2025-05-13,Headset Pro,Acessórios,Sul,Curitiba,Bruno Costa,Loja Física,Pessoa Física,1,324.32,0.15,275.67,178.92,96.75
PED-00159,2026-06-16,Teclado Mecânico,Acessórios,Nordeste,Recife,Diego Alves,Loja Física,Pessoa Física,1,401.93,0,401.93,218.26,183.67
PED-00160,2025-06-22,SSD 1TB,Componentes,Centro-Oeste,Brasília,Carla Mendes,Marketplace,Pequena Empresa,2,463.34,0.15,787.68,606.06,181.62
PED-00161,2025-01-30,Notebook Air 13,Tecnologia,Sudeste,Belo Horizonte,Diego Alves,Marketplace,Pessoa Física,3,3649.03,0.05,10399.74,8132.25,2267.49
PED-00162,2025-11-06,Webcam HD,Acessórios,Sudeste,Campinas,Eduarda Rocha,Loja Física,Pequena Empresa,1,249.63,0.05,237.15,126.48,110.67
PED-00163,2025-05-28,Mouse Wireless,Acessórios,Centro-Oeste,Goiânia,Felipe Martins,Venda Corporativa,Pessoa Física,1,177.63,0.05,168.75,83.04,85.71
PED-00164,2025-10-01,Webcam HD,Acessórios,Sudeste,São Paulo,Ana Lima,E-commerce,Pessoa Física,2,256.61,0,513.22,249.78,263.44
PED-00165,2025-12-02,SSD 1TB,Componentes,Nordeste,Salvador,Carla Mendes,Loja Física,Pessoa Física,2,445.97,0,891.94,610.96,280.98
PED-00166,2026-06-02,Webcam HD,Acessórios,Centro-Oeste,Brasília,João Ribeiro,E-commerce,Pessoa Física,2,252.93,0.15,429.98,255.26,174.72
PED-00167,2026-07-04,Notebook Pro 14,Tecnologia,Nordeste,Recife,Carla Mendes,Venda Corporativa,Pequena Empresa,3,4889.4,0,14668.2,11168.13,3500.07
PED-00168,2025-07-19,Mouse Wireless,Acessórios,Sul,Curitiba,Gabriela Souza,Loja Física,Pequena Empresa,1,182.16,0.2,145.73,81.04,64.69
PED-00169,2025-04-10,Headset Pro,Acessórios,Sudeste,Belo Horizonte,Isabela Freitas,Venda Corporativa,Pequena Empresa,1,330.65,0.05,314.12,168.12,146.0
PED-00170,2025-05-21,Memória 16GB,Componentes,Sudeste,Campinas,Isabela Freitas,Loja Física,Pequena Empresa,2,323.12,0,646.24,378.7,267.54
PED-00171,2026-09-24,Memória 16GB,Componentes,Nordeste,Fortaleza,Felipe Martins,Loja Física,Pessoa Física,2,320.03,0.05,608.06,374.8,233.26
PED-00172,2025-12-06,SSD 500GB,Componentes,Sudeste,Campinas,João Ribeiro,E-commerce,Média Empresa,5,292.41,0.05,1388.95,888.75,500.2
PED-00173,2026-08-16,SSD 1TB,Componentes,Sudeste,São Paulo,João Ribeiro,Loja Física,Pessoa Física,3,457.45,0.1,1235.12,908.85,326.27
PED-00174,2025-09-06,Notebook Pro 14,Tecnologia,Sul,Florianópolis,Bruno Costa,E-commerce,Pessoa Física,2,4821.95,0.05,9161.7,7410.42,1751.28
PED-00175,2026-09-19,Webcam HD,Acessórios,Centro-Oeste,Cuiabá,Ana Lima,Marketplace,Pessoa Física,2,249.87,0.2,399.79,253.6,146.19
PED-00176,2025-06-27,Webcam HD,Acessórios,Centro-Oeste,Goiânia,Isabela Freitas,E-commerce,Pequena Empresa,3,253.61,0.1,684.75,386.58,298.17
PED-00177,2025-07-16,Monitor 24,Tecnologia,Sudeste,Belo Horizonte,Diego Alves,Venda Corporativa,Grande Empresa,4,915.47,0.1,3295.69,2393.6,902.09
PED-00178,2026-05-07,Mouse Wireless,Acessórios,Sul,Florianópolis,Eduarda Rocha,E-commerce,Pessoa Física,2,178.57,0.15,303.57,164.68,138.89
PED-00179,2025-05-30,Teclado Mecânico,Acessórios,Sudeste,São Paulo,Felipe Martins,Venda Corporativa,Pequena Empresa,3,410.15,0,1230.45,644.34,586.11
PED-00180,2026-07-30,Memória 16GB,Componentes,Sudeste,São Paulo,João Ribeiro,Marketplace,Pessoa Física,1,314.47,0.15,267.3,190.29,77.01
PED-00181,2025-04-13,Headset Pro,Acessórios,Sudeste,Campinas,Bruno Costa,Marketplace,Pessoa Física,8,322.77,0.2,2065.73,1403.2,662.53
PED-00182,2026-05-03,Webcam HD,Acessórios,Sul,Porto Alegre,Felipe Martins,E-commerce,Pessoa Física,3,245.58,0.1,663.07,390.0,273.07
PED-00183,2025-02-08,Monitor 27,Tecnologia,Sudeste,Rio de Janeiro,Ana Lima,Venda Corporativa,Pessoa Física,2,1554.99,0.15,2643.48,2047.86,595.62
PED-00184,2025-02-08,Notebook Pro 14,Tecnologia,Sudeste,São Paulo,Felipe Martins,E-commerce,Grande Empresa,2,5073.89,0.05,9640.39,7588.9,2051.49
PED-00185,2026-04-25,Teclado Mecânico,Acessórios,Sudeste,São Paulo,Felipe Martins,E-commerce,Pessoa Física,1,407.6,0,407.6,222.6,185.0
PED-00186,2026-08-05,SSD 500GB,Componentes,Nordeste,Salvador,João Ribeiro,Venda Corporativa,Média Empresa,4,282.08,0.05,1071.9,731.12,340.78
PED-00187,2025-07-09,Monitor 27,Tecnologia,Sudeste,Rio de Janeiro,Ana Lima,E-commerce,Pessoa Física,3,1485.71,0.2,3565.7,3029.97,535.73
PED-00188,2025-01-12,Teclado Mecânico,Acessórios,Sul,Florianópolis,Diego Alves,E-commerce,Pessoa Física,1,401.07,0.05,381.02,224.17,156.85
PED-00189,2025-11-15,Memória 16GB,Componentes,Sudeste,Belo Horizonte,Felipe Martins,Loja Física,Pessoa Física,1,326.13,0,326.13,195.28,130.85
PED-00190,2026-03-02,Memória 16GB,Componentes,Sul,Porto Alegre,Isabela Freitas,Marketplace,Média Empresa,3,322.73,0.1,871.37,593.13,278.24
PED-00191,2026-06-23,Webcam HD,Acessórios,Sul,Porto Alegre,Bruno Costa,Venda Corporativa,Pessoa Física,4,245.05,0.15,833.17,512.84,320.33
PED-00192,2025-06-18,Mouse Wireless,Acessórios,Nordeste,Recife,Bruno Costa,Marketplace,Pequena Empresa,2,179.21,0.15,304.66,161.36,143.3
PED-00193,2025-05-16,Dock Station,Acessórios,Sudeste,São Paulo,Isabela Freitas,Loja Física,Média Empresa,3,563.91,0.05,1607.14,959.94,647.2
PED-00194,2026-08-16,Notebook Air 13,Tecnologia,Sudeste,Belo Horizonte,Bruno Costa,Loja Física,Pessoa Física,5,3609.96,0.2,14439.84,13551.3,888.54
PED-00195,2025-07-04,Monitor 27,Tecnologia,Nordeste,Fortaleza,Gabriela Souza,E-commerce,Média Empresa,2,1493.64,0.15,2539.19,1931.82,607.37
PED-00196,2026-07-07,Monitor 27,Tecnologia,Sul,Porto Alegre,Bruno Costa,E-commerce,Pessoa Física,2,1477.4,0.1,2659.32,1921.28,738.04
PED-00197,2025-01-24,Teclado Mecânico,Acessórios,Sudeste,Campinas,Isabela Freitas,E-commerce,Pessoa Física,2,392.29,0,784.58,447.74,336.84
PED-00198,2025-04-26,Notebook Pro 14,Tecnologia,Nordeste,Recife,João Ribeiro,Marketplace,Média Empresa,1,4786.63,0,4786.63,3585.58,1201.05
PED-00199,2026-09-05,SSD 500GB,Componentes,Nordeste,Salvador,Diego Alves,Marketplace,Pessoa Física,1,297.8,0,297.8,175.14,122.66
PED-00200,2026-05-31,Teclado Mecânico,Acessórios,Sudeste,Belo Horizonte,João Ribeiro,Loja Física,Pequena Empresa,1,391.03,0,391.03,220.64,170.39
PED-00201,2025-08-15,Headset Pro,Acessórios,Sudeste,São Paulo,Isabela Freitas,Venda Corporativa,Média Empresa,6,328.97,0.05,1875.13,1041.06,834.07
PED-00202,2025-12-19,SSD 500GB,Componentes,Sul,Florianópolis,Felipe Martins,Marketplace,Pessoa Física,1,291.21,0,291.21,177.44,113.77
PED-00203,2025-08-19,Teclado Mecânico,Acessórios,Nordeste,Salvador,Henrique Dias,Venda Corporativa,Pessoa Física,8,390.78,0.05,2969.93,1714.88,1255.05
PED-00204,2025-07-28,Mouse Wireless,Acessórios,Sul,Porto Alegre,Felipe Martins,E-commerce,Pequena Empresa,1,182.07,0,182.07,83.82,98.25
PED-00205,2025-03-16,Monitor 24,Tecnologia,Nordeste,Fortaleza,Isabela Freitas,E-commerce,Pessoa Física,5,929.23,0,4646.15,2934.75,1711.4
PED-00206,2025-07-14,Memória 16GB,Componentes,Sudeste,Campinas,Diego Alves,Marketplace,Pequena Empresa,2,316.61,0,633.22,381.92,251.3
PED-00207,2026-04-23,Dock Station,Acessórios,Sul,Porto Alegre,Eduarda Rocha,E-commerce,Média Empresa,2,560.29,0.1,1008.52,640.66,367.86
PED-00208,2025-11-24,Monitor 24,Tecnologia,Sudeste,Campinas,Ana Lima,Loja Física,Pessoa Física,1,930.85,0,930.85,602.12,328.73
PED-00209,2026-03-04,Teclado Mecânico,Acessórios,Sudeste,Belo Horizonte,Diego Alves,E-commerce,Média Empresa,2,406.16,0.1,731.09,429.14,301.95
PED-00210,2026-05-16,Memória 16GB,Componentes,Sul,Porto Alegre,Henrique Dias,E-commerce,Pequena Empresa,1,320.33,0.1,288.3,199.44,88.86
PED-00211,2026-07-10,SSD 500GB,Componentes,Centro-Oeste,Cuiabá,Ana Lima,Marketplace,Pessoa Física,4,280.46,0,1121.84,704.6,417.24
PED-00212,2025-08-25,Notebook Air 13,Tecnologia,Nordeste,Salvador,Diego Alves,Loja Física,Pessoa Física,2,3646.35,0.1,6563.43,5494.92,1068.51
PED-00213,2026-05-15,Notebook Pro 14,Tecnologia,Sudeste,Campinas,Ana Lima,E-commerce,Pequena Empresa,2,4924.25,0,9848.5,7510.6,2337.9
PED-00214,2026-03-17,Monitor 27,Tecnologia,Sudeste,São Paulo,Isabela Freitas,E-commerce,Pessoa Física,2,1482.08,0.1,2667.74,1975.26,692.48
PED-00215,2026-01-18,Headset Pro,Acessórios,Sudeste,Rio de Janeiro,Diego Alves,E-commerce,Média Empresa,1,334.1,0.2,267.28,167.96,99.32
PED-00216,2026-02-20,Headset Pro,Acessórios,Sudeste,Campinas,Ana Lima,Loja Física,Pequena Empresa,1,333.98,0.15,283.88,171.55,112.33
PED-00217,2025-04-08,Dock Station,Acessórios,Centro-Oeste,Brasília,Diego Alves,Venda Corporativa,Pequena Empresa,2,568.05,0,1136.1,637.3,498.8
PED-00218,2025-10-15,Dock Station,Acessórios,Sul,Curitiba,Carla Mendes,Venda Corporativa,Pessoa Física,8,561.44,0.05,4266.94,2554.16,1712.78
PED-00219,2026-02-12,Notebook Air 13,Tecnologia,Sudeste,Rio de Janeiro,João Ribeiro,Marketplace,Pessoa Física,5,3681.39,0,18406.95,13411.75,4995.2
PED-00220,2025-03-22,Dock Station,Acessórios,Nordeste,Recife,Ana Lima,E-commerce,Pessoa Física,1,556.12,0.05,528.31,316.72,211.59
PED-00221,2025-12-01,Notebook Pro 14,Tecnologia,Sul,Porto Alegre,Henrique Dias,E-commerce,Pessoa Física,1,4952.94,0,4952.94,3674.11,1278.83
PED-00222,2026-09-26,Teclado Mecânico,Acessórios,Nordeste,Fortaleza,Bruno Costa,E-commerce,Pessoa Física,3,407.69,0.1,1100.76,646.41,454.35
PED-00223,2025-04-20,Notebook Air 13,Tecnologia,Sudeste,Belo Horizonte,Henrique Dias,E-commerce,Pessoa Física,1,3604.11,0,3604.11,2761.03,843.08
PED-00224,2026-02-22,Notebook Air 13,Tecnologia,Sudeste,Belo Horizonte,Isabela Freitas,E-commerce,Pequena Empresa,1,3564.56,0.05,3386.33,2729.37,656.96
PED-00225,2025-03-28,Memória 16GB,Componentes,Centro-Oeste,Brasília,João Ribeiro,Loja Física,Pequena Empresa,1,315.42,0,315.42,189.13,126.29
PED-00226,2025-06-21,Headset Pro,Acessórios,Sudeste,Belo Horizonte,Henrique Dias,Marketplace,Pessoa Física,6,330.55,0.1,1784.97,1049.76,735.21
PED-00227,2026-04-14,Notebook Air 13,Tecnologia,Sudeste,São Paulo,Gabriela Souza,E-commerce,Pequena Empresa,4,3575.36,0,14301.44,11242.0,3059.44
PED-00228,2026-09-01,Monitor 27,Tecnologia,Sudeste,Rio de Janeiro,Henrique Dias,E-commerce,Grande Empresa,8,1526.95,0,12215.6,7952.64,4262.96
PED-00229,2026-08-13,Monitor 24,Tecnologia,Sudeste,Belo Horizonte,Gabriela Souza,E-commerce,Média Empresa,1,883.35,0.2,706.68,609.9,96.78
PED-00230,2025-01-28,Memória 16GB,Componentes,Sudeste,Rio de Janeiro,Henrique Dias,Marketplace,Média Empresa,1,327.18,0.15,278.1,196.18,81.92
PED-00231,2025-05-23,SSD 500GB,Componentes,Sudeste,Belo Horizonte,Carla Mendes,Marketplace,Pequena Empresa,1,290.02,0.2,232.02,179.43,52.59
PED-00232,2026-06-03,Memória 16GB,Componentes,Sudeste,São Paulo,Felipe Martins,Marketplace,Média Empresa,2,311.87,0.15,530.18,381.0,149.18
PED-00233,2025-12-30,Monitor 27,Tecnologia,Sul,Curitiba,João Ribeiro,Venda Corporativa,Pequena Empresa,2,1555.36,0.1,2799.65,1979.86,819.79
PED-00234,2025-01-11,Notebook Air 13,Tecnologia,Sudeste,Rio de Janeiro,Henrique Dias,E-commerce,Pessoa Física,3,3529.01,0.1,9528.33,8535.18,993.15
PED-00235,2026-05-10,Notebook Air 13,Tecnologia,Sudeste,São Paulo,Bruno Costa,Marketplace,Pequena Empresa,1,3688.61,0,3688.61,2754.66,933.95
PED-00236,2025-12-23,Webcam HD,Acessórios,Sudeste,Campinas,Felipe Martins,E-commerce,Pessoa Física,3,247.51,0,742.53,373.32,369.21
PED-00237,2025-06-18,Memória 16GB,Componentes,Sudeste,Rio de Janeiro,Isabela Freitas,E-commerce,Pessoa Física,8,318.47,0,2547.76,1517.2,1030.56
PED-00238,2026-03-19,Headset Pro,Acessórios,Sudeste,Rio de Janeiro,Henrique Dias,Loja Física,Pessoa Física,3,336.46,0,1009.38,531.78,477.6
PED-00239,2025-03-06,SSD 1TB,Componentes,Sudeste,Rio de Janeiro,Felipe Martins,E-commerce,Pessoa Física,1,462.19,0.15,392.86,299.22,93.64
PED-00240,2026-09-04,Headset Pro,Acessórios,Sul,Florianópolis,Bruno Costa,E-commerce,Média Empresa,2,335.39,0.1,603.7,342.28,261.42
PED-00241,2026-09-22,SSD 1TB,Componentes,Sudeste,Rio de Janeiro,Felipe Martins,E-commerce,Pessoa Física,1,461.64,0.1,415.48,294.71,120.77
PED-00242,2025-05-22,SSD 1TB,Componentes,Sudeste,Rio de Janeiro,Henrique Dias,Loja Física,Pequena Empresa,3,463.06,0.2,1111.34,888.51,222.83
PED-00243,2025-05-24,Monitor 27,Tecnologia,Sudeste,Campinas,João Ribeiro,E-commerce,Pessoa Física,1,1539.57,0,1539.57,1026.52,513.05
PED-00244,2026-06-02,SSD 500GB,Componentes,Sul,Florianópolis,Henrique Dias,Loja Física,Média Empresa,2,280.95,0,561.9,367.84,194.06
PED-00245,2025-10-27,Notebook Pro 14,Tecnologia,Sudeste,Belo Horizonte,Carla Mendes,Marketplace,Pessoa Física,4,4927.2,0.05,18723.36,14893.32,3830.04
PED-00246,2025-10-02,Dock Station,Acessórios,Nordeste,Recife,Isabela Freitas,Marketplace,Pessoa Física,3,570.57,0.05,1626.12,918.06,708.06
PED-00247,2025-09-11,Teclado Mecânico,Acessórios,Centro-Oeste,Brasília,Henrique Dias,E-commerce,Média Empresa,1,390.31,0.15,331.76,222.92,108.84
PED-00248,2025-08-03,Memória 16GB,Componentes,Sul,Porto Alegre,João Ribeiro,Loja Física,Pessoa Física,1,314.05,0,314.05,187.97,126.08
PED-00249,2025-12-26,Dock Station,Acessórios,Sudeste,Rio de Janeiro,Felipe Martins,Venda Corporativa,Pessoa Física,2,552.3,0.2,883.68,646.66,237.02
PED-00250,2025-04-08,Monitor 27,Tecnologia,Centro-Oeste,Goiânia,Ana Lima,Venda Corporativa,Média Empresa,1,1480.23,0.15,1258.2,1009.2,249.0
PED-00251,2025-09-11,SSD 500GB,Componentes,Sudeste,Rio de Janeiro,João Ribeiro,Loja Física,Pequena Empresa,1,296.4,0,296.4,184.02,112.38
PED-00252,2026-02-17,Dock Station,Acessórios,Nordeste,Fortaleza,Felipe Martins,Loja Física,Pessoa Física,2,565.09,0.15,960.65,611.64,349.01
PED-00253,2026-04-15,SSD 500GB,Componentes,Sul,Porto Alegre,Bruno Costa,Marketplace,Pessoa Física,8,290.34,0.1,2090.45,1427.68,662.77
PED-00254,2025-10-18,Mouse Wireless,Acessórios,Sul,Curitiba,João Ribeiro,Venda Corporativa,Pequena Empresa,5,174.21,0.1,783.94,419.75,364.19
PED-00255,2026-04-16,Notebook Pro 14,Tecnologia,Sudeste,Rio de Janeiro,Henrique Dias,Loja Física,Grande Empresa,2,5063.89,0.2,8102.22,7604.78,497.44
PED-00256,2025-11-06,Monitor 27,Tecnologia,Centro-Oeste,Goiânia,Bruno Costa,Marketplace,Pessoa Física,1,1471.4,0.15,1250.69,987.59,263.1
PED-00257,2025-11-09,Memória 16GB,Componentes,Nordeste,Salvador,Gabriela Souza,Marketplace,Pequena Empresa,1,312.39,0.05,296.77,190.2,106.57
PED-00258,2026-04-01,Notebook Pro 14,Tecnologia,Sudeste,Belo Horizonte,Bruno Costa,Venda Corporativa,Pessoa Física,1,4883.4,0,4883.4,3763.71,1119.69
PED-00259,2025-04-15,Notebook Air 13,Tecnologia,Sudeste,Belo Horizonte,Carla Mendes,E-commerce,Média Empresa,5,3661.62,0.1,16477.29,13343.9,3133.39
PED-00260,2026-07-31,Notebook Pro 14,Tecnologia,Sul,Curitiba,Henrique Dias,E-commerce,Pessoa Física,3,4963.3,0.15,12656.41,11070.09,1586.32
PED-00261,2025-08-11,Notebook Air 13,Tecnologia,Centro-Oeste,Brasília,Bruno Costa,Loja Física,Pessoa Física,8,3526.26,0,28210.08,21666.72,6543.36
PED-00262,2025-03-28,Monitor 24,Tecnologia,Sul,Florianópolis,João Ribeiro,E-commerce,Grande Empresa,1,927.15,0.15,788.08,586.68,201.4
PED-00263,2026-09-14,Dock Station,Acessórios,Sudeste,Campinas,Eduarda Rocha,Loja Física,Pequena Empresa,4,547.36,0,2189.44,1236.12,953.32
PED-00264,2026-09-01,Notebook Air 13,Tecnologia,Sul,Curitiba,Felipe Martins,Venda Corporativa,Pessoa Física,5,3583.09,0.05,17019.68,13926.75,3092.93
PED-00265,2026-04-28,Notebook Air 13,Tecnologia,Sudeste,São Paulo,Ana Lima,E-commerce,Pessoa Física,1,3618.66,0.1,3256.79,2775.04,481.75
PED-00266,2026-05-29,Headset Pro,Acessórios,Sudeste,Campinas,Bruno Costa,Loja Física,Pessoa Física,1,320.95,0,320.95,178.6,142.35
PED-00267,2025-06-09,Dock Station,Acessórios,Sudeste,São Paulo,Eduarda Rocha,Marketplace,Pequena Empresa,4,535.84,0,2143.36,1252.92,890.44
PED-00268,2026-04-10,SSD 1TB,Componentes,Sul,Porto Alegre,Carla Mendes,E-commerce,Pequena Empresa,3,475.85,0,1427.55,890.55,537.0
PED-00269,2025-09-23,Monitor 27,Tecnologia,Sudeste,Belo Horizonte,Bruno Costa,Marketplace,Pessoa Física,4,1460.73,0,5842.92,4037.08,1805.84
PED-00270,2026-08-14,SSD 500GB,Componentes,Sudeste,Campinas,Isabela Freitas,E-commerce,Pessoa Física,2,285.49,0,570.98,351.44,219.54
PED-00271,2026-08-11,SSD 500GB,Componentes,Nordeste,Salvador,Isabela Freitas,E-commerce,Média Empresa,1,287.69,0,287.69,185.91,101.78
PED-00272,2025-07-03,Notebook Pro 14,Tecnologia,Sul,Florianópolis,Gabriela Souza,E-commerce,Pessoa Física,6,5035.29,0,30211.74,22338.18,7873.56
PED-00273,2025-05-03,Dock Station,Acessórios,Sul,Curitiba,Carla Mendes,E-commerce,Pessoa Física,1,566.23,0.05,537.92,322.59,215.33
PED-00274,2025-11-15,Mouse Wireless,Acessórios,Sudeste,Campinas,Ana Lima,E-commerce,Pessoa Física,4,176.67,0.1,636.01,329.88,306.13
PED-00275,2026-05-21,Monitor 24,Tecnologia,Nordeste,Fortaleza,Diego Alves,E-commerce,Média Empresa,1,912.05,0.05,866.45,606.84,259.61
PED-00276,2025-01-10,Mouse Wireless,Acessórios,Sudeste,Campinas,Eduarda Rocha,E-commerce,Pessoa Física,1,174.38,0.05,165.66,86.08,79.58
PED-00277,2025-10-14,Notebook Air 13,Tecnologia,Sudeste,Rio de Janeiro,Isabela Freitas,Loja Física,Média Empresa,2,3637.34,0.1,6547.21,5503.36,1043.85
PED-00278,2026-02-08,Notebook Air 13,Tecnologia,Sul,Curitiba,Gabriela Souza,Marketplace,Pessoa Física,1,3724.33,0.15,3165.68,2730.34,435.34
PED-00279,2025-12-01,Mouse Wireless,Acessórios,Sudeste,Rio de Janeiro,Bruno Costa,Venda Corporativa,Pessoa Física,4,174.95,0,699.8,331.76,368.04
PED-00280,2025-11-18,Headset Pro,Acessórios,Sudeste,Belo Horizonte,Diego Alves,Loja Física,Pessoa Física,5,337.73,0,1688.65,856.1,832.55
PED-00281,2026-09-10,Notebook Pro 14,Tecnologia,Sudeste,Belo Horizonte,Carla Mendes,E-commerce,Pessoa Física,1,4984.26,0.05,4735.05,3643.47,1091.58
PED-00282,2025-06-28,Notebook Pro 14,Tecnologia,Centro-Oeste,Goiânia,Isabela Freitas,Marketplace,Pessoa Física,2,4799.97,0.1,8639.95,7160.1,1479.85
PED-00283,2025-08-16,Monitor 27,Tecnologia,Sudeste,Campinas,Felipe Martins,Marketplace,Média Empresa,1,1550.3,0.05,1472.78,965.54,507.24
PED-00284,2025-03-08,Monitor 24,Tecnologia,Centro-Oeste,Goiânia,Carla Mendes,E-commerce,Média Empresa,4,931.33,0,3725.32,2321.16,1404.16
PED-00285,2026-08-11,Headset Pro,Acessórios,Nordeste,Recife,Henrique Dias,E-commerce,Pequena Empresa,1,323.44,0,323.44,170.93,152.51
PED-00286,2025-06-02,Notebook Pro 14,Tecnologia,Sul,Florianópolis,Diego Alves,Loja Física,Pessoa Física,5,4782.11,0.05,22715.02,18374.3,4340.72
PED-00287,2026-03-06,Monitor 24,Tecnologia,Sul,Florianópolis,Diego Alves,Loja Física,Média Empresa,4,921.24,0.2,2947.97,2372.12,575.85
PED-00288,2026-07-12,Webcam HD,Acessórios,Sudeste,Belo Horizonte,Gabriela Souza,E-commerce,Pessoa Física,2,255.66,0,511.32,251.92,259.4
PED-00289,2026-04-29,Dock Station,Acessórios,Sudeste,Rio de Janeiro,Carla Mendes,E-commerce,Pequena Empresa,1,567.78,0.1,511.0,305.01,205.99
PED-00290,2025-08-13,SSD 1TB,Componentes,Nordeste,Recife,Felipe Martins,Venda Corporativa,Grande Empresa,1,455.45,0,455.45,301.25,154.2
PED-00291,2026-01-03,SSD 1TB,Componentes,Sudeste,Belo Horizonte,João Ribeiro,Loja Física,Pessoa Física,1,473.56,0.2,378.85,296.22,82.63
PED-00292,2025-11-13,Monitor 27,Tecnologia,Sul,Curitiba,Ana Lima,E-commerce,Pessoa Física,2,1550.34,0,3100.68,1948.44,1152.24
PED-00293,2025-05-14,Mouse Wireless,Acessórios,Nordeste,Recife,Ana Lima,E-commerce,Pequena Empresa,6,184.24,0.1,994.9,511.8,483.1
PED-00294,2025-03-16,Mouse Wireless,Acessórios,Nordeste,Fortaleza,Gabriela Souza,Loja Física,Pessoa Física,1,182.81,0.2,146.25,82.87,63.38
PED-00295,2026-05-14,SSD 500GB,Componentes,Sudeste,Belo Horizonte,Diego Alves,Marketplace,Média Empresa,1,286.29,0.1,257.66,176.65,81.01
PED-00296,2025-01-02,Memória 16GB,Componentes,Centro-Oeste,Goiânia,João Ribeiro,E-commerce,Pequena Empresa,6,314.36,0.2,1508.93,1168.44,340.49
PED-00297,2026-05-24,Monitor 27,Tecnologia,Sudeste,São Paulo,Diego Alves,E-commerce,Pessoa Física,3,1540.25,0.2,3696.6,3019.08,677.52
PED-00298,2025-12-10,Webcam HD,Acessórios,Sudeste,Rio de Janeiro,Diego Alves,Marketplace,Pessoa Física,4,242.37,0.1,872.53,509.4,363.13
PED-00299,2026-03-06,Monitor 27,Tecnologia,Centro-Oeste,Goiânia,Gabriela Souza,E-commerce,Pessoa Física,4,1514.69,0.1,5452.88,4049.68,1403.2
PED-00300,2025-08-19,Monitor 27,Tecnologia,Sudeste,São Paulo,Eduarda Rocha,E-commerce,Pessoa Física,1,1547.2,0,1547.2,971.44,575.76
PED-00301,2025-03-18,Dock Station,Acessórios,Centro-Oeste,Brasília,Felipe Martins,Loja Física,Pequena Empresa,2,568.75,0,1137.5,614.76,522.74
PED-00302,2026-03-21,Monitor 27,Tecnologia,Sudeste,Belo Horizonte,Diego Alves,Venda Corporativa,Pessoa Física,2,1510.71,0.15,2568.21,2011.44,556.77
PED-00303,2025-11-01,Monitor 24,Tecnologia,Sudeste,Campinas,João Ribeiro,Loja Física,Pessoa Física,1,877.54,0,877.54,612.23,265.31
PED-00304,2026-09-07,Webcam HD,Acessórios,Sudeste,São Paulo,Diego Alves,E-commerce,Pessoa Física,1,246.9,0.15,209.87,126.99,82.88
PED-00305,2026-05-16,SSD 500GB,Componentes,Sudeste,Campinas,Carla Mendes,E-commerce,Pessoa Física,1,289.23,0,289.23,177.72,111.51
PED-00306,2025-10-03,SSD 1TB,Componentes,Sudeste,São Paulo,Bruno Costa,Marketplace,Média Empresa,2,452.54,0.1,814.57,574.82,239.75
PED-00307,2026-02-01,Dock Station,Acessórios,Sudeste,Campinas,João Ribeiro,Venda Corporativa,Pessoa Física,1,559.98,0.15,475.98,314.7,161.28
PED-00308,2026-06-14,SSD 1TB,Componentes,Sul,Florianópolis,Carla Mendes,E-commerce,Pequena Empresa,1,476.47,0.2,381.18,302.68,78.5
PED-00309,2025-05-10,Notebook Pro 14,Tecnologia,Sudeste,Campinas,Diego Alves,Venda Corporativa,Pequena Empresa,4,5064.37,0,20257.48,15242.28,5015.2
PED-00310,2025-03-10,Notebook Air 13,Tecnologia,Sudeste,Campinas,Isabela Freitas,E-commerce,Pessoa Física,2,3689.19,0.15,6271.62,5547.98,723.64
PED-00311,2026-06-20,Headset Pro,Acessórios,Sudeste,Rio de Janeiro,Carla Mendes,Loja Física,Pequena Empresa,8,321.56,0,2572.48,1415.28,1157.2
PED-00312,2025-10-20,Dock Station,Acessórios,Centro-Oeste,Goiânia,Eduarda Rocha,E-commerce,Pessoa Física,2,543.11,0,1086.22,613.84,472.38
PED-00313,2026-09-16,SSD 500GB,Componentes,Nordeste,Salvador,Gabriela Souza,Venda Corporativa,Pessoa Física,1,298.96,0.1,269.06,185.62,83.44
PED-00314,2025-01-21,Mouse Wireless,Acessórios,Nordeste,Recife,Eduarda Rocha,E-commerce,Pessoa Física,3,184.52,0,553.56,243.39,310.17
PED-00315,2026-03-30,Mouse Wireless,Acessórios,Sudeste,Campinas,João Ribeiro,Loja Física,Pessoa Física,1,182.91,0.1,164.62,84.72,79.9
PED-00316,2026-01-18,Notebook Pro 14,Tecnologia,Sul,Curitiba,Bruno Costa,E-commerce,Pessoa Física,1,5053.58,0.15,4295.54,3584.4,711.14
PED-00317,2025-07-17,Monitor 24,Tecnologia,Nordeste,Salvador,Ana Lima,Loja Física,Média Empresa,3,923.85,0,2771.55,1797.18,974.37
PED-00318,2025-05-07,SSD 500GB,Componentes,Sudeste,Belo Horizonte,Henrique Dias,Loja Física,Pessoa Física,5,287.41,0.05,1365.2,882.4,482.8
PED-00319,2025-09-22,Memória 16GB,Componentes,Nordeste,Salvador,Eduarda Rocha,E-commerce,Pessoa Física,5,314.22,0.1,1413.99,950.7,463.29
PED-00320,2025-08-19,SSD 500GB,Componentes,Sudeste,Campinas,Isabela Freitas,E-commerce,Pequena Empresa,3,298.77,0,896.31,547.53,348.78
PED-00321,2026-09-08,Notebook Pro 14,Tecnologia,Sudeste,Belo Horizonte,Eduarda Rocha,Loja Física,Pessoa Física,1,4912.07,0,4912.07,3750.02,1162.05
PED-00322,2026-02-11,SSD 1TB,Componentes,Sudeste,Belo Horizonte,Isabela Freitas,Loja Física,Pequena Empresa,1,447.28,0,447.28,306.36,140.92
PED-00323,2025-11-29,Teclado Mecânico,Acessórios,Sudeste,Belo Horizonte,Diego Alves,E-commerce,Pequena Empresa,5,409.44,0.1,1842.48,1098.65,743.83
PED-00324,2025-11-24,SSD 500GB,Componentes,Sudeste,São Paulo,Henrique Dias,Venda Corporativa,Pessoa Física,2,281.04,0.05,533.98,366.52,167.46
PED-00325,2026-08-09,Monitor 24,Tecnologia,Sudeste,Rio de Janeiro,Isabela Freitas,Loja Física,Pessoa Física,6,890.92,0,5345.52,3511.32,1834.2
PED-00326,2026-07-26,Monitor 27,Tecnologia,Sudeste,Campinas,Carla Mendes,Marketplace,Pequena Empresa,2,1553.39,0.15,2640.76,2044.22,596.54
PED-00327,2025-04-02,Monitor 24,Tecnologia,Sudeste,Belo Horizonte,Gabriela Souza,Marketplace,Pessoa Física,1,925.6,0,925.6,597.63,327.97
PED-00328,2026-08-21,SSD 1TB,Componentes,Centro-Oeste,Brasília,Henrique Dias,Venda Corporativa,Pessoa Física,5,454.82,0.05,2160.39,1436.35,724.04
PED-00329,2025-06-04,Monitor 27,Tecnologia,Centro-Oeste,Goiânia,Gabriela Souza,Venda Corporativa,Média Empresa,10,1544.52,0,15445.2,9727.7,5717.5
PED-00330,2025-03-24,Webcam HD,Acessórios,Sudeste,Rio de Janeiro,Felipe Martins,Loja Física,Pessoa Física,1,244.47,0.1,220.02,130.22,89.8
PED-00331,2026-05-17,Notebook Air 13,Tecnologia,Sudeste,Campinas,Gabriela Souza,Loja Física,Grande Empresa,2,3541.27,0,7082.54,5453.16,1629.38
PED-00332,2025-01-15,Mouse Wireless,Acessórios,Nordeste,Fortaleza,Diego Alves,E-commerce,Pessoa Física,3,184.62,0,553.86,246.45,307.41
PED-00333,2025-04-16,Headset Pro,Acessórios,Sul,Porto Alegre,Carla Mendes,E-commerce,Pessoa Física,6,331.11,0.05,1887.33,1043.1,844.23
PED-00334,2026-03-21,SSD 500GB,Componentes,Centro-Oeste,Goiânia,Henrique Dias,E-commerce,Pessoa Física,6,288.49,0.15,1471.3,1063.74,407.56
PED-00335,2025-05-15,Monitor 24,Tecnologia,Nordeste,Fortaleza,Isabela Freitas,E-commerce,Pessoa Física,3,927.19,0,2781.57,1766.28,1015.29
PED-00336,2026-07-02,SSD 1TB,Componentes,Sudeste,São Paulo,Bruno Costa,Marketplace,Pessoa Física,3,457.45,0.05,1303.73,892.05,411.68
PED-00337,2026-05-01,Memória 16GB,Componentes,Sudeste,São Paulo,Eduarda Rocha,Loja Física,Pessoa Física,2,325.08,0.05,617.65,385.56,232.09
PED-00338,2025-04-18,Dock Station,Acessórios,Nordeste,Salvador,Eduarda Rocha,E-commerce,Pessoa Física,1,542.64,0,542.64,315.15,227.49
PED-00339,2025-07-26,Mouse Wireless,Acessórios,Nordeste,Recife,Carla Mendes,E-commerce,Pessoa Física,1,177.77,0.15,151.1,80.38,70.72
PED-00340,2025-04-02,Notebook Air 13,Tecnologia,Nordeste,Fortaleza,Henrique Dias,E-commerce,Pessoa Física,2,3516.55,0.1,6329.79,5408.68,921.11
PED-00341,2025-08-25,Webcam HD,Acessórios,Centro-Oeste,Goiânia,Eduarda Rocha,Loja Física,Pessoa Física,1,246.59,0,246.59,130.55,116.04
PED-00342,2025-11-17,Headset Pro,Acessórios,Nordeste,Salvador,Ana Lima,E-commerce,Pessoa Física,3,339.73,0,1019.19,537.03,482.16
PED-00343,2025-10-02,Memória 16GB,Componentes,Sudeste,Belo Horizonte,Carla Mendes,E-commerce,Pessoa Física,2,324.84,0.15,552.23,387.14,165.09
PED-00344,2026-03-08,SSD 500GB,Componentes,Centro-Oeste,Brasília,Bruno Costa,E-commerce,Pequena Empresa,10,282.43,0.15,2400.66,1857.9,542.76
PED-00345,2026-05-10,SSD 1TB,Componentes,Sul,Curitiba,João Ribeiro,E-commerce,Pessoa Física,1,472.17,0.1,424.95,306.06,118.89
PED-00346,2025-05-14,Webcam HD,Acessórios,Centro-Oeste,Brasília,Gabriela Souza,Loja Física,Pessoa Física,3,256.67,0,770.01,384.33,385.68
PED-00347,2026-08-14,Memória 16GB,Componentes,Sul,Florianópolis,Felipe Martins,Loja Física,Pequena Empresa,2,325.66,0.05,618.75,387.24,231.51
PED-00348,2026-01-30,Monitor 27,Tecnologia,Nordeste,Fortaleza,João Ribeiro,E-commerce,Pequena Empresa,1,1543.42,0.15,1311.91,1020.04,291.87
PED-00349,2025-03-18,Webcam HD,Acessórios,Sudeste,Belo Horizonte,Eduarda Rocha,E-commerce,Pessoa Física,3,245.63,0.05,700.05,382.59,317.46
PED-00350,2026-08-10,Webcam HD,Acessórios,Sudeste,Campinas,Henrique Dias,E-commerce,Grande Empresa,3,248.56,0,745.68,371.4,374.28
PED-00351,2026-07-17,Notebook Pro 14,Tecnologia,Nordeste,Fortaleza,João Ribeiro,Loja Física,Média Empresa,2,4908.48,0.1,8835.26,7328.18,1507.08
PED-00352,2025-02-25,Monitor 24,Tecnologia,Nordeste,Recife,Isabela Freitas,Marketplace,Pequena Empresa,3,900.51,0,2701.53,1746.66,954.87
PED-00353,2025-08-16,Notebook Pro 14,Tecnologia,Sudeste,Belo Horizonte,Isabela Freitas,Loja Física,Pequena Empresa,1,4800.19,0,4800.19,3760.16,1040.03
PED-00354,2026-02-24,Notebook Air 13,Tecnologia,Sudeste,Rio de Janeiro,Diego Alves,E-commerce,Média Empresa,1,3539.04,0.1,3185.14,2719.91,465.23
PED-00355,2026-03-01,Notebook Pro 14,Tecnologia,Centro-Oeste,Cuiabá,João Ribeiro,E-commerce,Média Empresa,2,4924.93,0.05,9357.37,7646.52,1710.85
PED-00356,2025-01-05,Dock Station,Acessórios,Nordeste,Fortaleza,Gabriela Souza,Marketplace,Pessoa Física,2,539.34,0.15,916.88,632.7,284.18
PED-00357,2025-05-12,Notebook Air 13,Tecnologia,Sudeste,Belo Horizonte,Isabela Freitas,Venda Corporativa,Pessoa Física,2,3553.57,0.1,6396.43,5462.56,933.87
PED-00358,2025-12-18,Teclado Mecânico,Acessórios,Sudeste,Rio de Janeiro,Carla Mendes,Loja Física,Pequena Empresa,3,406.62,0,1219.86,670.95,548.91
PED-00359,2026-07-21,SSD 500GB,Componentes,Sudeste,Rio de Janeiro,João Ribeiro,Marketplace,Pequena Empresa,6,294.7,0,1768.2,1119.54,648.66
PED-00360,2025-07-02,Dock Station,Acessórios,Sul,Florianópolis,Felipe Martins,Marketplace,Pequena Empresa,2,568.76,0.05,1080.64,638.42,442.22
PED-00361,2026-07-01,Teclado Mecânico,Acessórios,Centro-Oeste,Goiânia,Ana Lima,Loja Física,Pessoa Física,1,392.61,0.1,353.35,221.99,131.36
PED-00362,2025-06-14,Teclado Mecânico,Acessórios,Nordeste,Salvador,Ana Lima,Marketplace,Pessoa Física,3,409.77,0,1229.31,636.72,592.59
PED-00363,2026-07-30,Monitor 24,Tecnologia,Nordeste,Fortaleza,Gabriela Souza,E-commerce,Pequena Empresa,4,913.85,0,3655.4,2465.84,1189.56
PED-00364,2026-02-01,Headset Pro,Acessórios,Centro-Oeste,Cuiabá,Felipe Martins,Venda Corporativa,Pessoa Física,3,339.14,0,1017.42,533.64,483.78
PED-00365,2026-03-30,Monitor 24,Tecnologia,Centro-Oeste,Cuiabá,Felipe Martins,Marketplace,Pessoa Física,2,932.71,0.1,1678.88,1180.7,498.18
PED-00366,2025-07-01,SSD 500GB,Componentes,Sudeste,Rio de Janeiro,Isabela Freitas,E-commerce,Pessoa Física,1,283.59,0,283.59,184.98,98.61
PED-00367,2025-01-06,Mouse Wireless,Acessórios,Sudeste,Rio de Janeiro,Ana Lima,E-commerce,Pessoa Física,1,181.34,0.15,154.14,84.16,69.98
PED-00368,2026-05-18,SSD 1TB,Componentes,Sul,Curitiba,Felipe Martins,Loja Física,Grande Empresa,2,450.35,0.1,810.63,594.52,216.11
PED-00369,2026-02-18,Notebook Air 13,Tecnologia,Sudeste,Rio de Janeiro,Felipe Martins,E-commerce,Pessoa Física,8,3610.66,0.05,27441.02,22098.32,5342.7
PED-00370,2025-01-10,Notebook Air 13,Tecnologia,Sul,Porto Alegre,Diego Alves,Venda Corporativa,Pequena Empresa,2,3662.99,0.2,5860.78,5433.36,427.42
PED-00371,2025-04-27,Headset Pro,Acessórios,Sudeste,Belo Horizonte,Ana Lima,Venda Corporativa,Média Empresa,1,329.39,0.1,296.45,168.1,128.35
PED-00372,2025-07-17,Mouse Wireless,Acessórios,Sul,Curitiba,Carla Mendes,Venda Corporativa,Pequena Empresa,2,176.27,0.05,334.91,167.94,166.97
PED-00373,2025-08-07,SSD 500GB,Componentes,Sudeste,São Paulo,Diego Alves,Loja Física,Pequena Empresa,8,293.41,0.1,2112.55,1489.2,623.35
PED-00374,2025-06-07,Notebook Pro 14,Tecnologia,Sudeste,Belo Horizonte,Ana Lima,E-commerce,Pessoa Física,4,4949.2,0.05,18806.96,14540.64,4266.32
PED-00375,2025-09-22,Headset Pro,Acessórios,Sudeste,Campinas,Gabriela Souza,E-commerce,Pessoa Física,1,335.72,0,335.72,168.34,167.38
PED-00376,2026-08-23,Notebook Pro 14,Tecnologia,Nordeste,Salvador,Felipe Martins,Venda Corporativa,Pessoa Física,4,4781.7,0,19126.8,15090.12,4036.68
PED-00377,2026-03-25,Headset Pro,Acessórios,Sudeste,São Paulo,Henrique Dias,E-commerce,Pessoa Física,3,338.69,0.1,914.46,513.33,401.13
PED-00378,2025-05-28,Teclado Mecânico,Acessórios,Sul,Florianópolis,Felipe Martins,Venda Corporativa,Pessoa Física,5,388.2,0,1941.0,1096.6,844.4
PED-00379,2026-02-08,Dock Station,Acessórios,Sul,Curitiba,Eduarda Rocha,E-commerce,Pequena Empresa,3,567.33,0,1701.99,966.84,735.15
PED-00380,2025-05-26,Monitor 27,Tecnologia,Sudeste,Belo Horizonte,Diego Alves,E-commerce,Pequena Empresa,2,1532.84,0,3065.68,2056.64,1009.04
PED-00381,2026-07-17,Webcam HD,Acessórios,Sul,Curitiba,Eduarda Rocha,Marketplace,Pessoa Física,1,258.12,0.05,245.21,126.63,118.58
PED-00382,2025-08-29,Notebook Air 13,Tecnologia,Sudeste,São Paulo,Diego Alves,E-commerce,Pessoa Física,2,3638.2,0,7276.4,5526.18,1750.22
PED-00383,2026-01-09,Mouse Wireless,Acessórios,Centro-Oeste,Brasília,Ana Lima,E-commerce,Pequena Empresa,3,177.1,0.1,478.17,247.26,230.91
PED-00384,2025-12-06,Webcam HD,Acessórios,Sudeste,Belo Horizonte,Eduarda Rocha,Loja Física,Pessoa Física,3,246.42,0,739.26,392.31,346.95
PED-00385,2026-07-06,Monitor 24,Tecnologia,Sudeste,São Paulo,Bruno Costa,Venda Corporativa,Média Empresa,3,908.46,0.1,2452.84,1829.91,622.93
PED-00386,2025-08-06,Notebook Pro 14,Tecnologia,Sul,Florianópolis,Isabela Freitas,Loja Física,Pequena Empresa,1,5016.82,0,5016.82,3764.34,1252.48
PED-00387,2025-10-25,Monitor 27,Tecnologia,Sudeste,São Paulo,Gabriela Souza,E-commerce,Pessoa Física,1,1557.06,0.2,1245.65,1007.33,238.32
PED-00388,2026-06-11,Monitor 27,Tecnologia,Sudeste,Rio de Janeiro,João Ribeiro,Venda Corporativa,Pequena Empresa,8,1504.76,0.1,10834.27,7880.08,2954.19
PED-00389,2025-08-13,Webcam HD,Acessórios,Sudeste,Belo Horizonte,Felipe Martins,E-commerce,Pequena Empresa,2,248.29,0.1,446.92,263.16,183.76
PED-00390,2025-02-17,Notebook Pro 14,Tecnologia,Centro-Oeste,Goiânia,Bruno Costa,Marketplace,Pessoa Física,4,4842.33,0.15,16463.92,14864.32,1599.6
PED-00391,2025-06-28,Headset Pro,Acessórios,Sul,Porto Alegre,João Ribeiro,Marketplace,Média Empresa,2,340.02,0,680.04,347.52,332.52
PED-00392,2025-12-28,Mouse Wireless,Acessórios,Sul,Porto Alegre,João Ribeiro,E-commerce,Média Empresa,2,180.08,0,360.16,163.94,196.22
PED-00393,2025-06-03,Monitor 27,Tecnologia,Sudeste,São Paulo,Diego Alves,Loja Física,Pessoa Física,1,1504.29,0.1,1353.86,1000.93,352.93
PED-00394,2026-02-25,Notebook Pro 14,Tecnologia,Sudeste,Rio de Janeiro,João Ribeiro,Loja Física,Pessoa Física,2,4802.39,0.15,8164.06,7239.0,925.06
PED-00395,2025-07-04,Dock Station,Acessórios,Centro-Oeste,Cuiabá,João Ribeiro,Loja Física,Média Empresa,3,568.93,0.1,1536.11,925.5,610.61
PED-00396,2026-09-14,Webcam HD,Acessórios,Centro-Oeste,Brasília,Diego Alves,Marketplace,Pequena Empresa,4,244.7,0.1,880.92,517.2,363.72
PED-00397,2025-09-28,Monitor 27,Tecnologia,Nordeste,Recife,Henrique Dias,Loja Física,Pessoa Física,1,1455.77,0,1455.77,996.26,459.51
PED-00398,2026-06-01,SSD 500GB,Componentes,Sudeste,Rio de Janeiro,João Ribeiro,E-commerce,Pessoa Física,2,296.19,0,592.38,361.42,230.96
PED-00399,2025-05-01,Notebook Air 13,Tecnologia,Sul,Curitiba,João Ribeiro,Loja Física,Pessoa Física,6,3599.74,0.1,19438.6,16413.6,3025.0
PED-00400,2025-02-14,Memória 16GB,Componentes,Sul,Curitiba,Henrique Dias,Marketplace,Pessoa Física,2,326.44,0.1,587.59,392.98,194.61
PED-00401,2025-04-11,Headset Pro,Acessórios,Sudeste,Campinas,Diego Alves,Venda Corporativa,Pessoa Física,2,325.07,0.05,617.63,335.3,282.33
PED-00402,2025-01-08,SSD 1TB,Componentes,Sul,Florianópolis,Ana Lima,E-commerce,Pessoa Física,4,448.65,0.05,1704.87,1179.48,525.39
PED-00403,2026-08-23,Teclado Mecânico,Acessórios,Sudeste,Campinas,João Ribeiro,E-commerce,Pessoa Física,3,398.57,0.1,1076.14,667.5,408.64
PED-00404,2026-05-10,Monitor 27,Tecnologia,Sudeste,Campinas,Eduarda Rocha,Venda Corporativa,Pessoa Física,4,1468.52,0.05,5580.38,4078.64,1501.74
PED-00405,2025-05-02,Memória 16GB,Componentes,Sudeste,Rio de Janeiro,Bruno Costa,E-commerce,Pessoa Física,1,325.0,0.05,308.75,196.63,112.12
PED-00406,2025-06-14,Headset Pro,Acessórios,Centro-Oeste,Brasília,Bruno Costa,Marketplace,Pessoa Física,2,325.19,0,650.38,344.04,306.34
PED-00407,2026-09-16,Notebook Pro 14,Tecnologia,Nordeste,Recife,João Ribeiro,Marketplace,Pessoa Física,8,5017.32,0,40138.56,28974.24,11164.32
PED-00408,2026-05-22,Webcam HD,Acessórios,Sudeste,Belo Horizonte,Diego Alves,E-commerce,Pequena Empresa,2,244.48,0,488.96,247.6,241.36
PED-00409,2025-09-02,SSD 500GB,Componentes,Sudeste,Rio de Janeiro,Bruno Costa,Venda Corporativa,Pequena Empresa,1,292.19,0.05,277.58,180.89,96.69
PED-00410,2025-03-12,Notebook Air 13,Tecnologia,Sul,Florianópolis,Isabela Freitas,Venda Corporativa,Pessoa Física,8,3643.79,0,29150.32,21541.6,7608.72
PED-00411,2026-02-18,SSD 1TB,Componentes,Sudeste,Rio de Janeiro,Gabriela Souza,Loja Física,Pessoa Física,2,448.99,0,897.98,593.3,304.68
PED-00412,2025-09-21,Dock Station,Acessórios,Nordeste,Fortaleza,Eduarda Rocha,Marketplace,Grande Empresa,2,561.64,0.1,1010.95,649.32,361.63
PED-00413,2026-04-15,SSD 500GB,Componentes,Sudeste,São Paulo,Henrique Dias,E-commerce,Pessoa Física,3,294.02,0.2,705.65,531.9,173.75
PED-00414,2025-11-20,Headset Pro,Acessórios,Centro-Oeste,Cuiabá,Isabela Freitas,E-commerce,Média Empresa,1,334.65,0,334.65,177.41,157.24
PED-00415,2025-03-19,Dock Station,Acessórios,Centro-Oeste,Goiânia,Felipe Martins,E-commerce,Média Empresa,1,558.78,0.15,474.96,323.55,151.41
PED-00416,2026-05-26,Memória 16GB,Componentes,Sudeste,Rio de Janeiro,Eduarda Rocha,E-commerce,Pessoa Física,1,312.91,0.05,297.26,188.61,108.65
PED-00417,2025-03-22,SSD 500GB,Componentes,Centro-Oeste,Goiânia,João Ribeiro,E-commerce,Média Empresa,8,287.84,0.15,1957.31,1426.96,530.35
PED-00418,2026-08-12,Teclado Mecânico,Acessórios,Sul,Florianópolis,Eduarda Rocha,E-commerce,Pequena Empresa,1,398.85,0.05,378.91,224.84,154.07
PED-00419,2025-02-03,Dock Station,Acessórios,Sudeste,Rio de Janeiro,Henrique Dias,Venda Corporativa,Pequena Empresa,2,532.98,0.1,959.36,616.74,342.62
PED-00420,2026-08-18,Notebook Air 13,Tecnologia,Sudeste,Belo Horizonte,Carla Mendes,Loja Física,Pessoa Física,2,3583.22,0.05,6808.12,5500.84,1307.28
PED-00421,2025-08-04,Headset Pro,Acessórios,Nordeste,Recife,Felipe Martins,Venda Corporativa,Pessoa Física,1,332.39,0,332.39,170.32,162.07
PED-00422,2025-04-13,Memória 16GB,Componentes,Sudeste,Rio de Janeiro,Isabela Freitas,Loja Física,Pessoa Física,1,312.77,0.2,250.22,197.95,52.27
PED-00423,2025-06-30,Headset Pro,Acessórios,Sul,Florianópolis,Isabela Freitas,Loja Física,Pessoa Física,2,338.9,0,677.8,336.3,341.5
PED-00424,2025-04-12,Memória 16GB,Componentes,Sudeste,Rio de Janeiro,Eduarda Rocha,Loja Física,Pequena Empresa,2,317.49,0,634.98,389.34,245.64
PED-00425,2025-09-21,Mouse Wireless,Acessórios,Sudeste,São Paulo,Felipe Martins,Venda Corporativa,Grande Empresa,1,181.76,0.05,172.67,81.36,91.31
PED-00426,2025-10-19,Mouse Wireless,Acessórios,Sudeste,Campinas,Henrique Dias,Venda Corporativa,Pessoa Física,1,175.44,0.1,157.9,81.32,76.58
PED-00427,2025-12-12,Headset Pro,Acessórios,Sul,Florianópolis,Gabriela Souza,Marketplace,Pessoa Física,1,326.43,0,326.43,171.07,155.36
PED-00428,2025-10-01,SSD 1TB,Componentes,Sul,Porto Alegre,Henrique Dias,Marketplace,Média Empresa,3,459.7,0.05,1310.14,868.74,441.4
PED-00429,2025-01-24,Monitor 27,Tecnologia,Nordeste,Fortaleza,Eduarda Rocha,Venda Corporativa,Pequena Empresa,1,1464.84,0,1464.84,964.78,500.06
PED-00430,2026-04-30,Dock Station,Acessórios,Sudeste,Campinas,Isabela Freitas,Marketplace,Pessoa Física,1,557.7,0,557.7,323.01,234.69
PED-00431,2025-11-13,Monitor 24,Tecnologia,Sudeste,Belo Horizonte,Henrique Dias,Loja Física,Pessoa Física,4,913.79,0,3655.16,2454.92,1200.24
PED-00432,2025-11-30,Webcam HD,Acessórios,Sudeste,Belo Horizonte,Isabela Freitas,Loja Física,Grande Empresa,3,251.95,0,755.85,387.15,368.7
PED-00433,2026-08-01,Headset Pro,Acessórios,Sul,Florianópolis,Isabela Freitas,E-commerce,Pessoa Física,2,329.31,0.1,592.76,343.92,248.84
PED-00434,2025-09-24,Monitor 27,Tecnologia,Sudeste,São Paulo,Isabela Freitas,Marketplace,Média Empresa,1,1454.9,0.05,1382.15,1023.66,358.49
PED-00435,2026-05-04,Teclado Mecânico,Acessórios,Sudeste,Campinas,Eduarda Rocha,Loja Física,Pequena Empresa,2,411.67,0,823.34,434.56,388.78
PED-00436,2025-09-13,Monitor 27,Tecnologia,Nordeste,Fortaleza,Gabriela Souza,Marketplace,Pessoa Física,1,1508.24,0.05,1432.83,1015.28,417.55
PED-00437,2026-09-20,Memória 16GB,Componentes,Nordeste,Recife,Isabela Freitas,Marketplace,Pessoa Física,5,315.9,0,1579.5,978.5,601.0
PED-00438,2026-09-25,Webcam HD,Acessórios,Sudeste,Campinas,Diego Alves,E-commerce,Pessoa Física,8,258.48,0,2067.84,1007.76,1060.08
PED-00439,2025-05-09,Memória 16GB,Componentes,Sudeste,São Paulo,Diego Alves,E-commerce,Pessoa Física,1,326.98,0.05,310.63,193.84,116.79
PED-00440,2026-01-16,Webcam HD,Acessórios,Nordeste,Salvador,Felipe Martins,E-commerce,Pequena Empresa,1,248.37,0,248.37,128.27,120.1
PED-00441,2025-07-05,Monitor 24,Tecnologia,Centro-Oeste,Goiânia,Gabriela Souza,Marketplace,Pessoa Física,3,920.56,0,2761.68,1789.47,972.21
PED-00442,2025-02-04,Monitor 24,Tecnologia,Sudeste,São Paulo,Isabela Freitas,Marketplace,Pessoa Física,2,930.95,0.2,1489.52,1169.5,320.02
PED-00443,2025-02-13,Memória 16GB,Componentes,Centro-Oeste,Cuiabá,Bruno Costa,E-commerce,Pequena Empresa,1,328.72,0.15,279.41,190.09,89.32
PED-00444,2025-04-26,Monitor 24,Tecnologia,Sul,Porto Alegre,Ana Lima,E-commerce,Pessoa Física,1,872.59,0.1,785.33,579.93,205.4
PED-00445,2026-05-02,Memória 16GB,Componentes,Sul,Porto Alegre,Bruno Costa,E-commerce,Pessoa Física,3,331.08,0,993.24,592.02,401.22
PED-00446,2025-03-03,Notebook Pro 14,Tecnologia,Sudeste,Rio de Janeiro,Isabela Freitas,Marketplace,Pessoa Física,1,5022.45,0.2,4017.96,3770.34,247.62
PED-00447,2026-03-26,Memória 16GB,Componentes,Sudeste,Campinas,Felipe Martins,Marketplace,Pessoa Física,1,321.91,0.1,289.72,194.44,95.28
PED-00448,2026-05-17,Monitor 24,Tecnologia,Sul,Florianópolis,Felipe Martins,E-commerce,Pessoa Física,5,926.19,0.05,4399.4,2924.1,1475.3
PED-00449,2026-06-28,Monitor 27,Tecnologia,Sudeste,Belo Horizonte,Isabela Freitas,E-commerce,Pessoa Física,3,1473.5,0,4420.5,2885.04,1535.46
PED-00450,2026-01-08,SSD 1TB,Componentes,Sudeste,São Paulo,Isabela Freitas,Marketplace,Pessoa Física,3,450.18,0.1,1215.49,875.85,339.64
PED-00451,2026-02-24,SSD 500GB,Componentes,Sudeste,São Paulo,Isabela Freitas,Marketplace,Pessoa Física,6,280.96,0,1685.76,1054.62,631.14
PED-00452,2025-07-16,Notebook Air 13,Tecnologia,Sudeste,Campinas,Henrique Dias,Loja Física,Pequena Empresa,1,3643.69,0,3643.69,2669.24,974.45
PED-00453,2025-08-02,SSD 500GB,Componentes,Sul,Curitiba,Henrique Dias,Marketplace,Pessoa Física,2,288.74,0.15,490.86,358.08,132.78
PED-00454,2025-03-01,SSD 1TB,Componentes,Sudeste,São Paulo,Bruno Costa,Marketplace,Pessoa Física,1,448.48,0.05,426.06,290.88,135.18
PED-00455,2026-01-30,Monitor 24,Tecnologia,Sudeste,Rio de Janeiro,João Ribeiro,Loja Física,Pessoa Física,3,878.67,0.05,2504.21,1813.74,690.47
PED-00456,2026-01-02,SSD 500GB,Componentes,Sudeste,Campinas,Bruno Costa,E-commerce,Pessoa Física,2,283.53,0,567.06,373.76,193.3
PED-00457,2026-03-30,Mouse Wireless,Acessórios,Centro-Oeste,Cuiabá,Felipe Martins,Marketplace,Pessoa Física,3,177.68,0.1,479.74,245.22,234.52
PED-00458,2026-07-13,Monitor 24,Tecnologia,Sudeste,Belo Horizonte,Felipe Martins,Venda Corporativa,Pessoa Física,2,933.89,0.1,1681.0,1205.62,475.38
PED-00459,2026-06-15,Monitor 27,Tecnologia,Centro-Oeste,Goiânia,Ana Lima,E-commerce,Pessoa Física,5,1540.28,0,7701.4,5038.55,2662.85
PED-00460,2025-10-10,Dock Station,Acessórios,Sul,Florianópolis,João Ribeiro,E-commerce,Pessoa Física,1,546.64,0,546.64,316.43,230.21
PED-00461,2025-08-27,Teclado Mecânico,Acessórios,Nordeste,Salvador,João Ribeiro,E-commerce,Média Empresa,3,409.18,0.1,1104.79,639.9,464.89
PED-00462,2026-08-14,Notebook Air 13,Tecnologia,Sul,Porto Alegre,Ana Lima,Marketplace,Pessoa Física,1,3685.24,0,3685.24,2721.8,963.44
PED-00463,2026-03-21,Headset Pro,Acessórios,Centro-Oeste,Brasília,Diego Alves,Marketplace,Média Empresa,6,333.69,0.1,1801.93,1009.38,792.55
PED-00464,2026-06-21,Notebook Pro 14,Tecnologia,Sudeste,Rio de Janeiro,Felipe Martins,Loja Física,Pessoa Física,1,4886.76,0.1,4398.08,3690.85,707.23
PED-00465,2026-09-02,SSD 1TB,Componentes,Sul,Curitiba,Gabriela Souza,E-commerce,Pessoa Física,1,463.59,0,463.59,287.17,176.42
PED-00466,2026-02-13,Teclado Mecânico,Acessórios,Sudeste,Campinas,Carla Mendes,Marketplace,Pessoa Física,1,402.99,0.05,382.84,219.15,163.69
PED-00467,2026-06-21,Monitor 24,Tecnologia,Sudeste,Belo Horizonte,Gabriela Souza,E-commerce,Média Empresa,1,898.68,0.1,808.81,592.59,216.22
PED-00468,2025-11-25,Mouse Wireless,Acessórios,Sul,Curitiba,Eduarda Rocha,E-commerce,Pessoa Física,4,181.44,0.1,653.18,331.56,321.62
PED-00469,2025-08-28,Monitor 24,Tecnologia,Nordeste,Salvador,Bruno Costa,E-commerce,Pessoa Física,6,926.7,0.15,4726.17,3672.42,1053.75
PED-00470,2025-01-15,Mouse Wireless,Acessórios,Nordeste,Salvador,Eduarda Rocha,Loja Física,Pessoa Física,1,176.18,0.05,167.37,83.36,84.01
PED-00471,2025-09-22,Dock Station,Acessórios,Sul,Florianópolis,Carla Mendes,Marketplace,Pequena Empresa,1,552.77,0.15,469.85,309.34,160.51
PED-00472,2025-03-03,Teclado Mecânico,Acessórios,Sudeste,Belo Horizonte,Ana Lima,Loja Física,Grande Empresa,1,405.55,0.1,365.0,224.44,140.56
PED-00473,2026-01-04,Notebook Air 13,Tecnologia,Sudeste,Campinas,Diego Alves,Venda Corporativa,Pessoa Física,3,3613.13,0.15,9213.48,8307.21,906.27
PED-00474,2025-04-01,Monitor 27,Tecnologia,Sudeste,Campinas,Isabela Freitas,Venda Corporativa,Pessoa Física,1,1489.03,0.05,1414.58,987.39,427.19
PED-00475,2025-06-10,Notebook Pro 14,Tecnologia,Sudeste,Belo Horizonte,Felipe Martins,Loja Física,Pessoa Física,8,5030.45,0.05,38231.42,29895.12,8336.3
PED-00476,2026-02-01,Notebook Pro 14,Tecnologia,Centro-Oeste,Goiânia,Diego Alves,E-commerce,Média Empresa,3,4883.1,0,14649.3,11467.29,3182.01
PED-00477,2026-09-20,SSD 500GB,Componentes,Nordeste,Recife,Diego Alves,Loja Física,Pessoa Física,1,289.42,0.05,274.95,176.08,98.87
PED-00478,2025-05-22,SSD 1TB,Componentes,Sul,Curitiba,Carla Mendes,E-commerce,Pequena Empresa,2,477.22,0,954.44,612.2,342.24
PED-00479,2025-05-29,SSD 500GB,Componentes,Centro-Oeste,Brasília,Felipe Martins,E-commerce,Pessoa Física,3,297.31,0,891.93,528.75,363.18
PED-00480,2025-01-31,Mouse Wireless,Acessórios,Centro-Oeste,Goiânia,Gabriela Souza,E-commerce,Pequena Empresa,4,182.88,0.1,658.37,324.92,333.45
PED-00481,2025-07-12,Notebook Air 13,Tecnologia,Sudeste,São Paulo,João Ribeiro,Loja Física,Pequena Empresa,2,3549.2,0.05,6743.48,5321.5,1421.98
PED-00482,2025-03-23,Memória 16GB,Componentes,Nordeste,Salvador,Isabela Freitas,Marketplace,Pessoa Física,3,318.08,0,954.24,580.56,373.68
PED-00483,2025-06-17,Monitor 24,Tecnologia,Sudeste,Campinas,Ana Lima,Venda Corporativa,Grande Empresa,1,884.79,0.1,796.31,586.65,209.66
PED-00484,2025-07-01,Webcam HD,Acessórios,Centro-Oeste,Goiânia,Felipe Martins,Venda Corporativa,Média Empresa,2,252.13,0.1,453.83,261.5,192.33
PED-00485,2025-11-17,Headset Pro,Acessórios,Sul,Florianópolis,João Ribeiro,Loja Física,Pessoa Física,5,331.12,0.1,1490.04,864.95,625.09
PED-00486,2025-02-13,Monitor 24,Tecnologia,Sul,Porto Alegre,Ana Lima,Loja Física,Pessoa Física,3,890.35,0,2671.05,1783.92,887.13
PED-00487,2025-11-08,Teclado Mecânico,Acessórios,Sudeste,Campinas,Eduarda Rocha,Loja Física,Pessoa Física,2,410.21,0,820.42,435.0,385.42
PED-00488,2026-05-28,Notebook Air 13,Tecnologia,Sudeste,Rio de Janeiro,Gabriela Souza,Loja Física,Pessoa Física,1,3670.56,0.05,3487.03,2694.11,792.92
PED-00489,2026-04-11,Notebook Air 13,Tecnologia,Sudeste,Rio de Janeiro,Bruno Costa,E-commerce,Pequena Empresa,3,3669.21,0,11007.63,8381.07,2626.56
PED-00490,2026-06-08,SSD 1TB,Componentes,Centro-Oeste,Goiânia,Isabela Freitas,E-commerce,Pequena Empresa,6,466.42,0.05,2658.59,1735.38,923.21
PED-00491,2025-05-29,Monitor 27,Tecnologia,Nordeste,Salvador,Gabriela Souza,E-commerce,Pequena Empresa,8,1472.99,0,11783.92,8176.32,3607.6
PED-00492,2025-07-27,Notebook Pro 14,Tecnologia,Sul,Porto Alegre,Ana Lima,Loja Física,Média Empresa,2,5054.74,0,10109.48,7275.56,2833.92
PED-00493,2026-08-26,SSD 500GB,Componentes,Sudeste,Campinas,Henrique Dias,E-commerce,Pequena Empresa,1,292.87,0.05,278.23,181.39,96.84
PED-00494,2025-08-01,Notebook Pro 14,Tecnologia,Sudeste,São Paulo,Felipe Martins,E-commerce,Média Empresa,3,4854.37,0.15,12378.64,11436.48,942.16
PED-00495,2025-02-20,Notebook Air 13,Tecnologia,Sudeste,Rio de Janeiro,Carla Mendes,Marketplace,Pequena Empresa,3,3689.38,0.05,10514.73,8068.38,2446.35
PED-00496,2026-04-12,Memória 16GB,Componentes,Sul,Curitiba,Bruno Costa,Marketplace,Pessoa Física,5,326.37,0.1,1468.66,992.3,476.36
PED-00497,2025-03-08,Teclado Mecânico,Acessórios,Sudeste,São Paulo,Eduarda Rocha,E-commerce,Pessoa Física,1,388.66,0,388.66,219.3,169.36
PED-00498,2026-06-26,Notebook Air 13,Tecnologia,Sul,Florianópolis,João Ribeiro,Venda Corporativa,Grande Empresa,1,3570.76,0.05,3392.22,2755.47,636.75
PED-00499,2025-12-29,Monitor 27,Tecnologia,Sul,Porto Alegre,Isabela Freitas,Marketplace,Pessoa Física,4,1478.45,0.15,5026.73,3921.32,1105.41
PED-00500,2025-07-18,Notebook Pro 14,Tecnologia,Sudeste,Campinas,Bruno Costa,Marketplace,Pessoa Física,2,4767.63,0.05,9058.5,7332.68,1725.82
PED-00501,2025-08-06,Notebook Pro 14,Tecnologia,Sul,Florianópolis,Eduarda Rocha,E-commerce,Pessoa Física,1,5015.07,0.05,4764.32,3606.09,1158.23
PED-00502,2025-12-08,Mouse Wireless,Acessórios,Sudeste,São Paulo,Carla Mendes,E-commerce,Média Empresa,6,179.58,0.05,1023.61,483.36,540.25
PED-00503,2025-05-20,Webcam HD,Acessórios,Sudeste,Campinas,Isabela Freitas,Venda Corporativa,Pessoa Física,4,242.51,0.15,824.53,512.32,312.21
PED-00504,2026-08-02,Memória 16GB,Componentes,Sul,Florianópolis,Isabela Freitas,E-commerce,Pessoa Física,1,327.2,0.15,278.12,188.07,90.05
PED-00505,2025-06-02,Teclado Mecânico,Acessórios,Nordeste,Recife,Gabriela Souza,Loja Física,Média Empresa,2,403.65,0.05,766.93,447.42,319.51
PED-00506,2025-11-12,Memória 16GB,Componentes,Nordeste,Fortaleza,Ana Lima,E-commerce,Pessoa Física,5,327.95,0,1639.75,956.15,683.6
PED-00507,2026-06-22,Teclado Mecânico,Acessórios,Sudeste,Belo Horizonte,Ana Lima,Marketplace,Média Empresa,2,400.51,0,801.02,436.46,364.56
PED-00508,2025-07-14,Mouse Wireless,Acessórios,Centro-Oeste,Cuiabá,Isabela Freitas,E-commerce,Pessoa Física,3,185.94,0,557.82,249.96,307.86
PED-00509,2025-05-16,Monitor 24,Tecnologia,Nordeste,Recife,Gabriela Souza,Marketplace,Pessoa Física,1,915.27,0.15,777.98,602.74,175.24
PED-00510,2025-03-31,Mouse Wireless,Acessórios,Sudeste,São Paulo,Bruno Costa,Loja Física,Pequena Empresa,1,177.54,0.05,168.66,85.48,83.18
PED-00511,2025-11-25,Monitor 24,Tecnologia,Sudeste,Belo Horizonte,Isabela Freitas,E-commerce,Pessoa Física,1,889.25,0,889.25,578.83,310.42
PED-00512,2026-09-30,Dock Station,Acessórios,Sul,Curitiba,Isabela Freitas,E-commerce,Pessoa Física,1,543.42,0.1,489.08,309.11,179.97
PED-00513,2025-03-14,Teclado Mecânico,Acessórios,Sul,Porto Alegre,Isabela Freitas,Loja Física,Pessoa Física,2,389.99,0.1,701.98,423.02,278.96
PED-00514,2026-03-13,Headset Pro,Acessórios,Sudeste,Campinas,João Ribeiro,E-commerce,Pessoa Física,1,337.77,0.1,303.99,168.52,135.47
PED-00515,2026-04-22,SSD 1TB,Componentes,Sudeste,Campinas,Bruno Costa,Loja Física,Pequena Empresa,3,452.67,0.05,1290.11,872.19,417.92
PED-00516,2026-09-24,Teclado Mecânico,Acessórios,Centro-Oeste,Goiânia,Carla Mendes,Marketplace,Pequena Empresa,4,399.69,0.15,1358.95,844.64,514.31
PED-00517,2026-05-02,Notebook Air 13,Tecnologia,Sudeste,Campinas,Carla Mendes,E-commerce,Pessoa Física,2,3593.23,0.05,6827.14,5582.6,1244.54
PED-00518,2025-04-20,Mouse Wireless,Acessórios,Sul,Curitiba,Eduarda Rocha,Loja Física,Pessoa Física,2,180.5,0.05,342.95,171.9,171.05
PED-00519,2026-01-29,Notebook Air 13,Tecnologia,Sudeste,Campinas,Gabriela Souza,Loja Física,Pessoa Física,3,3659.72,0,10979.16,8388.18,2590.98
PED-00520,2026-08-11,Webcam HD,Acessórios,Sudeste,Campinas,Felipe Martins,Loja Física,Média Empresa,1,242.74,0.2,194.19,124.44,69.75
PED-00521,2026-09-03,Headset Pro,Acessórios,Sudeste,São Paulo,Bruno Costa,E-commerce,Pessoa Física,2,337.78,0.1,608.0,353.28,254.72
PED-00522,2025-06-02,Webcam HD,Acessórios,Sul,Porto Alegre,João Ribeiro,Loja Física,Pessoa Física,3,251.47,0,754.41,394.59,359.82
PED-00523,2025-11-08,Headset Pro,Acessórios,Nordeste,Recife,Bruno Costa,Loja Física,Pequena Empresa,2,338.76,0.15,575.89,336.66,239.23
PED-00524,2026-07-17,Notebook Pro 14,Tecnologia,Sudeste,Belo Horizonte,Bruno Costa,Venda Corporativa,Média Empresa,1,4887.24,0.1,4398.52,3658.28,740.24
PED-00525,2026-01-27,Headset Pro,Acessórios,Sudeste,Rio de Janeiro,Carla Mendes,Loja Física,Pessoa Física,2,338.47,0.15,575.4,338.86,236.54
PED-00526,2025-05-09,Monitor 27,Tecnologia,Sudeste,São Paulo,Carla Mendes,Marketplace,Pessoa Física,2,1462.91,0.2,2340.66,2008.92,331.74
PED-00527,2026-03-02,Webcam HD,Acessórios,Centro-Oeste,Cuiabá,João Ribeiro,Venda Corporativa,Pequena Empresa,2,255.82,0.05,486.06,253.74,232.32
PED-00528,2025-08-20,Monitor 27,Tecnologia,Sudeste,São Paulo,João Ribeiro,Loja Física,Pequena Empresa,3,1551.25,0,4653.75,2999.82,1653.93
PED-00529,2025-02-04,Notebook Pro 14,Tecnologia,Sul,Florianópolis,Felipe Martins,E-commerce,Pessoa Física,3,5002.81,0,15008.43,11484.9,3523.53
PED-00530,2025-10-14,Webcam HD,Acessórios,Sul,Florianópolis,João Ribeiro,E-commerce,Pessoa Física,3,242.89,0.2,582.94,387.21,195.73
PED-00531,2026-08-17,Teclado Mecânico,Acessórios,Sul,Porto Alegre,Isabela Freitas,Marketplace,Pessoa Física,2,407.53,0.05,774.31,434.08,340.23
PED-00532,2025-10-29,Teclado Mecânico,Acessórios,Sudeste,Belo Horizonte,João Ribeiro,E-commerce,Pequena Empresa,2,405.36,0.05,770.18,430.18,340.0
PED-00533,2025-01-28,Teclado Mecânico,Acessórios,Sul,Curitiba,Isabela Freitas,E-commerce,Pequena Empresa,1,394.72,0.05,374.98,214.57,160.41
PED-00534,2025-04-25,SSD 1TB,Componentes,Sudeste,Rio de Janeiro,Henrique Dias,E-commerce,Pessoa Física,4,451.04,0,1804.16,1187.76,616.4
PED-00535,2025-02-03,Mouse Wireless,Acessórios,Centro-Oeste,Brasília,João Ribeiro,Venda Corporativa,Pessoa Física,2,183.28,0.2,293.25,163.46,129.79
PED-00536,2026-03-27,Memória 16GB,Componentes,Sul,Curitiba,João Ribeiro,Marketplace,Pessoa Física,3,312.02,0.1,842.45,568.26,274.19
PED-00537,2026-02-13,Webcam HD,Acessórios,Sudeste,Rio de Janeiro,Gabriela Souza,Marketplace,Pessoa Física,1,249.11,0.05,236.65,126.03,110.62
PED-00538,2026-04-05,Headset Pro,Acessórios,Sul,Florianópolis,Ana Lima,E-commerce,Pessoa Física,1,333.19,0.15,283.21,175.39,107.82
PED-00539,2025-10-07,Mouse Wireless,Acessórios,Sudeste,São Paulo,Eduarda Rocha,Marketplace,Pessoa Física,4,182.83,0.1,658.19,334.96,323.23
PED-00540,2025-07-19,Dock Station,Acessórios,Sudeste,Rio de Janeiro,Felipe Martins,Loja Física,Pequena Empresa,4,536.28,0,2145.12,1224.2,920.92
PED-00541,2026-04-02,Mouse Wireless,Acessórios,Sudeste,Belo Horizonte,Eduarda Rocha,E-commerce,Pessoa Física,1,181.86,0.15,154.58,85.16,69.42
PED-00542,2026-09-06,SSD 500GB,Componentes,Sudeste,São Paulo,Bruno Costa,Venda Corporativa,Pessoa Física,3,291.78,0.15,744.04,559.47,184.57
PED-00543,2025-04-24,Memória 16GB,Componentes,Sudeste,Belo Horizonte,Henrique Dias,Marketplace,Pessoa Física,2,326.61,0.2,522.58,392.88,129.7
PED-00544,2025-11-28,Teclado Mecânico,Acessórios,Sudeste,São Paulo,Eduarda Rocha,Marketplace,Pessoa Física,1,413.72,0,413.72,214.68,199.04
PED-00545,2026-03-28,Notebook Air 13,Tecnologia,Sul,Curitiba,João Ribeiro,E-commerce,Pequena Empresa,1,3599.68,0.05,3419.7,2772.27,647.43
PED-00546,2025-04-19,Webcam HD,Acessórios,Nordeste,Salvador,Ana Lima,E-commerce,Pessoa Física,1,257.16,0.05,244.3,124.79,119.51
PED-00547,2025-01-01,Notebook Pro 14,Tecnologia,Sul,Porto Alegre,Carla Mendes,Marketplace,Média Empresa,2,5074.35,0.05,9641.26,7404.74,2236.52
PED-00548,2026-03-23,Headset Pro,Acessórios,Nordeste,Salvador,Isabela Freitas,E-commerce,Pessoa Física,3,321.92,0.1,869.18,521.97,347.21
PED-00549,2026-01-03,Mouse Wireless,Acessórios,Nordeste,Recife,Ana Lima,Loja Física,Grande Empresa,1,185.67,0.05,176.39,80.82,95.57
PED-00550,2026-04-16,Teclado Mecânico,Acessórios,Sul,Curitiba,Isabela Freitas,E-commerce,Pessoa Física,1,412.07,0.1,370.86,220.19,150.67
PED-00551,2026-01-03,Webcam HD,Acessórios,Sudeste,Campinas,Diego Alves,E-commerce,Pessoa Física,3,250.06,0.05,712.67,372.12,340.55
PED-00552,2026-07-08,SSD 500GB,Componentes,Sudeste,Campinas,Ana Lima,E-commerce,Pessoa Física,4,282.72,0,1130.88,738.0,392.88
PED-00553,2026-06-20,Webcam HD,Acessórios,Centro-Oeste,Cuiabá,Carla Mendes,Marketplace,Pessoa Física,1,250.05,0.1,225.05,123.65,101.4
PED-00554,2026-09-26,Notebook Pro 14,Tecnologia,Sudeste,Rio de Janeiro,Ana Lima,E-commerce,Pessoa Física,1,4908.47,0.1,4417.62,3620.61,797.01
PED-00555,2026-08-29,Notebook Air 13,Tecnologia,Nordeste,Salvador,Bruno Costa,Loja Física,Pequena Empresa,1,3598.41,0.1,3238.57,2809.75,428.82
PED-00556,2026-02-16,Mouse Wireless,Acessórios,Sudeste,Rio de Janeiro,Felipe Martins,Marketplace,Pequena Empresa,3,177.83,0.05,506.82,243.15,263.67
PED-00557,2025-05-25,Headset Pro,Acessórios,Sudeste,Belo Horizonte,Isabela Freitas,E-commerce,Pessoa Física,2,337.35,0,674.7,350.3,324.4
PED-00558,2026-01-21,Monitor 27,Tecnologia,Sudeste,Campinas,Bruno Costa,E-commerce,Pessoa Física,1,1547.09,0.1,1392.38,988.95,403.43
PED-00559,2026-05-03,Memória 16GB,Componentes,Sudeste,Rio de Janeiro,Eduarda Rocha,Loja Física,Pessoa Física,6,310.27,0.05,1768.54,1137.54,631.0
PED-00560,2026-05-27,SSD 1TB,Componentes,Centro-Oeste,Cuiabá,Eduarda Rocha,E-commerce,Pessoa Física,1,462.27,0,462.27,288.12,174.15
PED-00561,2026-01-06,Dock Station,Acessórios,Sul,Porto Alegre,Diego Alves,E-commerce,Pessoa Física,4,569.75,0.1,2051.1,1256.36,794.74
PED-00562,2025-06-30,Monitor 27,Tecnologia,Sul,Curitiba,Ana Lima,Loja Física,Pessoa Física,2,1538.51,0,3077.02,2024.86,1052.16
PED-00563,2025-02-14,Notebook Air 13,Tecnologia,Nordeste,Fortaleza,Carla Mendes,E-commerce,Pessoa Física,2,3550.31,0,7100.62,5480.36,1620.26
PED-00564,2026-08-17,Mouse Wireless,Acessórios,Sudeste,Belo Horizonte,Diego Alves,Marketplace,Pessoa Física,1,184.53,0.1,166.08,82.52,83.56
PED-00565,2025-08-14,Notebook Air 13,Tecnologia,Sudeste,Campinas,Ana Lima,Venda Corporativa,Pessoa Física,6,3588.61,0.05,20455.08,16090.08,4365.0
PED-00566,2025-07-18,SSD 500GB,Componentes,Sudeste,Belo Horizonte,Diego Alves,E-commerce,Pessoa Física,2,282.58,0,565.16,360.48,204.68
PED-00567,2026-03-05,Monitor 27,Tecnologia,Nordeste,Salvador,Eduarda Rocha,Loja Física,Pequena Empresa,3,1471.86,0.05,4194.8,3080.85,1113.95
PED-00568,2025-08-24,Notebook Air 13,Tecnologia,Sudeste,Campinas,Diego Alves,Loja Física,Média Empresa,1,3676.5,0.1,3308.85,2702.59,606.26
PED-00569,2025-12-02,Headset Pro,Acessórios,Sul,Florianópolis,Carla Mendes,Venda Corporativa,Média Empresa,2,341.96,0,683.92,352.72,331.2
PED-00570,2026-06-01,Notebook Pro 14,Tecnologia,Sudeste,Campinas,Henrique Dias,Marketplace,Pequena Empresa,1,4780.52,0.05,4541.49,3769.41,772.08
PED-00571,2026-02-21,Monitor 24,Tecnologia,Sudeste,Belo Horizonte,Diego Alves,Loja Física,Pessoa Física,2,916.29,0,1832.58,1227.26,605.32
PED-00572,2026-08-21,Notebook Pro 14,Tecnologia,Centro-Oeste,Goiânia,Carla Mendes,Venda Corporativa,Pessoa Física,4,4911.25,0,19645.0,14955.32,4689.68
PED-00573,2025-03-14,Headset Pro,Acessórios,Centro-Oeste,Goiânia,Isabela Freitas,E-commerce,Pessoa Física,1,331.62,0.15,281.88,177.09,104.79
PED-00574,2025-03-24,SSD 1TB,Componentes,Centro-Oeste,Cuiabá,Ana Lima,Loja Física,Média Empresa,1,457.53,0,457.53,295.67,161.86
PED-00575,2025-02-11,Mouse Wireless,Acessórios,Sudeste,São Paulo,Isabela Freitas,Marketplace,Pessoa Física,10,175.05,0,1750.5,831.1,919.4
PED-00576,2026-08-18,Memória 16GB,Componentes,Sudeste,Rio de Janeiro,Felipe Martins,E-commerce,Pessoa Física,3,310.85,0,932.55,575.4,357.15
PED-00577,2026-05-13,Dock Station,Acessórios,Sul,Curitiba,Henrique Dias,Marketplace,Pequena Empresa,2,556.39,0,1112.78,642.32,470.46
PED-00578,2025-03-09,Monitor 24,Tecnologia,Centro-Oeste,Goiânia,Bruno Costa,E-commerce,Média Empresa,1,878.91,0.2,703.13,589.6,113.53
PED-00579,2025-06-01,Webcam HD,Acessórios,Sudeste,Rio de Janeiro,Isabela Freitas,Venda Corporativa,Pessoa Física,2,257.77,0.1,463.99,255.32,208.67
PED-00580,2026-03-07,Webcam HD,Acessórios,Nordeste,Salvador,Eduarda Rocha,E-commerce,Pessoa Física,4,250.59,0.15,852.01,505.76,346.25
PED-00581,2026-08-16,Mouse Wireless,Acessórios,Sul,Porto Alegre,Henrique Dias,Loja Física,Pequena Empresa,4,177.44,0.05,674.27,324.48,349.79
PED-00582,2025-11-10,Monitor 27,Tecnologia,Nordeste,Salvador,Henrique Dias,E-commerce,Pessoa Física,4,1483.87,0,5935.48,4104.0,1831.48
PED-00583,2026-09-26,Monitor 27,Tecnologia,Nordeste,Recife,Carla Mendes,Venda Corporativa,Média Empresa,3,1470.14,0.1,3969.38,2930.16,1039.22
PED-00584,2025-02-12,Mouse Wireless,Acessórios,Sul,Porto Alegre,Eduarda Rocha,E-commerce,Pessoa Física,3,185.88,0.1,501.88,243.63,258.25
PED-00585,2026-04-05,Dock Station,Acessórios,Centro-Oeste,Cuiabá,Eduarda Rocha,E-commerce,Pessoa Física,6,568.95,0.1,3072.33,1943.58,1128.75
PED-00586,2025-06-09,Notebook Pro 14,Tecnologia,Centro-Oeste,Cuiabá,Isabela Freitas,E-commerce,Pequena Empresa,2,5075.76,0,10151.52,7655.14,2496.38
PED-00587,2026-08-11,SSD 500GB,Componentes,Sudeste,Campinas,Felipe Martins,Marketplace,Pequena Empresa,5,291.48,0,1457.4,891.4,566.0
PED-00588,2026-02-16,SSD 1TB,Componentes,Nordeste,Recife,Felipe Martins,E-commerce,Pessoa Física,3,452.37,0.05,1289.25,915.84,373.41
PED-00589,2025-10-12,Monitor 24,Tecnologia,Sudeste,Campinas,Bruno Costa,Venda Corporativa,Pessoa Física,2,904.22,0.05,1718.02,1161.02,557.0
PED-00590,2026-01-05,Headset Pro,Acessórios,Sudeste,Campinas,Felipe Martins,E-commerce,Pessoa Física,1,329.39,0,329.39,174.3,155.09
PED-00591,2025-08-09,Memória 16GB,Componentes,Centro-Oeste,Cuiabá,Gabriela Souza,Marketplace,Pessoa Física,4,318.89,0.2,1020.45,796.68,223.77
PED-00592,2025-05-23,SSD 1TB,Componentes,Sul,Curitiba,Diego Alves,E-commerce,Grande Empresa,2,475.21,0,950.42,596.46,353.96
PED-00593,2026-01-20,Notebook Air 13,Tecnologia,Sudeste,Belo Horizonte,Gabriela Souza,E-commerce,Pessoa Física,2,3541.23,0.15,6020.09,5627.36,392.73
PED-00594,2025-10-24,Dock Station,Acessórios,Sul,Porto Alegre,João Ribeiro,E-commerce,Pessoa Física,2,532.62,0,1065.24,619.0,446.24
PED-00595,2026-04-29,Notebook Air 13,Tecnologia,Sul,Porto Alegre,Gabriela Souza,E-commerce,Média Empresa,3,3683.69,0,11051.07,8247.99,2803.08
PED-00596,2025-03-10,SSD 1TB,Componentes,Nordeste,Fortaleza,Henrique Dias,Loja Física,Média Empresa,2,467.54,0.05,888.33,577.2,311.13
PED-00597,2026-06-09,Memória 16GB,Componentes,Sul,Porto Alegre,Carla Mendes,Loja Física,Pessoa Física,2,317.41,0.1,571.34,375.78,195.56
PED-00598,2026-01-05,Headset Pro,Acessórios,Sul,Porto Alegre,Ana Lima,E-commerce,Pessoa Física,6,336.78,0.05,1919.65,1018.62,901.03
PED-00599,2025-04-07,SSD 1TB,Componentes,Nordeste,Fortaleza,Felipe Martins,Venda Corporativa,Média Empresa,3,467.25,0,1401.75,900.69,501.06
PED-00600,2025-04-09,Dock Station,Acessórios,Sul,Curitiba,Ana Lima,E-commerce,Pessoa Física,4,567.92,0.05,2158.1,1229.36,928.74
PED-00601,2025-08-12,Monitor 27,Tecnologia,Sul,Curitiba,Isabela Freitas,Loja Física,Média Empresa,2,1511.86,0.05,2872.53,2024.56,847.97
PED-00602,2025-04-27,Headset Pro,Acessórios,Sudeste,São Paulo,Bruno Costa,Marketplace,Média Empresa,2,327.48,0,654.96,354.72,300.24
PED-00603,2026-09-04,Dock Station,Acessórios,Nordeste,Recife,Carla Mendes,Marketplace,Pessoa Física,4,565.46,0,2261.84,1227.56,1034.28
PED-00604,2025-08-21,Teclado Mecânico,Acessórios,Sudeste,Rio de Janeiro,Bruno Costa,Loja Física,Pequena Empresa,1,400.56,0,400.56,217.19,183.37
PED-00605,2025-07-21,Notebook Air 13,Tecnologia,Sudeste,São Paulo,Henrique Dias,E-commerce,Pessoa Física,1,3681.12,0.1,3313.01,2804.22,508.79
PED-00606,2026-09-09,Monitor 24,Tecnologia,Sul,Curitiba,Carla Mendes,Marketplace,Pessoa Física,1,889.49,0.1,800.54,602.14,198.4
PED-00607,2025-12-27,Monitor 27,Tecnologia,Nordeste,Fortaleza,João Ribeiro,E-commerce,Pessoa Física,1,1455.5,0.05,1382.72,975.29,407.43
PED-00608,2025-07-16,Teclado Mecânico,Acessórios,Sudeste,São Paulo,Bruno Costa,Venda Corporativa,Média Empresa,5,406.53,0.05,1931.02,1067.45,863.57
PED-00609,2025-04-20,Monitor 27,Tecnologia,Nordeste,Recife,Gabriela Souza,E-commerce,Pessoa Física,1,1467.0,0.2,1173.6,967.97,205.63
PED-00610,2025-05-20,Webcam HD,Acessórios,Nordeste,Fortaleza,Eduarda Rocha,Loja Física,Pessoa Física,1,246.47,0,246.47,128.78,117.69
PED-00611,2025-11-16,SSD 500GB,Componentes,Centro-Oeste,Goiânia,Diego Alves,Loja Física,Pessoa Física,5,281.74,0,1408.7,924.6,484.1
PED-00612,2026-05-03,SSD 500GB,Componentes,Sudeste,São Paulo,Henrique Dias,Marketplace,Pessoa Física,2,282.74,0.1,508.93,358.72,150.21
PED-00613,2026-08-28,Notebook Air 13,Tecnologia,Nordeste,Salvador,Bruno Costa,E-commerce,Pessoa Física,1,3592.88,0.15,3053.95,2699.98,353.97
PED-00614,2026-03-11,Memória 16GB,Componentes,Sul,Florianópolis,João Ribeiro,Loja Física,Pequena Empresa,4,317.38,0.15,1079.09,784.36,294.73
PED-00615,2026-02-19,Webcam HD,Acessórios,Sul,Curitiba,Henrique Dias,E-commerce,Pessoa Física,2,243.88,0.05,463.37,248.72,214.65
PED-00616,2025-02-24,Notebook Air 13,Tecnologia,Sul,Curitiba,Carla Mendes,E-commerce,Pequena Empresa,1,3515.3,0.05,3339.53,2670.32,669.21
PED-00617,2026-06-17,Webcam HD,Acessórios,Nordeste,Salvador,Eduarda Rocha,Marketplace,Pessoa Física,1,256.51,0,256.51,128.3,128.21
PED-00618,2025-02-02,Headset Pro,Acessórios,Centro-Oeste,Brasília,Gabriela Souza,Loja Física,Média Empresa,2,323.2,0,646.4,350.94,295.46
PED-00619,2025-11-07,Memória 16GB,Componentes,Sudeste,Campinas,Carla Mendes,E-commerce,Pessoa Física,3,320.38,0.05,913.08,583.74,329.34
PED-00620,2026-07-07,SSD 1TB,Componentes,Sudeste,Rio de Janeiro,Isabela Freitas,E-commerce,Pessoa Física,2,466.97,0,933.94,603.66,330.28
PED-00621,2025-10-19,Mouse Wireless,Acessórios,Sudeste,São Paulo,Carla Mendes,Marketplace,Pessoa Física,3,184.8,0,554.4,246.96,307.44
PED-00622,2025-04-10,Headset Pro,Acessórios,Sudeste,Belo Horizonte,Gabriela Souza,E-commerce,Pequena Empresa,1,332.78,0.1,299.5,178.48,121.02
PED-00623,2025-03-09,Teclado Mecânico,Acessórios,Sudeste,Rio de Janeiro,Ana Lima,Loja Física,Pessoa Física,3,401.41,0.05,1144.02,651.12,492.9
PED-00624,2025-01-21,Memória 16GB,Componentes,Sudeste,São Paulo,Felipe Martins,E-commerce,Pessoa Física,2,311.66,0.1,560.99,392.42,168.57
PED-00625,2025-12-11,Webcam HD,Acessórios,Sul,Florianópolis,Felipe Martins,E-commerce,Pessoa Física,8,252.61,0,2020.88,1056.56,964.32
PED-00626,2025-03-19,Dock Station,Acessórios,Sudeste,Belo Horizonte,Ana Lima,E-commerce,Pessoa Física,4,569.34,0.05,2163.49,1277.48,886.01
PED-00627,2026-08-16,Notebook Air 13,Tecnologia,Sul,Porto Alegre,Bruno Costa,Loja Física,Pessoa Física,2,3510.34,0,7020.68,5624.12,1396.56
PED-00628,2026-06-01,Teclado Mecânico,Acessórios,Sudeste,Belo Horizonte,Diego Alves,Loja Física,Pessoa Física,2,402.32,0.1,724.18,447.92,276.26
PED-00629,2026-06-13,Monitor 27,Tecnologia,Sul,Curitiba,Henrique Dias,E-commerce,Pequena Empresa,4,1549.18,0.15,5267.21,4098.08,1169.13
PED-00630,2025-03-03,Dock Station,Acessórios,Sudeste,Campinas,Carla Mendes,E-commerce,Pequena Empresa,3,548.3,0.15,1398.16,967.41,430.75
PED-00631,2025-03-07,SSD 500GB,Componentes,Sudeste,Campinas,Eduarda Rocha,Marketplace,Pequena Empresa,1,288.54,0.05,274.11,175.85,98.26
PED-00632,2025-07-16,Notebook Pro 14,Tecnologia,Sudeste,Belo Horizonte,Henrique Dias,Loja Física,Grande Empresa,2,4821.3,0.15,8196.21,7293.36,902.85
PED-00633,2025-01-30,Teclado Mecânico,Acessórios,Nordeste,Recife,Isabela Freitas,E-commerce,Média Empresa,8,387.59,0.05,2945.68,1789.12,1156.56
PED-00634,2025-03-27,Mouse Wireless,Acessórios,Sul,Curitiba,Gabriela Souza,Venda Corporativa,Pequena Empresa,5,184.15,0.05,874.71,426.0,448.71
PED-00635,2025-08-30,Notebook Air 13,Tecnologia,Sul,Florianópolis,Bruno Costa,Loja Física,Média Empresa,6,3554.47,0.15,18127.8,16941.6,1186.2
PED-00636,2025-09-01,SSD 1TB,Componentes,Sudeste,Belo Horizonte,Felipe Martins,Marketplace,Pequena Empresa,4,475.29,0.1,1711.04,1162.48,548.56
PED-00637,2025-04-20,Monitor 27,Tecnologia,Sudeste,Belo Horizonte,Henrique Dias,Loja Física,Média Empresa,1,1527.44,0.05,1451.07,968.15,482.92
PED-00638,2026-07-13,Headset Pro,Acessórios,Sudeste,Rio de Janeiro,Eduarda Rocha,Venda Corporativa,Média Empresa,1,338.05,0.1,304.25,167.83,136.42
PED-00639,2026-09-13,Notebook Pro 14,Tecnologia,Nordeste,Fortaleza,Ana Lima,Marketplace,Pequena Empresa,1,4858.09,0.05,4615.19,3821.89,793.3
PED-00640,2026-01-07,SSD 500GB,Componentes,Sudeste,Rio de Janeiro,Henrique Dias,E-commerce,Média Empresa,2,285.5,0.2,456.8,351.12,105.68
PED-00641,2025-08-30,Teclado Mecânico,Acessórios,Sudeste,Rio de Janeiro,Henrique Dias,Loja Física,Média Empresa,3,387.98,0.05,1105.74,671.22,434.52
PED-00642,2026-05-19,Webcam HD,Acessórios,Nordeste,Recife,Gabriela Souza,Venda Corporativa,Média Empresa,4,250.36,0.1,901.3,506.32,394.98
PED-00643,2026-09-09,Memória 16GB,Componentes,Nordeste,Fortaleza,Felipe Martins,Loja Física,Pessoa Física,1,323.5,0.1,291.15,197.76,93.39
PED-00644,2025-05-20,Notebook Pro 14,Tecnologia,Sudeste,Belo Horizonte,Felipe Martins,Loja Física,Pessoa Física,1,5015.27,0.1,4513.74,3742.87,770.87
PED-00645,2025-05-14,SSD 1TB,Componentes,Nordeste,Recife,Henrique Dias,Loja Física,Pequena Empresa,1,471.79,0.1,424.61,302.5,122.11
PED-00646,2025-07-23,Notebook Air 13,Tecnologia,Sudeste,Rio de Janeiro,Gabriela Souza,Venda Corporativa,Grande Empresa,5,3729.89,0,18649.45,14154.55,4494.9
PED-00647,2026-09-19,SSD 500GB,Componentes,Sudeste,São Paulo,Henrique Dias,E-commerce,Pequena Empresa,1,289.01,0.05,274.56,177.68,96.88
PED-00648,2025-04-02,Mouse Wireless,Acessórios,Sudeste,São Paulo,Ana Lima,Marketplace,Pessoa Física,6,182.07,0.05,1037.8,486.24,551.56
PED-00649,2025-07-28,Monitor 24,Tecnologia,Centro-Oeste,Goiânia,Eduarda Rocha,Marketplace,Pessoa Física,2,885.6,0,1771.2,1224.46,546.74
PED-00650,2025-07-13,Headset Pro,Acessórios,Sudeste,Rio de Janeiro,Ana Lima,E-commerce,Pessoa Física,2,327.64,0.15,556.99,351.54,205.45
PED-00651,2026-04-15,Notebook Air 13,Tecnologia,Sudeste,Rio de Janeiro,Felipe Martins,Venda Corporativa,Pessoa Física,1,3597.67,0.05,3417.79,2769.09,648.7
PED-00652,2025-03-16,Notebook Air 13,Tecnologia,Sul,Curitiba,Felipe Martins,Venda Corporativa,Pessoa Física,1,3660.02,0.05,3477.02,2807.99,669.03
PED-00653,2025-02-16,Notebook Pro 14,Tecnologia,Sudeste,Campinas,Eduarda Rocha,Venda Corporativa,Pequena Empresa,1,4766.13,0.15,4051.21,3622.83,428.38
PED-00654,2025-06-23,Dock Station,Acessórios,Sul,Porto Alegre,Henrique Dias,E-commerce,Pessoa Física,2,537.02,0,1074.04,609.52,464.52
PED-00655,2025-05-11,Webcam HD,Acessórios,Centro-Oeste,Goiânia,Felipe Martins,Venda Corporativa,Pessoa Física,5,254.8,0.05,1210.3,629.05,581.25
PED-00656,2025-11-17,Headset Pro,Acessórios,Centro-Oeste,Goiânia,Henrique Dias,Marketplace,Pessoa Física,5,337.51,0.1,1518.8,841.1,677.7
PED-00657,2025-06-02,Notebook Pro 14,Tecnologia,Sudeste,São Paulo,Henrique Dias,E-commerce,Pequena Empresa,2,5070.0,0.2,8112.0,7174.84,937.16
PED-00658,2026-01-01,Memória 16GB,Componentes,Sul,Porto Alegre,Henrique Dias,E-commerce,Pequena Empresa,1,313.98,0,313.98,190.98,123.0
PED-00659,2025-06-22,Memória 16GB,Componentes,Sul,Porto Alegre,João Ribeiro,Venda Corporativa,Pequena Empresa,2,321.18,0.2,513.89,389.62,124.27
PED-00660,2026-03-03,Notebook Air 13,Tecnologia,Sudeste,Campinas,Bruno Costa,Venda Corporativa,Pessoa Física,3,3590.33,0.1,9693.89,8303.37,1390.52
PED-00661,2025-04-19,Mouse Wireless,Acessórios,Sudeste,São Paulo,Henrique Dias,Marketplace,Pequena Empresa,2,181.08,0.2,289.73,160.78,128.95
PED-00662,2025-02-14,SSD 500GB,Componentes,Sul,Porto Alegre,Felipe Martins,Venda Corporativa,Grande Empresa,5,282.95,0.1,1273.28,926.0,347.28
PED-00663,2025-10-17,Mouse Wireless,Acessórios,Nordeste,Fortaleza,Bruno Costa,Loja Física,Pequena Empresa,1,176.64,0,176.64,84.78,91.86
PED-00664,2026-02-13,Notebook Air 13,Tecnologia,Sudeste,Rio de Janeiro,Carla Mendes,E-commerce,Pessoa Física,3,3529.86,0.2,8471.66,8137.29,334.37
PED-00665,2026-03-19,Memória 16GB,Componentes,Nordeste,Recife,João Ribeiro,E-commerce,Pequena Empresa,4,320.36,0.05,1217.37,796.08,421.29
PED-00666,2026-05-03,Teclado Mecânico,Acessórios,Sul,Porto Alegre,Bruno Costa,Marketplace,Média Empresa,2,398.93,0.05,757.97,422.62,335.35
PED-00667,2025-12-16,Webcam HD,Acessórios,Sul,Florianópolis,Carla Mendes,Venda Corporativa,Pessoa Física,3,249.69,0,749.07,372.54,376.53
PED-00668,2026-05-05,Teclado Mecânico,Acessórios,Sudeste,Rio de Janeiro,Eduarda Rocha,Marketplace,Pessoa Física,1,389.17,0,389.17,211.38,177.79
PED-00669,2025-04-21,Dock Station,Acessórios,Sudeste,São Paulo,Henrique Dias,Marketplace,Pessoa Física,1,535.67,0,535.67,314.72,220.95
PED-00670,2025-04-27,Memória 16GB,Componentes,Sul,Curitiba,Carla Mendes,Marketplace,Pessoa Física,2,316.44,0.1,569.59,393.72,175.87
PED-00671,2026-04-06,SSD 1TB,Componentes,Nordeste,Recife,Carla Mendes,E-commerce,Pessoa Física,10,466.87,0,4668.7,2950.3,1718.4
PED-00672,2025-01-19,Notebook Pro 14,Tecnologia,Sudeste,São Paulo,Carla Mendes,Marketplace,Pessoa Física,2,5007.25,0.1,9013.05,7524.94,1488.11
PED-00673,2025-11-07,SSD 1TB,Componentes,Nordeste,Fortaleza,Felipe Martins,Marketplace,Grande Empresa,3,448.05,0.1,1209.74,866.76,342.98
PED-00674,2025-07-15,Notebook Air 13,Tecnologia,Nordeste,Fortaleza,Diego Alves,Venda Corporativa,Pessoa Física,3,3600.82,0.1,9722.21,8323.68,1398.53
PED-00675,2026-07-06,Monitor 24,Tecnologia,Sudeste,Campinas,Carla Mendes,Loja Física,Pessoa Física,1,916.24,0,916.24,618.01,298.23
PED-00676,2026-04-28,Notebook Pro 14,Tecnologia,Nordeste,Fortaleza,Diego Alves,E-commerce,Pessoa Física,4,4754.73,0,19018.92,14952.28,4066.64
PED-00677,2026-03-19,Headset Pro,Acessórios,Nordeste,Fortaleza,João Ribeiro,Loja Física,Pessoa Física,1,330.32,0.05,313.8,174.65,139.15
PED-00678,2026-09-19,SSD 500GB,Componentes,Centro-Oeste,Goiânia,Diego Alves,Marketplace,Pessoa Física,2,281.61,0,563.22,371.14,192.08
PED-00679,2026-03-04,Webcam HD,Acessórios,Sudeste,Belo Horizonte,Henrique Dias,Marketplace,Pessoa Física,1,247.52,0,247.52,125.53,121.99
PED-00680,2025-08-13,SSD 1TB,Componentes,Centro-Oeste,Goiânia,João Ribeiro,Venda Corporativa,Pequena Empresa,2,468.46,0.15,796.38,588.28,208.1
PED-00681,2026-03-03,SSD 500GB,Componentes,Sul,Porto Alegre,Henrique Dias,Marketplace,Média Empresa,2,295.49,0,590.98,365.5,225.48
PED-00682,2025-05-13,Monitor 27,Tecnologia,Sudeste,Campinas,Bruno Costa,Marketplace,Grande Empresa,2,1512.46,0,3024.92,2057.9,967.02
PED-00683,2026-01-03,Teclado Mecânico,Acessórios,Sudeste,Rio de Janeiro,Carla Mendes,Marketplace,Média Empresa,1,399.06,0,399.06,219.99,179.07
PED-00684,2025-05-04,Dock Station,Acessórios,Sudeste,Belo Horizonte,Felipe Martins,Marketplace,Pequena Empresa,4,566.98,0.05,2154.52,1289.28,865.24
PED-00685,2026-06-12,SSD 1TB,Componentes,Sul,Florianópolis,Ana Lima,Venda Corporativa,Pessoa Física,2,448.79,0.15,762.94,576.64,186.3
PED-00686,2026-09-18,SSD 1TB,Componentes,Nordeste,Salvador,Isabela Freitas,E-commerce,Pessoa Física,2,474.5,0.15,806.65,578.74,227.91
PED-00687,2025-10-27,Memória 16GB,Componentes,Sudeste,Campinas,Bruno Costa,E-commerce,Pessoa Física,4,313.94,0,1255.76,800.56,455.2
PED-00688,2025-01-07,Monitor 24,Tecnologia,Nordeste,Recife,Felipe Martins,E-commerce,Pessoa Física,1,898.15,0.1,808.34,604.2,204.14
PED-00689,2025-09-09,Monitor 27,Tecnologia,Nordeste,Fortaleza,Gabriela Souza,Marketplace,Pessoa Física,2,1548.26,0.15,2632.04,2051.4,580.64
PED-00690,2026-06-13,SSD 500GB,Componentes,Sudeste,São Paulo,Henrique Dias,E-commerce,Pessoa Física,4,282.05,0.15,958.97,713.44,245.53
PED-00691,2025-06-18,Headset Pro,Acessórios,Sudeste,São Paulo,Carla Mendes,Venda Corporativa,Pessoa Física,3,334.34,0.1,902.72,521.4,381.32
PED-00692,2025-10-30,Headset Pro,Acessórios,Sudeste,Belo Horizonte,Felipe Martins,Venda Corporativa,Pessoa Física,1,340.33,0.05,323.31,175.96,147.35
PED-00693,2026-04-02,SSD 500GB,Componentes,Sudeste,Campinas,Felipe Martins,Venda Corporativa,Pequena Empresa,2,286.43,0,572.86,349.8,223.06
PED-00694,2025-12-09,Headset Pro,Acessórios,Nordeste,Fortaleza,Carla Mendes,Loja Física,Pessoa Física,1,326.32,0.05,310.0,171.66,138.34
PED-00695,2025-06-13,Notebook Pro 14,Tecnologia,Sudeste,Belo Horizonte,Diego Alves,Marketplace,Pessoa Física,2,5003.05,0.05,9505.8,7584.04,1921.76
PED-00696,2025-09-23,SSD 500GB,Componentes,Sul,Curitiba,Ana Lima,Marketplace,Grande Empresa,2,280.44,0.05,532.84,357.32,175.52
PED-00697,2025-08-30,Memória 16GB,Componentes,Centro-Oeste,Cuiabá,Isabela Freitas,Marketplace,Pessoa Física,1,327.63,0.1,294.87,194.84,100.03
PED-00698,2025-05-24,Memória 16GB,Componentes,Sudeste,Rio de Janeiro,Bruno Costa,E-commerce,Pequena Empresa,4,311.62,0,1246.48,786.76,459.72
PED-00699,2026-02-26,Notebook Air 13,Tecnologia,Sudeste,Campinas,Carla Mendes,Loja Física,Pessoa Física,1,3639.23,0.05,3457.27,2754.24,703.03
PED-00700,2026-02-09,Teclado Mecânico,Acessórios,Sul,Florianópolis,Gabriela Souza,Venda Corporativa,Pequena Empresa,6,398.67,0.1,2152.82,1278.9,873.92
PED-00701,2026-06-02,Monitor 27,Tecnologia,Sul,Porto Alegre,Carla Mendes,Venda Corporativa,Pessoa Física,2,1501.82,0.1,2703.28,1925.28,778.0
PED-00702,2025-06-10,Dock Station,Acessórios,Sudeste,São Paulo,João Ribeiro,Venda Corporativa,Pessoa Física,1,552.62,0,552.62,306.36,246.26
PED-00703,2025-11-09,Mouse Wireless,Acessórios,Sudeste,Campinas,Ana Lima,Marketplace,Pessoa Física,2,184.83,0,369.66,170.92,198.74
PED-00704,2025-08-09,Monitor 27,Tecnologia,Nordeste,Recife,Ana Lima,E-commerce,Pessoa Física,5,1514.16,0.05,7192.26,4996.05,2196.21
PED-00705,2025-12-12,Headset Pro,Acessórios,Sudeste,Rio de Janeiro,Carla Mendes,Loja Física,Pessoa Física,2,339.08,0.05,644.25,342.94,301.31
PED-00706,2026-02-24,Headset Pro,Acessórios,Sudeste,Campinas,Felipe Martins,Loja Física,Grande Empresa,5,334.01,0.1,1503.05,889.75,613.3
PED-00707,2025-01-26,SSD 1TB,Componentes,Sul,Florianópolis,Eduarda Rocha,Loja Física,Pessoa Física,2,465.11,0,930.22,595.9,334.32
PED-00708,2025-02-24,SSD 1TB,Componentes,Sul,Porto Alegre,Isabela Freitas,Venda Corporativa,Pessoa Física,6,445.84,0,2675.04,1813.44,861.6
PED-00709,2025-09-09,Memória 16GB,Componentes,Nordeste,Fortaleza,Henrique Dias,E-commerce,Pessoa Física,1,320.4,0.05,304.38,199.67,104.71
PED-00710,2025-12-15,Headset Pro,Acessórios,Sudeste,São Paulo,Isabela Freitas,E-commerce,Pessoa Física,1,323.0,0,323.0,169.3,153.7
PED-00711,2025-09-19,Notebook Air 13,Tecnologia,Sudeste,Campinas,Carla Mendes,E-commerce,Grande Empresa,1,3566.11,0.1,3209.5,2674.53,534.97
PED-00712,2025-05-26,Headset Pro,Acessórios,Centro-Oeste,Goiânia,Gabriela Souza,Venda Corporativa,Média Empresa,1,332.88,0,332.88,170.41,162.47
PED-00713,2026-06-05,Dock Station,Acessórios,Sudeste,São Paulo,Eduarda Rocha,E-commerce,Pessoa Física,2,548.19,0.05,1041.56,617.74,423.82
PED-00714,2025-01-20,Teclado Mecânico,Acessórios,Sul,Florianópolis,Bruno Costa,E-commerce,Pessoa Física,4,398.39,0,1593.56,847.84,745.72
PED-00715,2026-05-28,Monitor 24,Tecnologia,Nordeste,Salvador,Felipe Martins,Loja Física,Pessoa Física,1,932.53,0.2,746.02,601.13,144.89
PED-00716,2025-02-12,Notebook Pro 14,Tecnologia,Nordeste,Fortaleza,Eduarda Rocha,Marketplace,Pessoa Física,1,4845.75,0.15,4118.89,3641.1,477.79
PED-00717,2026-01-25,Mouse Wireless,Acessórios,Nordeste,Salvador,João Ribeiro,Marketplace,Pessoa Física,1,174.51,0.05,165.78,80.87,84.91
PED-00718,2025-05-06,Monitor 27,Tecnologia,Nordeste,Recife,Gabriela Souza,E-commerce,Pessoa Física,4,1553.23,0.15,5280.98,4015.88,1265.1
PED-00719,2026-04-09,Teclado Mecânico,Acessórios,Sudeste,Belo Horizonte,Felipe Martins,E-commerce,Grande Empresa,1,390.76,0.15,332.15,224.58,107.57
PED-00720,2026-09-16,Webcam HD,Acessórios,Sudeste,São Paulo,Carla Mendes,Loja Física,Média Empresa,3,250.91,0.1,677.46,391.26,286.2
PED-00721,2025-03-21,Dock Station,Acessórios,Sudeste,Campinas,Bruno Costa,E-commerce,Média Empresa,4,539.34,0,2157.36,1281.84,875.52
PED-00722,2025-01-09,Notebook Air 13,Tecnologia,Sudeste,Rio de Janeiro,Henrique Dias,E-commerce,Pequena Empresa,3,3669.7,0.1,9908.19,8076.39,1831.8
PED-00723,2026-09-21,SSD 500GB,Componentes,Sudeste,Rio de Janeiro,Diego Alves,Venda Corporativa,Grande Empresa,1,294.57,0.05,279.84,181.99,97.85
PED-00724,2025-01-08,Monitor 24,Tecnologia,Centro-Oeste,Cuiabá,Gabriela Souza,E-commerce,Pessoa Física,2,884.22,0,1768.44,1217.42,551.02
PED-00725,2026-09-10,SSD 1TB,Componentes,Sudeste,Rio de Janeiro,Bruno Costa,E-commerce,Média Empresa,5,468.65,0.15,1991.76,1458.85,532.91
PED-00726,2025-01-24,Memória 16GB,Componentes,Sul,Florianópolis,Eduarda Rocha,Marketplace,Média Empresa,1,324.46,0.05,308.24,195.87,112.37
PED-00727,2025-11-27,Headset Pro,Acessórios,Nordeste,Recife,Eduarda Rocha,E-commerce,Pessoa Física,2,320.13,0.05,608.25,352.42,255.83
PED-00728,2025-02-18,Teclado Mecânico,Acessórios,Centro-Oeste,Cuiabá,Henrique Dias,E-commerce,Pessoa Física,1,409.59,0.15,348.15,225.6,122.55
PED-00729,2025-08-20,Memória 16GB,Componentes,Sudeste,São Paulo,Diego Alves,E-commerce,Pessoa Física,1,310.05,0.05,294.55,192.96,101.59
PED-00730,2025-01-25,SSD 1TB,Componentes,Nordeste,Recife,Eduarda Rocha,E-commerce,Pessoa Física,8,471.63,0.15,3207.08,2374.24,832.84
PED-00731,2025-08-31,Notebook Air 13,Tecnologia,Nordeste,Fortaleza,Henrique Dias,Marketplace,Pequena Empresa,2,3506.32,0,7012.64,5324.26,1688.38
PED-00732,2025-11-17,Memória 16GB,Componentes,Sudeste,Rio de Janeiro,Ana Lima,Venda Corporativa,Pessoa Física,1,310.9,0.05,295.35,196.24,99.11
PED-00733,2026-07-27,Notebook Pro 14,Tecnologia,Sudeste,Campinas,Gabriela Souza,E-commerce,Pequena Empresa,1,4978.27,0.05,4729.36,3579.71,1149.65
PED-00734,2026-01-29,Webcam HD,Acessórios,Nordeste,Fortaleza,João Ribeiro,E-commerce,Pequena Empresa,3,250.55,0,751.65,385.98,365.67
PED-00735,2025-04-21,Notebook Air 13,Tecnologia,Sudeste,São Paulo,João Ribeiro,Marketplace,Pessoa Física,2,3555.6,0.1,6400.08,5471.34,928.74
PED-00736,2026-09-28,Webcam HD,Acessórios,Sudeste,Rio de Janeiro,Ana Lima,E-commerce,Pessoa Física,2,254.68,0.2,407.49,252.44,155.05
PED-00737,2026-07-09,Monitor 27,Tecnologia,Sudeste,Belo Horizonte,João Ribeiro,E-commerce,Pessoa Física,1,1525.2,0.05,1448.94,964.33,484.61
PED-00738,2026-06-04,Dock Station,Acessórios,Nordeste,Recife,Felipe Martins,E-commerce,Pessoa Física,5,545.66,0.1,2455.47,1591.45,864.02
PED-00739,2026-04-24,SSD 1TB,Componentes,Nordeste,Fortaleza,João Ribeiro,Venda Corporativa,Pequena Empresa,2,459.83,0,919.66,604.58,315.08
PED-00740,2025-02-13,Webcam HD,Acessórios,Sudeste,São Paulo,Diego Alves,Marketplace,Pessoa Física,1,254.92,0.05,242.17,130.67,111.5
PED-00741,2026-01-20,Monitor 24,Tecnologia,Sudeste,São Paulo,Felipe Martins,E-commerce,Pessoa Física,2,899.74,0,1799.48,1208.54,590.94
PED-00742,2026-01-04,Notebook Pro 14,Tecnologia,Centro-Oeste,Brasília,Diego Alves,E-commerce,Pessoa Física,1,5042.67,0,5042.67,3639.84,1402.83
PED-00743,2025-07-20,Notebook Pro 14,Tecnologia,Sudeste,Belo Horizonte,Bruno Costa,E-commerce,Pequena Empresa,1,4790.08,0.1,4311.07,3816.18,494.89
PED-00744,2025-11-09,Webcam HD,Acessórios,Sudeste,Belo Horizonte,Carla Mendes,Venda Corporativa,Grande Empresa,10,256.84,0.15,2183.14,1240.6,942.54
PED-00745,2025-05-28,Monitor 27,Tecnologia,Nordeste,Salvador,Isabela Freitas,E-commerce,Pessoa Física,2,1479.69,0.2,2367.5,1927.14,440.36
PED-00746,2026-09-23,SSD 1TB,Componentes,Sudeste,Belo Horizonte,Carla Mendes,E-commerce,Pessoa Física,4,472.59,0.15,1606.81,1223.8,383.01
PED-00747,2026-05-16,Monitor 24,Tecnologia,Nordeste,Recife,João Ribeiro,E-commerce,Pessoa Física,3,904.07,0.1,2440.99,1796.37,644.62
PED-00748,2026-04-21,Monitor 27,Tecnologia,Sudeste,Belo Horizonte,Isabela Freitas,Marketplace,Pequena Empresa,2,1496.1,0,2992.2,2047.18,945.02
PED-00749,2026-08-21,SSD 500GB,Componentes,Sudeste,Rio de Janeiro,Diego Alves,Loja Física,Pessoa Física,1,287.96,0.05,273.56,176.4,97.16
PED-00750,2026-01-19,Teclado Mecânico,Acessórios,Sul,Curitiba,Bruno Costa,E-commerce,Pessoa Física,1,401.34,0,401.34,215.76,185.58
PED-00751,2026-04-07,Webcam HD,Acessórios,Sudeste,Belo Horizonte,Henrique Dias,E-commerce,Pessoa Física,1,252.78,0,252.78,126.65,126.13
PED-00752,2025-03-26,Teclado Mecânico,Acessórios,Nordeste,Fortaleza,Isabela Freitas,Loja Física,Pequena Empresa,6,389.02,0,2334.12,1267.68,1066.44
PED-00753,2025-07-25,Mouse Wireless,Acessórios,Sudeste,Belo Horizonte,Eduarda Rocha,E-commerce,Média Empresa,3,182.47,0,547.41,258.27,289.14
PED-00754,2026-07-11,Teclado Mecânico,Acessórios,Sudeste,Belo Horizonte,Eduarda Rocha,Marketplace,Pequena Empresa,2,403.23,0.05,766.14,441.12,325.02
PED-00755,2026-04-29,SSD 500GB,Componentes,Sul,Curitiba,Gabriela Souza,E-commerce,Pequena Empresa,1,292.21,0,292.21,181.33,110.88
PED-00756,2026-04-25,Memória 16GB,Componentes,Nordeste,Recife,Bruno Costa,E-commerce,Pessoa Física,4,314.11,0.1,1130.8,772.8,358.0
PED-00757,2026-07-26,Notebook Pro 14,Tecnologia,Sudeste,Rio de Janeiro,Eduarda Rocha,Venda Corporativa,Pessoa Física,4,4868.57,0.15,16553.14,14736.36,1816.78
PED-00758,2026-02-18,Memória 16GB,Componentes,Sul,Porto Alegre,João Ribeiro,E-commerce,Pequena Empresa,6,330.7,0,1984.2,1149.6,834.6
PED-00759,2026-09-10,SSD 1TB,Componentes,Sul,Porto Alegre,Gabriela Souza,E-commerce,Pessoa Física,2,448.72,0,897.44,595.6,301.84
PED-00760,2026-04-08,SSD 500GB,Componentes,Centro-Oeste,Brasília,Carla Mendes,E-commerce,Pessoa Física,1,290.21,0.1,261.19,176.77,84.42
PED-00761,2025-03-13,Headset Pro,Acessórios,Sudeste,Rio de Janeiro,Eduarda Rocha,Marketplace,Pessoa Física,1,323.09,0.05,306.94,177.87,129.07
PED-00762,2026-02-25,Headset Pro,Acessórios,Sudeste,São Paulo,Carla Mendes,Loja Física,Pessoa Física,1,339.07,0.2,271.26,169.14,102.12
PED-00763,2025-07-30,Teclado Mecânico,Acessórios,Sudeste,Campinas,Carla Mendes,Loja Física,Média Empresa,2,406.16,0.05,771.7,429.7,342.0
PED-00764,2025-01-08,Monitor 27,Tecnologia,Sudeste,Campinas,João Ribeiro,Marketplace,Pessoa Física,6,1502.32,0.15,7661.83,5999.52,1662.31
PED-00765,2025-04-04,Teclado Mecânico,Acessórios,Sul,Porto Alegre,Felipe Martins,Marketplace,Pequena Empresa,1,409.65,0.05,389.17,213.34,175.83
PED-00766,2025-09-13,Monitor 27,Tecnologia,Centro-Oeste,Cuiabá,Gabriela Souza,Loja Física,Média Empresa,1,1495.33,0.05,1420.56,1025.27,395.29
PED-00767,2025-09-03,Monitor 27,Tecnologia,Sudeste,Belo Horizonte,Bruno Costa,Marketplace,Pequena Empresa,1,1558.16,0.05,1480.25,998.32,481.93
PED-00768,2026-01-13,Notebook Air 13,Tecnologia,Nordeste,Fortaleza,Felipe Martins,Loja Física,Pessoa Física,1,3497.76,0,3497.76,2776.99,720.77
PED-00769,2026-04-18,Headset Pro,Acessórios,Sudeste,Campinas,Diego Alves,E-commerce,Pessoa Física,1,326.66,0.15,277.66,176.54,101.12
PED-00770,2026-05-12,Webcam HD,Acessórios,Sudeste,Rio de Janeiro,Henrique Dias,E-commerce,Média Empresa,4,241.84,0,967.36,497.48,469.88
PED-00771,2025-10-29,Notebook Air 13,Tecnologia,Sul,Porto Alegre,Carla Mendes,E-commerce,Pequena Empresa,3,3581.24,0,10743.72,8090.7,2653.02
PED-00772,2025-02-05,SSD 500GB,Componentes,Sul,Porto Alegre,Ana Lima,Marketplace,Média Empresa,3,298.48,0.1,805.9,537.93,267.97
PED-00773,2025-11-12,Webcam HD,Acessórios,Sudeste,São Paulo,Ana Lima,Marketplace,Pequena Empresa,6,245.69,0,1474.14,745.74,728.4
PED-00774,2026-03-08,Notebook Pro 14,Tecnologia,Centro-Oeste,Goiânia,Diego Alves,Marketplace,Pessoa Física,8,5038.51,0,40308.08,29973.44,10334.64
PED-00775,2025-06-21,Notebook Pro 14,Tecnologia,Sudeste,São Paulo,Felipe Martins,E-commerce,Pequena Empresa,2,4887.51,0.15,8308.77,7372.64,936.13
PED-00776,2025-08-26,Monitor 24,Tecnologia,Sudeste,Belo Horizonte,Carla Mendes,E-commerce,Pequena Empresa,1,885.88,0,885.88,605.37,280.51
PED-00777,2025-10-13,SSD 500GB,Componentes,Sul,Curitiba,Bruno Costa,Venda Corporativa,Pessoa Física,3,300.37,0.05,856.05,549.96,306.09
PED-00778,2026-08-06,Monitor 27,Tecnologia,Sudeste,São Paulo,João Ribeiro,E-commerce,Pequena Empresa,2,1534.97,0.15,2609.45,1939.04,670.41
PED-00779,2025-06-29,SSD 500GB,Componentes,Nordeste,Fortaleza,Felipe Martins,Venda Corporativa,Pequena Empresa,1,298.78,0,298.78,180.03,118.75
PED-00780,2026-06-08,SSD 500GB,Componentes,Nordeste,Fortaleza,João Ribeiro,Marketplace,Pessoa Física,1,282.84,0.1,254.56,177.39,77.17
PED-00781,2026-03-15,Monitor 24,Tecnologia,Sul,Curitiba,Carla Mendes,E-commerce,Pessoa Física,1,874.42,0,874.42,616.34,258.08
PED-00782,2026-09-05,Webcam HD,Acessórios,Nordeste,Recife,Carla Mendes,E-commerce,Pequena Empresa,3,258.57,0.05,736.92,387.6,349.32
PED-00783,2025-10-23,Notebook Pro 14,Tecnologia,Sudeste,Belo Horizonte,Felipe Martins,E-commerce,Pessoa Física,5,4837.19,0.1,21767.35,18763.1,3004.25
PED-00784,2025-08-16,SSD 1TB,Componentes,Centro-Oeste,Cuiabá,Felipe Martins,E-commerce,Pequena Empresa,1,475.87,0.05,452.08,287.23,164.85
PED-00785,2025-05-25,Monitor 24,Tecnologia,Sudeste,Rio de Janeiro,João Ribeiro,Loja Física,Pequena Empresa,1,898.85,0.05,853.91,597.49,256.42
PED-00786,2025-06-18,Memória 16GB,Componentes,Sudeste,Campinas,Carla Mendes,Loja Física,Pessoa Física,2,313.93,0.2,502.29,397.42,104.87
PED-00787,2026-05-08,Notebook Air 13,Tecnologia,Centro-Oeste,Goiânia,Gabriela Souza,E-commerce,Pessoa Física,2,3600.22,0.05,6840.42,5370.74,1469.68
PED-00788,2026-05-09,Notebook Pro 14,Tecnologia,Nordeste,Recife,Bruno Costa,Marketplace,Média Empresa,2,5001.22,0,10002.44,7285.48,2716.96
PED-00789,2026-04-20,Teclado Mecânico,Acessórios,Sudeste,Campinas,Isabela Freitas,Loja Física,Pessoa Física,1,391.35,0.05,371.78,213.55,158.23
PED-00790,2025-01-14,Dock Station,Acessórios,Nordeste,Recife,Henrique Dias,Loja Física,Pessoa Física,2,547.29,0.1,985.12,620.96,364.16
PED-00791,2026-08-26,Notebook Air 13,Tecnologia,Sudeste,São Paulo,Bruno Costa,E-commerce,Pessoa Física,1,3555.34,0.05,3377.57,2829.01,548.56
PED-00792,2025-12-23,Dock Station,Acessórios,Nordeste,Fortaleza,Felipe Martins,Marketplace,Pequena Empresa,6,541.84,0.1,2925.94,1827.3,1098.64
PED-00793,2026-01-06,SSD 500GB,Componentes,Nordeste,Salvador,Carla Mendes,E-commerce,Pessoa Física,3,292.51,0,877.53,558.9,318.63
PED-00794,2025-06-15,Notebook Pro 14,Tecnologia,Sudeste,São Paulo,Gabriela Souza,E-commerce,Pequena Empresa,5,4816.78,0.05,22879.71,18425.3,4454.41
PED-00795,2026-03-14,Teclado Mecânico,Acessórios,Nordeste,Fortaleza,Isabela Freitas,Marketplace,Pessoa Física,1,411.51,0.05,390.93,221.65,169.28
PED-00796,2025-04-02,Notebook Air 13,Tecnologia,Sul,Porto Alegre,Carla Mendes,E-commerce,Pessoa Física,3,3492.65,0.1,9430.16,8063.25,1366.91
PED-00797,2026-05-19,Notebook Pro 14,Tecnologia,Sudeste,Campinas,Isabela Freitas,Loja Física,Pessoa Física,2,4815.95,0,9631.9,7222.64,2409.26
PED-00798,2026-05-14,Monitor 27,Tecnologia,Sul,Curitiba,Henrique Dias,Loja Física,Pessoa Física,1,1538.94,0.1,1385.05,973.56,411.49
PED-00799,2026-02-23,Webcam HD,Acessórios,Sul,Florianópolis,Bruno Costa,Venda Corporativa,Pessoa Física,1,246.35,0,246.35,126.5,119.85
PED-00800,2026-08-23,Monitor 24,Tecnologia,Sudeste,São Paulo,Ana Lima,E-commerce,Pequena Empresa,1,934.18,0.05,887.47,582.2,305.27
PED-00801,2026-06-19,Notebook Pro 14,Tecnologia,Sudeste,Belo Horizonte,Henrique Dias,Loja Física,Pessoa Física,2,5057.29,0,10114.58,7664.72,2449.86
PED-00802,2025-09-03,Mouse Wireless,Acessórios,Sul,Porto Alegre,João Ribeiro,E-commerce,Pessoa Física,1,179.36,0,179.36,84.37,94.99
PED-00803,2025-05-23,Notebook Pro 14,Tecnologia,Sul,Florianópolis,Eduarda Rocha,Venda Corporativa,Pequena Empresa,1,4987.34,0.05,4737.97,3799.25,938.72
PED-00804,2026-06-12,Headset Pro,Acessórios,Sul,Curitiba,Felipe Martins,E-commerce,Pessoa Física,1,326.63,0.1,293.97,172.9,121.07
PED-00805,2026-09-14,Webcam HD,Acessórios,Sudeste,São Paulo,Felipe Martins,Loja Física,Média Empresa,6,256.47,0.2,1231.06,788.76,442.3
PED-00806,2026-01-30,Teclado Mecânico,Acessórios,Sul,Florianópolis,Carla Mendes,Venda Corporativa,Média Empresa,4,387.92,0.1,1396.51,872.76,523.75
PED-00807,2025-03-31,Teclado Mecânico,Acessórios,Nordeste,Fortaleza,Henrique Dias,E-commerce,Pessoa Física,1,393.76,0.1,354.38,213.89,140.49
PED-00808,2025-04-02,Notebook Air 13,Tecnologia,Sudeste,São Paulo,Carla Mendes,Venda Corporativa,Pessoa Física,2,3672.21,0,7344.42,5564.26,1780.16
PED-00809,2025-05-07,SSD 500GB,Componentes,Sudeste,Campinas,Bruno Costa,Marketplace,Pessoa Física,1,299.02,0.05,284.07,175.25,108.82
PED-00810,2025-12-18,Headset Pro,Acessórios,Centro-Oeste,Cuiabá,Gabriela Souza,Marketplace,Pequena Empresa,8,324.5,0.05,2466.2,1365.44,1100.76
PED-00811,2025-10-25,Notebook Air 13,Tecnologia,Sudeste,Belo Horizonte,João Ribeiro,Venda Corporativa,Pequena Empresa,1,3706.01,0,3706.01,2836.79,869.22
PED-00812,2026-08-14,Memória 16GB,Componentes,Sudeste,São Paulo,João Ribeiro,Loja Física,Média Empresa,8,317.58,0,2540.64,1570.08,970.56
PED-00813,2025-05-10,Dock Station,Acessórios,Sul,Florianópolis,Diego Alves,E-commerce,Pessoa Física,5,563.89,0,2819.45,1551.2,1268.25
PED-00814,2025-08-13,Webcam HD,Acessórios,Sul,Curitiba,João Ribeiro,E-commerce,Pequena Empresa,4,242.13,0.1,871.67,505.2,366.47
PED-00815,2026-05-30,Memória 16GB,Componentes,Sudeste,Campinas,Diego Alves,Loja Física,Pequena Empresa,1,316.87,0.2,253.5,198.25,55.25
PED-00816,2025-08-04,Memória 16GB,Componentes,Centro-Oeste,Brasília,Ana Lima,Venda Corporativa,Pequena Empresa,5,316.11,0.1,1422.49,990.4,432.09
PED-00817,2025-06-13,Notebook Pro 14,Tecnologia,Sul,Porto Alegre,Gabriela Souza,Marketplace,Grande Empresa,3,4933.04,0.05,14059.16,10947.96,3111.2
PED-00818,2025-07-19,Memória 16GB,Componentes,Nordeste,Recife,Bruno Costa,E-commerce,Pequena Empresa,2,328.41,0.1,591.14,393.34,197.8
PED-00819,2026-04-14,SSD 500GB,Componentes,Sudeste,Rio de Janeiro,Henrique Dias,Marketplace,Pessoa Física,1,295.47,0,295.47,183.6,111.87
PED-00820,2025-01-10,Mouse Wireless,Acessórios,Nordeste,Fortaleza,Bruno Costa,Marketplace,Grande Empresa,1,178.98,0.2,143.18,85.19,57.99
PED-00821,2025-02-27,Notebook Air 13,Tecnologia,Sudeste,Campinas,Carla Mendes,Venda Corporativa,Pessoa Física,2,3600.32,0,7200.64,5367.96,1832.68
PED-00822,2026-02-18,Monitor 24,Tecnologia,Sudeste,Rio de Janeiro,Gabriela Souza,Loja Física,Pequena Empresa,8,895.65,0.1,6448.68,4854.16,1594.52
PED-00823,2025-04-02,Webcam HD,Acessórios,Centro-Oeste,Cuiabá,Gabriela Souza,E-commerce,Pequena Empresa,1,242.97,0,242.97,127.79,115.18
PED-00824,2026-06-06,Monitor 24,Tecnologia,Sudeste,Campinas,Eduarda Rocha,Marketplace,Pessoa Física,2,934.96,0.05,1776.42,1214.44,561.98
PED-00825,2025-11-02,SSD 1TB,Componentes,Sudeste,Belo Horizonte,Bruno Costa,Marketplace,Média Empresa,2,467.74,0.05,888.71,588.42,300.29
PED-00826,2026-07-04,Dock Station,Acessórios,Sul,Florianópolis,João Ribeiro,Loja Física,Média Empresa,3,540.5,0.1,1459.35,954.27,505.08
PED-00827,2025-05-01,Monitor 27,Tecnologia,Centro-Oeste,Cuiabá,Carla Mendes,E-commerce,Pessoa Física,1,1514.37,0,1514.37,1005.17,509.2
PED-00828,2025-03-31,Dock Station,Acessórios,Sudeste,São Paulo,Bruno Costa,Venda Corporativa,Pessoa Física,1,548.79,0.05,521.35,324.31,197.04
PED-00829,2025-01-01,Monitor 24,Tecnologia,Sudeste,Belo Horizonte,Isabela Freitas,Loja Física,Pessoa Física,3,934.08,0.05,2662.13,1778.22,883.91
PED-00830,2026-07-06,Dock Station,Acessórios,Sudeste,São Paulo,Ana Lima,E-commerce,Pessoa Física,1,569.32,0.15,483.92,316.87,167.05
PED-00831,2025-08-10,SSD 1TB,Componentes,Sudeste,Rio de Janeiro,João Ribeiro,Loja Física,Pessoa Física,1,450.48,0.1,405.43,295.48,109.95
PED-00832,2025-09-18,SSD 500GB,Componentes,Sudeste,Rio de Janeiro,Isabela Freitas,E-commerce,Pequena Empresa,1,293.39,0.1,264.05,183.34,80.71
PED-00833,2026-08-01,SSD 500GB,Componentes,Sul,Florianópolis,João Ribeiro,E-commerce,Média Empresa,1,288.0,0.1,259.2,186.45,72.75
PED-00834,2025-09-11,Notebook Air 13,Tecnologia,Sudeste,São Paulo,Isabela Freitas,Loja Física,Pessoa Física,1,3687.05,0.15,3133.99,2683.56,450.43
PED-00835,2025-08-20,Teclado Mecânico,Acessórios,Sudeste,Campinas,Diego Alves,E-commerce,Pessoa Física,6,407.37,0,2444.22,1291.86,1152.36
PED-00836,2026-05-17,Notebook Air 13,Tecnologia,Sul,Florianópolis,João Ribeiro,Venda Corporativa,Pessoa Física,2,3534.05,0.15,6007.89,5670.7,337.19
PED-00837,2026-02-03,Monitor 27,Tecnologia,Sudeste,Campinas,Henrique Dias,Loja Física,Pessoa Física,3,1523.03,0.1,4112.18,2910.57,1201.61
PED-00838,2026-08-05,Memória 16GB,Componentes,Sudeste,Belo Horizonte,Diego Alves,Marketplace,Pessoa Física,2,317.33,0.05,602.93,386.9,216.03
PED-00839,2025-10-21,Teclado Mecânico,Acessórios,Centro-Oeste,Cuiabá,Diego Alves,E-commerce,Média Empresa,6,395.76,0.05,2255.83,1272.36,983.47
PED-00840,2025-03-23,Notebook Air 13,Tecnologia,Nordeste,Salvador,Carla Mendes,Loja Física,Pessoa Física,1,3694.68,0.15,3140.48,2657.83,482.65
PED-00841,2026-03-11,SSD 500GB,Componentes,Sul,Florianópolis,Carla Mendes,Loja Física,Pessoa Física,10,294.45,0.15,2502.82,1794.9,707.92
PED-00842,2026-09-24,Monitor 24,Tecnologia,Centro-Oeste,Cuiabá,Ana Lima,Marketplace,Pequena Empresa,3,918.53,0,2755.59,1852.41,903.18
PED-00843,2026-06-25,SSD 500GB,Componentes,Sul,Florianópolis,Henrique Dias,Venda Corporativa,Pequena Empresa,5,284.88,0.05,1353.18,876.9,476.28
PED-00844,2025-05-17,Dock Station,Acessórios,Sudeste,São Paulo,Gabriela Souza,Loja Física,Pessoa Física,8,558.63,0,4469.04,2574.8,1894.24
PED-00845,2025-05-01,Teclado Mecânico,Acessórios,Sudeste,Belo Horizonte,Eduarda Rocha,E-commerce,Pequena Empresa,2,395.54,0,791.08,449.48,341.6
PED-00846,2026-06-12,Notebook Pro 14,Tecnologia,Centro-Oeste,Cuiabá,Henrique Dias,E-commerce,Pessoa Física,2,4788.78,0,9577.56,7332.7,2244.86
PED-00847,2025-07-10,Headset Pro,Acessórios,Sudeste,São Paulo,Gabriela Souza,Loja Física,Pessoa Física,2,321.98,0,643.96,346.82,297.14
PED-00848,2025-06-09,SSD 500GB,Componentes,Sudeste,Campinas,Gabriela Souza,E-commerce,Pessoa Física,5,285.78,0.05,1357.45,933.85,423.6
PED-00849,2026-03-26,Monitor 27,Tecnologia,Sudeste,Campinas,Ana Lima,E-commerce,Média Empresa,1,1458.25,0,1458.25,987.47,470.78
PED-00850,2025-12-06,Notebook Pro 14,Tecnologia,Sudeste,Rio de Janeiro,Henrique Dias,Venda Corporativa,Grande Empresa,1,4921.97,0.05,4675.87,3751.18,924.69
PED-00851,2025-05-11,Mouse Wireless,Acessórios,Nordeste,Recife,Isabela Freitas,Marketplace,Pequena Empresa,4,185.63,0,742.52,339.64,402.88
PED-00852,2025-05-10,Monitor 27,Tecnologia,Sudeste,São Paulo,Diego Alves,E-commerce,Média Empresa,2,1454.87,0.05,2764.25,1986.68,777.57
PED-00853,2025-10-16,Webcam HD,Acessórios,Sudeste,Campinas,Diego Alves,Loja Física,Pequena Empresa,1,243.53,0,243.53,125.8,117.73
PED-00854,2025-09-11,SSD 500GB,Componentes,Nordeste,Salvador,Henrique Dias,Marketplace,Média Empresa,3,284.0,0.05,809.4,560.43,248.97
PED-00855,2026-08-29,SSD 500GB,Componentes,Sul,Curitiba,Bruno Costa,E-commerce,Pessoa Física,10,288.95,0.15,2456.07,1821.2,634.87
PED-00856,2025-04-04,Notebook Pro 14,Tecnologia,Sudeste,Belo Horizonte,Diego Alves,E-commerce,Pessoa Física,1,4769.74,0.05,4531.25,3605.12,926.13
PED-00857,2026-01-08,Teclado Mecânico,Acessórios,Centro-Oeste,Cuiabá,Gabriela Souza,E-commerce,Média Empresa,1,405.48,0,405.48,215.54,189.94
PED-00858,2025-10-20,Webcam HD,Acessórios,Sudeste,São Paulo,Gabriela Souza,E-commerce,Grande Empresa,1,243.22,0,243.22,123.6,119.62
PED-00859,2026-07-20,Monitor 27,Tecnologia,Sudeste,Belo Horizonte,João Ribeiro,Loja Física,Pessoa Física,3,1494.33,0,4482.99,3063.78,1419.21
PED-00860,2025-05-14,SSD 500GB,Componentes,Nordeste,Salvador,Ana Lima,Loja Física,Média Empresa,3,294.59,0,883.77,557.91,325.86
PED-00861,2025-03-18,Dock Station,Acessórios,Sul,Porto Alegre,Henrique Dias,Venda Corporativa,Pessoa Física,3,539.9,0,1619.7,947.25,672.45
PED-00862,2025-09-16,Dock Station,Acessórios,Centro-Oeste,Goiânia,Henrique Dias,Loja Física,Pessoa Física,2,552.66,0.05,1050.05,648.94,401.11
PED-00863,2025-01-23,Monitor 27,Tecnologia,Sul,Florianópolis,Carla Mendes,E-commerce,Grande Empresa,1,1473.99,0.2,1179.19,1016.28,162.91
PED-00864,2026-05-22,SSD 500GB,Componentes,Sul,Florianópolis,Bruno Costa,E-commerce,Pequena Empresa,2,288.44,0.1,519.19,355.64,163.55
PED-00865,2025-07-08,Notebook Pro 14,Tecnologia,Sudeste,Rio de Janeiro,João Ribeiro,Marketplace,Média Empresa,4,4994.74,0.05,18980.01,14844.64,4135.37
PED-00866,2025-11-07,Monitor 24,Tecnologia,Sudeste,Belo Horizonte,Isabela Freitas,E-commerce,Pessoa Física,2,912.28,0,1824.56,1234.22,590.34
PED-00867,2025-10-12,Monitor 27,Tecnologia,Sudeste,São Paulo,Diego Alves,Venda Corporativa,Pessoa Física,1,1520.42,0.1,1368.38,1027.09,341.29
PED-00868,2025-11-29,Notebook Air 13,Tecnologia,Centro-Oeste,Cuiabá,Eduarda Rocha,Marketplace,Pessoa Física,2,3505.46,0,7010.92,5621.16,1389.76
PED-00869,2025-12-31,Monitor 24,Tecnologia,Nordeste,Recife,Carla Mendes,E-commerce,Pessoa Física,3,931.12,0.15,2374.36,1806.87,567.49
PED-00870,2026-01-27,SSD 500GB,Componentes,Sudeste,Rio de Janeiro,Henrique Dias,E-commerce,Pessoa Física,2,295.56,0.1,532.01,352.76,179.25
PED-00871,2025-08-26,Memória 16GB,Componentes,Nordeste,Recife,Carla Mendes,Venda Corporativa,Pessoa Física,1,328.69,0,328.69,189.71,138.98
PED-00872,2026-05-18,Memória 16GB,Componentes,Sudeste,Belo Horizonte,Ana Lima,E-commerce,Média Empresa,4,313.62,0.1,1129.03,756.4,372.63
PED-00873,2026-03-13,Monitor 24,Tecnologia,Sudeste,Campinas,Bruno Costa,Marketplace,Pessoa Física,3,878.31,0,2634.93,1782.18,852.75
PED-00874,2025-04-23,Notebook Pro 14,Tecnologia,Nordeste,Fortaleza,Ana Lima,E-commerce,Pequena Empresa,1,4957.66,0.15,4214.01,3779.46,434.55
PED-00875,2025-01-10,Notebook Air 13,Tecnologia,Sul,Porto Alegre,Bruno Costa,E-commerce,Pessoa Física,2,3532.13,0.05,6711.05,5437.46,1273.59
PED-00876,2025-06-08,Monitor 24,Tecnologia,Sudeste,Belo Horizonte,Isabela Freitas,E-commerce,Média Empresa,1,904.22,0,904.22,612.75,291.47
PED-00877,2025-05-26,Notebook Pro 14,Tecnologia,Centro-Oeste,Brasília,Diego Alves,Loja Física,Pessoa Física,3,5053.46,0,15160.38,11025.9,4134.48
PED-00878,2025-04-26,Webcam HD,Acessórios,Sudeste,São Paulo,Diego Alves,E-commerce,Grande Empresa,1,243.59,0.05,231.41,131.62,99.79
PED-00879,2025-03-28,Notebook Pro 14,Tecnologia,Sul,Curitiba,Gabriela Souza,Loja Física,Pequena Empresa,3,4980.86,0,14942.58,10962.15,3980.43
PED-00880,2025-10-21,Mouse Wireless,Acessórios,Centro-Oeste,Goiânia,Henrique Dias,Marketplace,Média Empresa,4,174.59,0.1,628.52,321.48,307.04
PED-00881,2025-06-02,SSD 500GB,Componentes,Sudeste,Rio de Janeiro,Gabriela Souza,Loja Física,Pequena Empresa,8,282.62,0.1,2034.86,1438.16,596.7
PED-00882,2025-10-13,Monitor 27,Tecnologia,Sudeste,Rio de Janeiro,Carla Mendes,Marketplace,Pessoa Física,2,1556.11,0.05,2956.61,2003.36,953.25
PED-00883,2025-12-08,Monitor 27,Tecnologia,Nordeste,Fortaleza,Diego Alves,E-commerce,Pessoa Física,2,1510.29,0.05,2869.55,1952.38,917.17
PED-00884,2025-03-27,SSD 1TB,Componentes,Nordeste,Fortaleza,João Ribeiro,Marketplace,Média Empresa,1,456.85,0,456.85,290.32,166.53
PED-00885,2025-01-18,Mouse Wireless,Acessórios,Sul,Curitiba,Bruno Costa,E-commerce,Pessoa Física,4,183.89,0.15,625.23,328.2,297.03
PED-00886,2025-05-28,Dock Station,Acessórios,Centro-Oeste,Goiânia,Diego Alves,E-commerce,Pessoa Física,3,559.27,0,1677.81,920.7,757.11
PED-00887,2025-01-27,Memória 16GB,Componentes,Centro-Oeste,Goiânia,Ana Lima,Marketplace,Pequena Empresa,1,328.87,0.15,279.54,187.58,91.96
PED-00888,2026-01-10,Monitor 27,Tecnologia,Sudeste,São Paulo,Ana Lima,Loja Física,Média Empresa,1,1532.05,0,1532.05,1011.72,520.33
PED-00889,2025-11-03,Webcam HD,Acessórios,Sudeste,Belo Horizonte,Henrique Dias,Marketplace,Pequena Empresa,1,256.89,0,256.89,123.76,133.13
PED-00890,2025-06-27,Dock Station,Acessórios,Sudeste,Campinas,Gabriela Souza,Marketplace,Média Empresa,2,567.85,0.1,1022.13,629.38,392.75
PED-00891,2025-08-21,Headset Pro,Acessórios,Centro-Oeste,Goiânia,Bruno Costa,Loja Física,Grande Empresa,1,333.39,0,333.39,170.2,163.19
PED-00892,2025-07-08,Memória 16GB,Componentes,Centro-Oeste,Cuiabá,Bruno Costa,Marketplace,Pessoa Física,1,327.9,0.1,295.11,189.38,105.73
PED-00893,2026-01-16,SSD 500GB,Componentes,Sudeste,Belo Horizonte,Bruno Costa,E-commerce,Pessoa Física,4,285.18,0,1140.72,705.88,434.84
PED-00894,2025-04-20,Notebook Air 13,Tecnologia,Sudeste,São Paulo,Eduarda Rocha,E-commerce,Pessoa Física,6,3512.45,0,21074.7,16583.7,4491.0
PED-00895,2025-02-15,SSD 1TB,Componentes,Centro-Oeste,Goiânia,Ana Lima,E-commerce,Pessoa Física,1,469.38,0.2,375.5,305.76,69.74
PED-00896,2026-05-28,Monitor 24,Tecnologia,Sudeste,Campinas,Felipe Martins,Venda Corporativa,Pequena Empresa,1,918.69,0.05,872.76,582.37,290.39
PED-00897,2025-06-03,Notebook Pro 14,Tecnologia,Sul,Porto Alegre,Henrique Dias,Loja Física,Média Empresa,1,4910.84,0,4910.84,3803.17,1107.67
PED-00898,2025-04-06,Memória 16GB,Componentes,Sudeste,Rio de Janeiro,Carla Mendes,Marketplace,Pessoa Física,8,325.7,0.05,2475.32,1567.12,908.2
PED-00899,2025-12-16,Webcam HD,Acessórios,Nordeste,Recife,Eduarda Rocha,E-commerce,Média Empresa,2,255.02,0.15,433.53,253.8,179.73
PED-00900,2025-08-02,SSD 1TB,Componentes,Sul,Curitiba,João Ribeiro,Loja Física,Pessoa Física,4,473.2,0,1892.8,1189.36,703.44
PED-00901,2025-03-31,Webcam HD,Acessórios,Sudeste,Belo Horizonte,Carla Mendes,Venda Corporativa,Pessoa Física,1,243.09,0,243.09,125.06,118.03
PED-00902,2026-04-17,Teclado Mecânico,Acessórios,Centro-Oeste,Goiânia,Henrique Dias,Marketplace,Pessoa Física,1,388.14,0.05,368.73,223.63,145.1
PED-00903,2026-02-15,Headset Pro,Acessórios,Nordeste,Fortaleza,Carla Mendes,Loja Física,Pessoa Física,2,321.05,0,642.1,345.06,297.04
PED-00904,2026-04-06,Teclado Mecânico,Acessórios,Centro-Oeste,Cuiabá,Ana Lima,Loja Física,Pequena Empresa,3,409.97,0,1229.91,632.46,597.45
PED-00905,2025-04-18,Teclado Mecânico,Acessórios,Sudeste,Campinas,Bruno Costa,E-commerce,Média Empresa,3,400.11,0,1200.33,656.25,544.08
PED-00906,2026-04-22,Notebook Air 13,Tecnologia,Sudeste,São Paulo,Gabriela Souza,Marketplace,Pessoa Física,1,3742.06,0,3742.06,2748.05,994.01
PED-00907,2026-05-03,Notebook Air 13,Tecnologia,Sudeste,São Paulo,Isabela Freitas,E-commerce,Pessoa Física,3,3498.92,0,10496.76,8309.46,2187.3
PED-00908,2026-01-25,Notebook Pro 14,Tecnologia,Centro-Oeste,Goiânia,Gabriela Souza,Venda Corporativa,Pessoa Física,1,5012.18,0,5012.18,3685.06,1327.12
PED-00909,2025-09-16,SSD 500GB,Componentes,Sudeste,Rio de Janeiro,Bruno Costa,E-commerce,Pessoa Física,5,288.82,0.05,1371.89,885.55,486.34
PED-00910,2025-09-23,Monitor 27,Tecnologia,Nordeste,Salvador,Gabriela Souza,E-commerce,Pequena Empresa,1,1498.01,0,1498.01,993.02,504.99
PED-00911,2025-06-14,Memória 16GB,Componentes,Sudeste,Campinas,Ana Lima,Loja Física,Média Empresa,1,322.35,0.1,290.12,189.11,101.01
PED-00912,2025-11-21,Notebook Pro 14,Tecnologia,Sudeste,Campinas,Carla Mendes,Loja Física,Pessoa Física,4,4842.15,0.1,17431.74,15046.16,2385.58
PED-00913,2026-04-07,Monitor 27,Tecnologia,Sul,Florianópolis,João Ribeiro,E-commerce,Pessoa Física,8,1511.33,0.05,11486.11,7774.32,3711.79
PED-00914,2026-01-22,Monitor 24,Tecnologia,Sudeste,Rio de Janeiro,João Ribeiro,Venda Corporativa,Pessoa Física,1,891.35,0,891.35,612.03,279.32
PED-00915,2025-05-08,Memória 16GB,Componentes,Sul,Porto Alegre,Gabriela Souza,Loja Física,Pessoa Física,2,326.51,0.05,620.37,377.4,242.97
PED-00916,2025-06-30,Webcam HD,Acessórios,Sudeste,Rio de Janeiro,Isabela Freitas,Loja Física,Pessoa Física,2,253.53,0.15,431.0,254.68,176.32
PED-00917,2025-10-18,Memória 16GB,Componentes,Sul,Curitiba,Bruno Costa,Marketplace,Pessoa Física,3,318.61,0.05,908.04,581.46,326.58
PED-00918,2026-07-12,Notebook Air 13,Tecnologia,Sul,Florianópolis,João Ribeiro,Marketplace,Pequena Empresa,5,3686.75,0,18433.75,13802.2,4631.55
PED-00919,2025-04-28,Monitor 24,Tecnologia,Nordeste,Salvador,Felipe Martins,Venda Corporativa,Média Empresa,2,916.32,0.1,1649.38,1217.62,431.76
PED-00920,2025-01-08,Mouse Wireless,Acessórios,Nordeste,Fortaleza,Eduarda Rocha,E-commerce,Pequena Empresa,1,185.02,0.15,157.27,84.22,73.05
PED-00921,2025-01-05,Headset Pro,Acessórios,Sudeste,São Paulo,Carla Mendes,Marketplace,Média Empresa,2,326.44,0.1,587.59,339.24,248.35
PED-00922,2026-08-09,Headset Pro,Acessórios,Sudeste,Campinas,Diego Alves,Loja Física,Pessoa Física,1,329.01,0.15,279.66,178.82,100.84
PED-00923,2026-02-04,Memória 16GB,Componentes,Sudeste,Belo Horizonte,Isabela Freitas,E-commerce,Pessoa Física,3,312.07,0,936.21,584.67,351.54
PED-00924,2026-02-06,SSD 500GB,Componentes,Centro-Oeste,Cuiabá,Carla Mendes,Venda Corporativa,Pessoa Física,1,293.05,0.05,278.4,181.83,96.57
PED-00925,2025-01-29,SSD 1TB,Componentes,Nordeste,Salvador,João Ribeiro,E-commerce,Pequena Empresa,1,465.52,0.05,442.24,293.48,148.76
PED-00926,2025-09-03,SSD 500GB,Componentes,Centro-Oeste,Goiânia,Diego Alves,Loja Física,Pessoa Física,4,295.92,0.1,1065.31,730.6,334.71
PED-00927,2025-10-09,Notebook Air 13,Tecnologia,Centro-Oeste,Cuiabá,Ana Lima,Loja Física,Pessoa Física,1,3641.15,0.05,3459.09,2676.11,782.98
PED-00928,2025-10-17,Teclado Mecânico,Acessórios,Centro-Oeste,Brasília,Bruno Costa,Loja Física,Pessoa Física,4,400.74,0.05,1522.81,844.12,678.69
PED-00929,2025-03-17,Webcam HD,Acessórios,Centro-Oeste,Brasília,Diego Alves,Marketplace,Pessoa Física,1,255.62,0.15,217.28,125.07,92.21
PED-00930,2025-01-11,Monitor 27,Tecnologia,Sul,Florianópolis,João Ribeiro,Venda Corporativa,Pessoa Física,1,1558.43,0,1558.43,1001.56,556.87
PED-00931,2025-01-06,Monitor 27,Tecnologia,Sul,Porto Alegre,Bruno Costa,E-commerce,Pessoa Física,1,1470.02,0.05,1396.52,1019.87,376.65
PED-00932,2025-04-28,Monitor 24,Tecnologia,Sudeste,Rio de Janeiro,Diego Alves,E-commerce,Pequena Empresa,1,884.57,0,884.57,582.0,302.57
PED-00933,2026-07-19,SSD 500GB,Componentes,Sudeste,Campinas,Gabriela Souza,Loja Física,Pessoa Física,1,294.23,0,294.23,185.5,108.73
PED-00934,2025-10-15,Headset Pro,Acessórios,Sudeste,Belo Horizonte,Carla Mendes,Marketplace,Grande Empresa,2,328.89,0.15,559.11,353.04,206.07
PED-00935,2025-11-23,SSD 1TB,Componentes,Sudeste,Campinas,Gabriela Souza,E-commerce,Pessoa Física,5,459.67,0.1,2068.51,1521.7,546.81
PED-00936,2026-06-08,Teclado Mecânico,Acessórios,Sul,Porto Alegre,João Ribeiro,Marketplace,Pequena Empresa,8,387.87,0,3102.96,1707.28,1395.68
PED-00937,2025-11-27,Headset Pro,Acessórios,Nordeste,Recife,Diego Alves,E-commerce,Pequena Empresa,1,321.95,0.1,289.75,171.39,118.36
PED-00938,2025-01-12,Memória 16GB,Componentes,Sudeste,Campinas,João Ribeiro,Marketplace,Média Empresa,2,322.87,0.05,613.45,388.46,224.99
PED-00939,2025-04-16,Dock Station,Acessórios,Sudeste,São Paulo,João Ribeiro,Venda Corporativa,Pessoa Física,3,544.83,0,1634.49,924.24,710.25
PED-00940,2026-05-21,Webcam HD,Acessórios,Sudeste,Belo Horizonte,Gabriela Souza,E-commerce,Pessoa Física,2,245.65,0.05,466.74,247.34,219.4
PED-00941,2025-01-19,SSD 500GB,Componentes,Nordeste,Fortaleza,Ana Lima,Venda Corporativa,Pessoa Física,4,298.45,0.05,1134.11,743.52,390.59
PED-00942,2025-02-10,Mouse Wireless,Acessórios,Sul,Curitiba,Henrique Dias,E-commerce,Média Empresa,3,183.07,0,549.21,247.98,301.23
PED-00943,2026-07-24,Mouse Wireless,Acessórios,Sul,Curitiba,Gabriela Souza,E-commerce,Grande Empresa,2,185.04,0.1,333.07,170.4,162.67
PED-00944,2026-09-25,Notebook Air 13,Tecnologia,Sudeste,São Paulo,Ana Lima,E-commerce,Grande Empresa,5,3548.05,0.1,15966.23,13362.5,2603.73
PED-00945,2026-01-13,Dock Station,Acessórios,Centro-Oeste,Cuiabá,Ana Lima,E-commerce,Pequena Empresa,1,535.41,0.15,455.1,310.95,144.15
PED-00946,2026-09-20,Headset Pro,Acessórios,Sudeste,Rio de Janeiro,Carla Mendes,Loja Física,Pessoa Física,1,332.58,0,332.58,177.76,154.82
PED-00947,2026-02-28,SSD 500GB,Componentes,Sudeste,São Paulo,Isabela Freitas,Loja Física,Pessoa Física,3,286.84,0.2,688.42,550.65,137.77
PED-00948,2025-08-20,Notebook Air 13,Tecnologia,Sudeste,Belo Horizonte,Bruno Costa,E-commerce,Média Empresa,1,3706.65,0.1,3335.99,2787.63,548.36
PED-00949,2025-03-18,Webcam HD,Acessórios,Sudeste,São Paulo,Diego Alves,Loja Física,Pessoa Física,2,255.72,0,511.44,260.4,251.04
PED-00950,2026-06-11,Mouse Wireless,Acessórios,Nordeste,Recife,Henrique Dias,Marketplace,Média Empresa,1,185.12,0,185.12,82.57,102.55
PED-00951,2026-04-09,SSD 1TB,Componentes,Sul,Porto Alegre,Diego Alves,E-commerce,Pessoa Física,3,463.78,0.2,1113.07,864.75,248.32
PED-00952,2026-04-18,Notebook Air 13,Tecnologia,Nordeste,Salvador,Ana Lima,Venda Corporativa,Pessoa Física,1,3605.06,0.1,3244.55,2706.18,538.37
PED-00953,2026-07-18,Notebook Air 13,Tecnologia,Sudeste,Rio de Janeiro,Carla Mendes,E-commerce,Pessoa Física,1,3584.19,0.05,3404.98,2665.12,739.86
PED-00954,2026-01-27,Memória 16GB,Componentes,Centro-Oeste,Brasília,Eduarda Rocha,E-commerce,Pessoa Física,1,321.01,0.05,304.96,188.64,116.32
PED-00955,2025-02-21,SSD 500GB,Componentes,Sudeste,São Paulo,Diego Alves,E-commerce,Média Empresa,2,291.1,0,582.2,355.74,226.46
PED-00956,2026-09-28,Memória 16GB,Componentes,Nordeste,Recife,Gabriela Souza,E-commerce,Pequena Empresa,5,314.02,0,1570.1,988.45,581.65
PED-00957,2025-12-22,SSD 500GB,Componentes,Sudeste,Belo Horizonte,Ana Lima,E-commerce,Pessoa Física,3,286.51,0.05,816.55,557.22,259.33
PED-00958,2025-09-02,Monitor 27,Tecnologia,Sudeste,São Paulo,Carla Mendes,E-commerce,Média Empresa,1,1503.83,0,1503.83,983.32,520.51
PED-00959,2025-07-01,Teclado Mecânico,Acessórios,Centro-Oeste,Brasília,Ana Lima,Loja Física,Grande Empresa,2,393.94,0.05,748.49,424.7,323.79
PED-00960,2025-01-18,SSD 1TB,Componentes,Nordeste,Recife,Diego Alves,Loja Física,Pessoa Física,1,455.02,0,455.02,301.21,153.81
PED-00961,2026-04-09,Webcam HD,Acessórios,Nordeste,Fortaleza,Eduarda Rocha,Marketplace,Pessoa Física,2,246.78,0.1,444.2,252.84,191.36
PED-00962,2026-06-15,SSD 500GB,Componentes,Nordeste,Fortaleza,Henrique Dias,E-commerce,Pequena Empresa,3,300.13,0,900.39,555.33,345.06
PED-00963,2025-05-26,Mouse Wireless,Acessórios,Sul,Curitiba,João Ribeiro,Marketplace,Grande Empresa,1,176.06,0.1,158.45,85.84,72.61
PED-00964,2025-04-21,Teclado Mecânico,Acessórios,Centro-Oeste,Cuiabá,Isabela Freitas,Venda Corporativa,Pessoa Física,8,394.44,0.05,2997.74,1767.36,1230.38
PED-00965,2025-12-06,Headset Pro,Acessórios,Sul,Porto Alegre,Eduarda Rocha,E-commerce,Pessoa Física,3,321.96,0.15,821.0,531.3,289.7
PED-00966,2026-08-04,Mouse Wireless,Acessórios,Sudeste,São Paulo,Henrique Dias,Venda Corporativa,Pessoa Física,3,177.26,0.05,505.19,250.68,254.51
PED-00967,2025-06-16,Teclado Mecânico,Acessórios,Sul,Curitiba,Eduarda Rocha,E-commerce,Pessoa Física,1,388.52,0.05,369.09,215.3,153.79
PED-00968,2026-03-17,Mouse Wireless,Acessórios,Sul,Curitiba,Ana Lima,E-commerce,Pessoa Física,1,181.97,0.15,154.67,84.77,69.9
PED-00969,2025-06-08,Notebook Air 13,Tecnologia,Nordeste,Salvador,Diego Alves,Loja Física,Média Empresa,1,3726.06,0,3726.06,2702.98,1023.08
PED-00970,2026-01-31,Headset Pro,Acessórios,Sudeste,São Paulo,Eduarda Rocha,Venda Corporativa,Pequena Empresa,1,339.3,0.05,322.33,177.21,145.12
PED-00971,2025-05-23,SSD 500GB,Componentes,Nordeste,Recife,Carla Mendes,Loja Física,Pessoa Física,1,299.09,0,299.09,180.19,118.9
PED-00972,2025-07-07,Headset Pro,Acessórios,Nordeste,Recife,Bruno Costa,E-commerce,Pessoa Física,1,335.54,0.15,285.21,173.19,112.02
PED-00973,2026-03-14,Webcam HD,Acessórios,Sudeste,Campinas,Henrique Dias,E-commerce,Pessoa Física,8,254.7,0.05,1935.72,1031.28,904.44
PED-00974,2025-11-06,Monitor 24,Tecnologia,Sul,Porto Alegre,Carla Mendes,Loja Física,Média Empresa,5,925.21,0,4626.05,2917.0,1709.05
PED-00975,2025-01-07,Webcam HD,Acessórios,Nordeste,Fortaleza,Henrique Dias,Marketplace,Pessoa Física,1,243.4,0.2,194.72,128.72,66.0
PED-00976,2025-10-25,SSD 1TB,Componentes,Sul,Porto Alegre,Ana Lima,E-commerce,Pequena Empresa,2,467.77,0.1,841.99,593.42,248.57
PED-00977,2026-07-30,Memória 16GB,Componentes,Centro-Oeste,Brasília,Diego Alves,Venda Corporativa,Pequena Empresa,1,325.49,0.05,309.22,199.7,109.52
PED-00978,2026-05-12,SSD 1TB,Componentes,Nordeste,Salvador,Bruno Costa,E-commerce,Pequena Empresa,1,451.79,0,451.79,295.84,155.95
PED-00979,2026-06-02,Webcam HD,Acessórios,Sudeste,São Paulo,Eduarda Rocha,Loja Física,Grande Empresa,4,251.06,0.15,853.6,522.92,330.68
PED-00980,2026-03-26,SSD 500GB,Componentes,Sul,Porto Alegre,Carla Mendes,Loja Física,Pessoa Física,4,283.78,0.1,1021.61,734.72,286.89
PED-00981,2026-07-14,Monitor 24,Tecnologia,Sudeste,Belo Horizonte,Eduarda Rocha,Marketplace,Grande Empresa,2,896.65,0.1,1613.97,1214.02,399.95
PED-00982,2025-04-20,Webcam HD,Acessórios,Sudeste,Campinas,Carla Mendes,E-commerce,Pessoa Física,2,246.81,0,493.62,258.34,235.28
PED-00983,2026-09-27,Webcam HD,Acessórios,Sudeste,Belo Horizonte,Carla Mendes,Loja Física,Pequena Empresa,1,247.77,0.2,198.22,131.03,67.19
PED-00984,2026-05-31,Monitor 24,Tecnologia,Sudeste,Campinas,Isabela Freitas,E-commerce,Pequena Empresa,1,893.38,0.1,804.04,607.74,196.3
PED-00985,2025-05-24,Teclado Mecânico,Acessórios,Nordeste,Fortaleza,Eduarda Rocha,Venda Corporativa,Pessoa Física,4,413.91,0.05,1572.86,879.28,693.58
PED-00986,2025-07-04,SSD 1TB,Componentes,Nordeste,Fortaleza,Isabela Freitas,E-commerce,Pequena Empresa,2,464.01,0.05,881.62,606.24,275.38
PED-00987,2025-03-11,Notebook Pro 14,Tecnologia,Sudeste,Rio de Janeiro,Diego Alves,E-commerce,Pessoa Física,6,5012.63,0.05,28571.99,22966.38,5605.61
PED-00988,2025-08-31,Notebook Air 13,Tecnologia,Centro-Oeste,Brasília,Gabriela Souza,Marketplace,Pessoa Física,1,3519.87,0.05,3343.88,2816.44,527.44
PED-00989,2025-03-16,Webcam HD,Acessórios,Nordeste,Fortaleza,Ana Lima,Venda Corporativa,Pessoa Física,3,258.77,0,776.31,385.62,390.69
PED-00990,2025-07-24,Monitor 24,Tecnologia,Sudeste,Campinas,Eduarda Rocha,E-commerce,Pequena Empresa,2,921.74,0.05,1751.31,1163.5,587.81
PED-00991,2025-01-25,SSD 500GB,Componentes,Centro-Oeste,Brasília,Diego Alves,E-commerce,Pessoa Física,1,291.83,0.1,262.65,185.21,77.44
PED-00992,2025-12-15,Monitor 27,Tecnologia,Nordeste,Fortaleza,Isabela Freitas,Loja Física,Média Empresa,2,1490.98,0.05,2832.86,2005.66,827.2
PED-00993,2026-07-27,Monitor 27,Tecnologia,Nordeste,Recife,Gabriela Souza,Loja Física,Média Empresa,2,1508.3,0,3016.6,1934.64,1081.96
PED-00994,2026-05-26,Monitor 24,Tecnologia,Sudeste,Belo Horizonte,Ana Lima,E-commerce,Grande Empresa,6,916.29,0,5497.74,3486.06,2011.68
PED-00995,2025-06-11,Teclado Mecânico,Acessórios,Sudeste,Rio de Janeiro,Isabela Freitas,Venda Corporativa,Pessoa Física,2,406.51,0,813.02,424.74,388.28
PED-00996,2026-04-28,Teclado Mecânico,Acessórios,Sul,Curitiba,Felipe Martins,Loja Física,Pessoa Física,5,392.73,0,1963.65,1114.95,848.7
PED-00997,2025-12-04,SSD 500GB,Componentes,Centro-Oeste,Brasília,Diego Alves,Loja Física,Média Empresa,2,297.22,0.05,564.72,369.0,195.72
PED-00998,2025-12-21,Notebook Air 13,Tecnologia,Centro-Oeste,Cuiabá,João Ribeiro,Venda Corporativa,Média Empresa,2,3673.26,0,7346.52,5351.08,1995.44
PED-00999,2026-05-24,Dock Station,Acessórios,Sudeste,Belo Horizonte,Gabriela Souza,Loja Física,Pequena Empresa,5,568.32,0,2841.6,1521.85,1319.75
PED-01000,2025-07-20,Dock Station,Acessórios,Sul,Porto Alegre,Ana Lima,Loja Física,Pessoa Física,3,549.04,0.1,1482.41,939.18,543.23
PED-01001,2025-05-22,Notebook Air 13,Tecnologia,Sudeste,Belo Horizonte,Felipe Martins,E-commerce,Pessoa Física,1,3639.32,0,3639.32,2698.89,940.43
PED-01002,2026-07-04,SSD 1TB,Componentes,Sudeste,São Paulo,Diego Alves,Marketplace,Pessoa Física,1,446.63,0,446.63,293.31,153.32
PED-01003,2025-09-08,Teclado Mecânico,Acessórios,Sudeste,Campinas,Henrique Dias,Marketplace,Pequena Empresa,1,392.78,0.15,333.86,221.31,112.55
PED-01004,2026-01-01,Monitor 24,Tecnologia,Sudeste,Belo Horizonte,Felipe Martins,Marketplace,Pessoa Física,3,888.87,0.05,2533.28,1821.06,712.22
PED-01005,2026-05-31,Notebook Air 13,Tecnologia,Sudeste,Campinas,João Ribeiro,Loja Física,Pessoa Física,6,3622.28,0.15,18473.63,16281.9,2191.73
PED-01006,2026-07-21,Monitor 24,Tecnologia,Sudeste,Rio de Janeiro,Ana Lima,Venda Corporativa,Pequena Empresa,3,879.22,0.05,2505.78,1796.4,709.38
PED-01007,2025-02-04,Teclado Mecânico,Acessórios,Sudeste,Campinas,Eduarda Rocha,Marketplace,Pessoa Física,1,400.87,0.05,380.83,223.68,157.15
PED-01008,2026-01-29,Webcam HD,Acessórios,Sudeste,Rio de Janeiro,Gabriela Souza,E-commerce,Pessoa Física,1,250.97,0,250.97,126.55,124.42
PED-01009,2025-01-27,SSD 1TB,Componentes,Nordeste,Recife,Eduarda Rocha,Marketplace,Pequena Empresa,3,471.87,0,1415.61,885.09,530.52
PED-01010,2026-03-14,Memória 16GB,Componentes,Centro-Oeste,Brasília,Bruno Costa,Loja Física,Grande Empresa,6,331.56,0,1989.36,1165.98,823.38
PED-01011,2026-03-11,SSD 1TB,Componentes,Nordeste,Fortaleza,Eduarda Rocha,E-commerce,Pessoa Física,3,449.47,0.15,1146.15,859.41,286.74
PED-01012,2025-10-08,Notebook Air 13,Tecnologia,Centro-Oeste,Cuiabá,Eduarda Rocha,E-commerce,Pessoa Física,2,3657.11,0,7314.22,5608.46,1705.76
PED-01013,2026-09-15,Notebook Pro 14,Tecnologia,Sudeste,Belo Horizonte,Eduarda Rocha,Marketplace,Pessoa Física,1,4764.72,0,4764.72,3668.65,1096.07
PED-01014,2026-07-24,Monitor 24,Tecnologia,Sudeste,São Paulo,Eduarda Rocha,Venda Corporativa,Pessoa Física,8,888.27,0.05,6750.85,4885.52,1865.33
PED-01015,2025-09-23,Webcam HD,Acessórios,Sudeste,Rio de Janeiro,Carla Mendes,Venda Corporativa,Pequena Empresa,1,244.74,0.1,220.27,127.95,92.32
PED-01016,2026-03-27,SSD 1TB,Componentes,Sudeste,Rio de Janeiro,Ana Lima,Venda Corporativa,Grande Empresa,8,472.38,0,3779.04,2428.16,1350.88
PED-01017,2026-07-08,Memória 16GB,Componentes,Sudeste,Rio de Janeiro,Felipe Martins,E-commerce,Pessoa Física,1,313.99,0,313.99,194.81,119.18
PED-01018,2026-03-02,Notebook Air 13,Tecnologia,Sul,Porto Alegre,Carla Mendes,E-commerce,Pequena Empresa,1,3717.11,0.2,2973.69,2726.88,246.81
PED-01019,2025-10-29,SSD 1TB,Componentes,Sudeste,Belo Horizonte,Ana Lima,E-commerce,Pessoa Física,2,452.02,0,904.04,585.12,318.92
PED-01020,2026-06-05,SSD 1TB,Componentes,Nordeste,Salvador,Gabriela Souza,Marketplace,Pessoa Física,3,477.29,0.05,1360.28,863.28,497.0
PED-01021,2025-03-21,Monitor 24,Tecnologia,Sul,Florianópolis,Isabela Freitas,Marketplace,Pessoa Física,1,922.26,0.15,783.92,603.27,180.65
PED-01022,2026-06-22,Dock Station,Acessórios,Sudeste,Belo Horizonte,Diego Alves,Marketplace,Pessoa Física,1,562.03,0,562.03,311.65,250.38
PED-01023,2026-04-12,Mouse Wireless,Acessórios,Nordeste,Salvador,Diego Alves,Loja Física,Grande Empresa,2,180.65,0,361.3,161.6,199.7
PED-01024,2026-01-06,SSD 500GB,Componentes,Sul,Curitiba,Henrique Dias,Marketplace,Pessoa Física,4,299.06,0.2,956.99,709.96,247.03
PED-01025,2026-02-22,SSD 500GB,Componentes,Sul,Curitiba,João Ribeiro,E-commerce,Pessoa Física,1,288.85,0,288.85,186.69,102.16
PED-01026,2026-08-13,Webcam HD,Acessórios,Sul,Curitiba,Carla Mendes,Venda Corporativa,Pessoa Física,1,251.2,0,251.2,131.68,119.52
PED-01027,2025-04-14,Monitor 27,Tecnologia,Centro-Oeste,Goiânia,Ana Lima,Marketplace,Grande Empresa,1,1550.42,0.15,1317.86,1022.43,295.43
PED-01028,2025-12-29,Monitor 27,Tecnologia,Sudeste,Rio de Janeiro,Eduarda Rocha,E-commerce,Média Empresa,5,1518.73,0.05,7213.97,5143.0,2070.97
PED-01029,2025-02-16,Notebook Air 13,Tecnologia,Nordeste,Recife,Henrique Dias,Venda Corporativa,Pequena Empresa,3,3681.91,0.05,10493.44,8365.83,2127.61
PED-01030,2025-07-07,Memória 16GB,Componentes,Nordeste,Fortaleza,Bruno Costa,E-commerce,Pessoa Física,2,319.56,0.1,575.21,382.92,192.29
PED-01031,2025-06-30,Dock Station,Acessórios,Nordeste,Recife,Bruno Costa,E-commerce,Pessoa Física,1,552.71,0.05,525.07,314.83,210.24
PED-01032,2026-03-13,Teclado Mecânico,Acessórios,Sudeste,Belo Horizonte,Carla Mendes,Venda Corporativa,Pessoa Física,6,407.45,0.15,2077.99,1303.08,774.91
PED-01033,2025-10-12,SSD 1TB,Componentes,Centro-Oeste,Goiânia,Bruno Costa,E-commerce,Pessoa Física,1,452.42,0.05,429.8,289.62,140.18
PED-01034,2025-09-23,SSD 1TB,Componentes,Nordeste,Salvador,Eduarda Rocha,E-commerce,Pessoa Física,4,446.11,0.1,1606.0,1218.44,387.56
PED-01035,2026-07-07,Dock Station,Acessórios,Nordeste,Salvador,Henrique Dias,Marketplace,Pessoa Física,1,554.48,0.15,471.31,319.69,151.62
PED-01036,2026-06-18,Monitor 27,Tecnologia,Nordeste,Recife,Bruno Costa,Marketplace,Média Empresa,1,1505.79,0.15,1279.92,966.36,313.56
PED-01037,2025-05-21,Teclado Mecânico,Acessórios,Nordeste,Salvador,Felipe Martins,Marketplace,Pequena Empresa,1,391.41,0,391.41,215.75,175.66
PED-01038,2026-04-10,SSD 500GB,Componentes,Nordeste,Fortaleza,Bruno Costa,Marketplace,Pessoa Física,6,299.19,0.05,1705.38,1106.04,599.34
PED-01039,2025-11-22,Monitor 24,Tecnologia,Nordeste,Fortaleza,Ana Lima,Venda Corporativa,Pequena Empresa,1,926.91,0.05,880.56,587.29,293.27
PED-01040,2025-07-20,Teclado Mecânico,Acessórios,Sudeste,Campinas,Carla Mendes,Marketplace,Pessoa Física,1,413.59,0.15,351.55,223.6,127.95
PED-01041,2025-08-08,Notebook Pro 14,Tecnologia,Sudeste,Campinas,Isabela Freitas,Loja Física,Pequena Empresa,1,4962.38,0.1,4466.14,3738.23,727.91
PED-01042,2025-08-29,SSD 500GB,Componentes,Sudeste,Rio de Janeiro,Eduarda Rocha,Marketplace,Média Empresa,3,293.08,0.05,835.28,545.67,289.61
PED-01043,2026-07-11,Webcam HD,Acessórios,Sudeste,Rio de Janeiro,Bruno Costa,Venda Corporativa,Média Empresa,3,249.32,0.05,710.56,376.98,333.58
PED-01044,2026-03-12,Notebook Air 13,Tecnologia,Sudeste,Belo Horizonte,Bruno Costa,E-commerce,Pessoa Física,1,3702.68,0.15,3147.28,2819.7,327.58
PED-01045,2026-09-08,Headset Pro,Acessórios,Nordeste,Salvador,Eduarda Rocha,E-commerce,Pessoa Física,5,332.08,0.05,1577.38,857.25,720.13
PED-01046,2025-11-22,Headset Pro,Acessórios,Sudeste,Campinas,Gabriela Souza,E-commerce,Média Empresa,1,326.96,0.1,294.26,177.38,116.88
PED-01047,2025-11-12,Webcam HD,Acessórios,Sudeste,Rio de Janeiro,Isabela Freitas,E-commerce,Pequena Empresa,6,247.28,0.05,1409.5,772.92,636.58
PED-01048,2025-01-21,Memória 16GB,Componentes,Sudeste,Campinas,Bruno Costa,Marketplace,Pessoa Física,1,310.85,0.1,279.77,187.84,91.93
PED-01049,2025-08-04,Mouse Wireless,Acessórios,Sul,Curitiba,Isabela Freitas,E-commerce,Pequena Empresa,1,178.31,0,178.31,82.73,95.58
PED-01050,2026-07-21,Memória 16GB,Componentes,Sudeste,São Paulo,Ana Lima,Marketplace,Pequena Empresa,2,327.1,0.05,621.49,375.5,245.99
PED-01051,2025-10-17,Teclado Mecânico,Acessórios,Sudeste,Rio de Janeiro,Ana Lima,E-commerce,Pessoa Física,4,390.69,0.1,1406.48,887.36,519.12
PED-01052,2025-10-04,Notebook Air 13,Tecnologia,Sudeste,Campinas,Ana Lima,E-commerce,Média Empresa,2,3676.42,0,7352.84,5612.32,1740.52
PED-01053,2025-07-18,SSD 1TB,Componentes,Nordeste,Recife,Gabriela Souza,Loja Física,Pessoa Física,1,453.72,0,453.72,299.57,154.15
PED-01054,2026-04-28,Headset Pro,Acessórios,Sudeste,São Paulo,Diego Alves,Venda Corporativa,Pessoa Física,2,331.41,0.15,563.4,341.02,222.38
PED-01055,2025-01-18,Webcam HD,Acessórios,Nordeste,Recife,Isabela Freitas,Marketplace,Pessoa Física,2,254.97,0,509.94,254.84,255.1
PED-01056,2026-05-04,SSD 1TB,Componentes,Sudeste,Belo Horizonte,Felipe Martins,E-commerce,Pequena Empresa,1,451.9,0.05,429.3,305.42,123.88
PED-01057,2026-08-31,Monitor 24,Tecnologia,Sudeste,Campinas,João Ribeiro,Marketplace,Pessoa Física,4,875.74,0.1,3152.66,2394.32,758.34
PED-01058,2026-02-26,Teclado Mecânico,Acessórios,Nordeste,Salvador,Ana Lima,E-commerce,Pessoa Física,2,406.31,0,812.62,444.12,368.5
PED-01059,2026-05-16,Dock Station,Acessórios,Sul,Florianópolis,Diego Alves,E-commerce,Pequena Empresa,2,570.68,0.15,970.16,611.14,359.02
PED-01060,2025-04-18,Headset Pro,Acessórios,Nordeste,Recife,Carla Mendes,Marketplace,Pessoa Física,3,329.21,0,987.63,537.63,450.0
PED-01061,2025-02-09,Headset Pro,Acessórios,Sul,Florianópolis,Isabela Freitas,Loja Física,Pequena Empresa,2,325.96,0.05,619.32,345.58,273.74
PED-01062,2025-10-29,Memória 16GB,Componentes,Centro-Oeste,Cuiabá,Eduarda Rocha,Loja Física,Pequena Empresa,1,312.59,0.1,281.33,194.18,87.15
PED-01063,2025-07-29,SSD 1TB,Componentes,Centro-Oeste,Goiânia,Isabela Freitas,Loja Física,Pessoa Física,1,469.22,0,469.22,306.52,162.7
PED-01064,2025-05-19,Monitor 27,Tecnologia,Sul,Porto Alegre,Ana Lima,E-commerce,Pessoa Física,2,1454.62,0.2,2327.39,2017.04,310.35
PED-01065,2025-07-24,Memória 16GB,Componentes,Sudeste,Campinas,Felipe Martins,E-commerce,Pequena Empresa,2,323.64,0,647.28,397.98,249.3
PED-01066,2025-12-20,SSD 500GB,Componentes,Sudeste,Rio de Janeiro,Eduarda Rocha,E-commerce,Média Empresa,2,287.76,0.1,517.97,368.0,149.97
PED-01067,2025-09-18,Dock Station,Acessórios,Sul,Florianópolis,Diego Alves,E-commerce,Pessoa Física,3,542.63,0,1627.89,918.06,709.83
PED-01068,2026-06-19,SSD 1TB,Componentes,Sul,Porto Alegre,Felipe Martins,Loja Física,Média Empresa,2,468.92,0.2,750.27,597.5,152.77
PED-01069,2026-04-30,Monitor 24,Tecnologia,Sudeste,Rio de Janeiro,Diego Alves,E-commerce,Média Empresa,1,927.07,0,927.07,591.55,335.52
PED-01070,2025-02-23,Monitor 27,Tecnologia,Sul,Porto Alegre,Gabriela Souza,Marketplace,Pessoa Física,2,1512.81,0,3025.62,1972.56,1053.06
PED-01071,2026-01-30,Memória 16GB,Componentes,Sudeste,Belo Horizonte,Isabela Freitas,E-commerce,Pessoa Física,2,313.14,0,626.28,391.3,234.98
PED-01072,2025-10-12,Memória 16GB,Componentes,Sudeste,Campinas,Isabela Freitas,Loja Física,Pequena Empresa,1,329.52,0,329.52,195.9,133.62
PED-01073,2025-07-02,Notebook Pro 14,Tecnologia,Centro-Oeste,Goiânia,Felipe Martins,Marketplace,Pessoa Física,2,5074.18,0.2,8118.69,7349.44,769.25
PED-01074,2025-07-03,Memória 16GB,Componentes,Centro-Oeste,Brasília,Henrique Dias,E-commerce,Pessoa Física,2,329.77,0,659.54,398.84,260.7
PED-01075,2026-05-30,Notebook Pro 14,Tecnologia,Sul,Curitiba,Eduarda Rocha,Loja Física,Pessoa Física,10,4846.05,0.1,43614.45,35916.2,7698.25
PED-01076,2026-08-09,Notebook Pro 14,Tecnologia,Centro-Oeste,Goiânia,João Ribeiro,Loja Física,Pessoa Física,2,5009.43,0.15,8516.03,7566.6,949.43
PED-01077,2025-02-09,Mouse Wireless,Acessórios,Sudeste,Rio de Janeiro,Carla Mendes,Venda Corporativa,Pessoa Física,2,174.33,0.15,296.36,168.04,128.32
PED-01078,2025-03-05,Mouse Wireless,Acessórios,Sudeste,Belo Horizonte,Diego Alves,Marketplace,Pequena Empresa,1,184.9,0.1,166.41,85.51,80.9
PED-01079,2025-06-23,SSD 1TB,Componentes,Nordeste,Recife,Isabela Freitas,E-commerce,Pequena Empresa,2,447.21,0.1,804.98,580.2,224.78
PED-01080,2026-05-29,Monitor 27,Tecnologia,Nordeste,Salvador,Carla Mendes,Loja Física,Pessoa Física,1,1472.18,0.05,1398.57,1011.63,386.94
PED-01081,2025-01-04,Teclado Mecânico,Acessórios,Sudeste,Belo Horizonte,Bruno Costa,E-commerce,Pessoa Física,3,399.96,0.05,1139.89,637.35,502.54
PED-01082,2025-04-03,Monitor 27,Tecnologia,Nordeste,Salvador,Felipe Martins,Loja Física,Grande Empresa,3,1476.85,0.1,3987.5,2958.27,1029.23
PED-01083,2025-03-25,Memória 16GB,Componentes,Centro-Oeste,Goiânia,Diego Alves,Marketplace,Pequena Empresa,1,315.84,0,315.84,190.91,124.93
PED-01084,2026-08-02,Mouse Wireless,Acessórios,Sudeste,Rio de Janeiro,Eduarda Rocha,Venda Corporativa,Pessoa Física,1,176.94,0.1,159.25,83.17,76.08
PED-01085,2026-08-16,Mouse Wireless,Acessórios,Sudeste,Campinas,Carla Mendes,E-commerce,Média Empresa,2,176.27,0.05,334.91,168.78,166.13
PED-01086,2025-12-22,SSD 500GB,Componentes,Nordeste,Recife,Diego Alves,E-commerce,Grande Empresa,2,285.77,0.1,514.39,361.68,152.71
PED-01087,2025-08-04,Teclado Mecânico,Acessórios,Sudeste,Belo Horizonte,Ana Lima,Venda Corporativa,Pessoa Física,3,400.08,0.05,1140.23,646.68,493.55
PED-01088,2026-08-01,Headset Pro,Acessórios,Sul,Curitiba,Felipe Martins,Marketplace,Pequena Empresa,5,328.84,0,1644.2,857.95,786.25
PED-01089,2025-04-13,Monitor 27,Tecnologia,Centro-Oeste,Goiânia,Carla Mendes,Loja Física,Pessoa Física,1,1501.92,0.1,1351.73,999.91,351.82
PED-01090,2026-03-22,Memória 16GB,Componentes,Sudeste,Rio de Janeiro,Eduarda Rocha,Marketplace,Pequena Empresa,2,310.33,0.05,589.63,399.2,190.43
PED-01091,2025-08-28,Dock Station,Acessórios,Sudeste,Campinas,Eduarda Rocha,Venda Corporativa,Pessoa Física,1,567.98,0.05,539.58,323.04,216.54
PED-01092,2026-06-21,Monitor 24,Tecnologia,Centro-Oeste,Cuiabá,Carla Mendes,E-commerce,Pessoa Física,8,891.49,0.2,5705.54,4878.64,826.9
PED-01093,2025-12-21,Webcam HD,Acessórios,Sudeste,Campinas,Ana Lima,Marketplace,Pessoa Física,1,244.75,0,244.75,131.05,113.7
PED-01094,2026-03-24,Notebook Air 13,Tecnologia,Nordeste,Salvador,Isabela Freitas,Marketplace,Pessoa Física,2,3609.64,0,7219.28,5572.16,1647.12
PED-01095,2025-08-06,Webcam HD,Acessórios,Sul,Porto Alegre,Diego Alves,Marketplace,Pessoa Física,1,243.86,0.1,219.47,130.3,89.17
PED-01096,2025-10-17,SSD 500GB,Componentes,Nordeste,Recife,João Ribeiro,E-commerce,Pessoa Física,2,292.19,0.1,525.94,354.4,171.54
PED-01097,2026-09-16,Monitor 27,Tecnologia,Nordeste,Recife,Felipe Martins,E-commerce,Média Empresa,2,1550.0,0.1,2790.0,2009.38,780.62
PED-01098,2025-05-22,Webcam HD,Acessórios,Sudeste,Rio de Janeiro,Eduarda Rocha,Loja Física,Pessoa Física,3,246.5,0.05,702.52,380.67,321.85
PED-01099,2026-05-08,Notebook Pro 14,Tecnologia,Sudeste,Campinas,Carla Mendes,E-commerce,Pequena Empresa,4,4780.37,0.05,18165.41,15009.16,3156.25
PED-01100,2025-04-14,SSD 500GB,Componentes,Centro-Oeste,Brasília,Carla Mendes,E-commerce,Pessoa Física,2,290.16,0.05,551.3,372.8,178.5
PED-01101,2026-02-16,Headset Pro,Acessórios,Nordeste,Recife,Gabriela Souza,E-commerce,Pequena Empresa,2,329.5,0.1,593.1,344.08,249.02
PED-01102,2026-04-30,Memória 16GB,Componentes,Sudeste,Belo Horizonte,Bruno Costa,Marketplace,Grande Empresa,2,324.5,0.05,616.55,378.38,238.17
PED-01103,2025-12-12,Memória 16GB,Componentes,Sul,Curitiba,Isabela Freitas,Marketplace,Pequena Empresa,2,315.72,0,631.44,377.62,253.82
PED-01104,2026-05-17,Webcam HD,Acessórios,Sudeste,Belo Horizonte,Eduarda Rocha,Loja Física,Pequena Empresa,3,246.19,0,738.57,378.21,360.36
PED-01105,2026-03-04,Notebook Pro 14,Tecnologia,Sudeste,Belo Horizonte,Ana Lima,Loja Física,Pessoa Física,1,4837.29,0.1,4353.56,3598.47,755.09
PED-01106,2025-04-07,Monitor 27,Tecnologia,Nordeste,Fortaleza,Henrique Dias,Loja Física,Pessoa Física,8,1479.64,0.1,10653.41,8136.24,2517.17
PED-01107,2026-06-21,SSD 1TB,Componentes,Sudeste,São Paulo,Felipe Martins,E-commerce,Pessoa Física,8,473.57,0.1,3409.7,2351.76,1057.94
PED-01108,2025-03-22,Mouse Wireless,Acessórios,Centro-Oeste,Cuiabá,Eduarda Rocha,Loja Física,Pessoa Física,8,181.81,0,1454.48,683.44,771.04
PED-01109,2026-03-20,Notebook Air 13,Tecnologia,Nordeste,Fortaleza,Eduarda Rocha,Venda Corporativa,Pequena Empresa,2,3665.93,0.1,6598.67,5330.12,1268.55
PED-01110,2026-08-11,Webcam HD,Acessórios,Sudeste,Campinas,Eduarda Rocha,Marketplace,Pequena Empresa,1,252.07,0.1,226.86,131.5,95.36
PED-01111,2025-10-19,Teclado Mecânico,Acessórios,Sudeste,Rio de Janeiro,Ana Lima,Marketplace,Pequena Empresa,1,409.1,0.05,388.64,220.25,168.39
PED-01112,2025-04-10,Monitor 24,Tecnologia,Sudeste,Belo Horizonte,Diego Alves,E-commerce,Pessoa Física,3,909.03,0.1,2454.38,1813.26,641.12
PED-01113,2025-12-03,Dock Station,Acessórios,Sudeste,São Paulo,Felipe Martins,E-commerce,Pessoa Física,2,561.07,0.05,1066.03,616.74,449.29
PED-01114,2025-06-24,SSD 500GB,Componentes,Sudeste,Campinas,Ana Lima,Marketplace,Pessoa Física,1,300.26,0.05,285.25,175.48,109.77
PED-01115,2026-06-27,Mouse Wireless,Acessórios,Sudeste,Belo Horizonte,Henrique Dias,Marketplace,Pessoa Física,2,178.04,0,356.08,165.68,190.4
PED-01116,2025-01-24,Teclado Mecânico,Acessórios,Sul,Porto Alegre,Diego Alves,E-commerce,Pessoa Física,1,390.48,0.15,331.91,216.66,115.25
PED-01117,2025-08-05,Notebook Air 13,Tecnologia,Sul,Curitiba,Carla Mendes,Marketplace,Grande Empresa,8,3579.72,0.05,27205.87,21576.88,5628.99
PED-01118,2026-09-06,Teclado Mecânico,Acessórios,Sudeste,Belo Horizonte,Bruno Costa,Marketplace,Pequena Empresa,3,401.06,0.1,1082.86,656.13,426.73
PED-01119,2025-08-19,Headset Pro,Acessórios,Sul,Porto Alegre,Eduarda Rocha,Marketplace,Pessoa Física,6,325.77,0,1954.62,1043.76,910.86
PED-01120,2025-12-09,Webcam HD,Acessórios,Sul,Florianópolis,Bruno Costa,E-commerce,Pequena Empresa,8,252.62,0.05,1919.91,1031.52,888.39
PED-01121,2025-05-22,SSD 1TB,Componentes,Sul,Curitiba,João Ribeiro,Loja Física,Pessoa Física,1,450.58,0.05,428.05,298.95,129.1
PED-01122,2025-04-04,Mouse Wireless,Acessórios,Sudeste,Campinas,Isabela Freitas,Loja Física,Pessoa Física,6,182.69,0.05,1041.33,490.38,550.95
PED-01123,2026-04-29,Memória 16GB,Componentes,Centro-Oeste,Goiânia,Carla Mendes,E-commerce,Média Empresa,1,314.9,0.05,299.15,195.25,103.9
PED-01124,2025-09-05,Monitor 27,Tecnologia,Centro-Oeste,Cuiabá,Bruno Costa,Marketplace,Média Empresa,5,1479.72,0.15,6288.81,5049.65,1239.16
PED-01125,2025-03-13,Notebook Pro 14,Tecnologia,Nordeste,Fortaleza,Gabriela Souza,Venda Corporativa,Grande Empresa,5,4895.06,0,24475.3,18217.2,6258.1
PED-01126,2026-07-05,Notebook Air 13,Tecnologia,Nordeste,Fortaleza,Isabela Freitas,Marketplace,Pessoa Física,4,3695.51,0,14782.04,11251.72,3530.32
PED-01127,2025-02-10,Mouse Wireless,Acessórios,Sudeste,Campinas,Gabriela Souza,Marketplace,Pessoa Física,4,180.9,0.1,651.24,339.6,311.64
PED-01128,2025-06-23,Mouse Wireless,Acessórios,Sudeste,Belo Horizonte,Carla Mendes,Venda Corporativa,Pequena Empresa,1,181.67,0,181.67,80.79,100.88
PED-01129,2026-05-19,Monitor 24,Tecnologia,Nordeste,Recife,Eduarda Rocha,Marketplace,Pessoa Física,2,889.35,0,1778.7,1159.36,619.34
PED-01130,2025-05-24,Monitor 27,Tecnologia,Sul,Curitiba,Diego Alves,Venda Corporativa,Pessoa Física,3,1529.14,0,4587.42,2998.02,1589.4
PED-01131,2025-11-09,Webcam HD,Acessórios,Nordeste,Fortaleza,Eduarda Rocha,E-commerce,Média Empresa,1,256.5,0.05,243.67,125.75,117.92
PED-01132,2025-08-22,Notebook Pro 14,Tecnologia,Nordeste,Fortaleza,Eduarda Rocha,E-commerce,Pessoa Física,1,5050.46,0.05,4797.94,3709.05,1088.89
PED-01133,2026-05-04,SSD 1TB,Componentes,Centro-Oeste,Goiânia,Carla Mendes,Loja Física,Pessoa Física,2,474.99,0,949.98,598.82,351.16
PED-01134,2026-06-22,Webcam HD,Acessórios,Sudeste,Campinas,Ana Lima,Marketplace,Pessoa Física,1,244.15,0,244.15,128.85,115.3
PED-01135,2025-05-03,SSD 500GB,Componentes,Sudeste,Campinas,Henrique Dias,Loja Física,Pequena Empresa,1,296.9,0.1,267.21,184.25,82.96
PED-01136,2025-08-22,Memória 16GB,Componentes,Sudeste,São Paulo,Gabriela Souza,Loja Física,Grande Empresa,2,330.9,0,661.8,397.0,264.8
PED-01137,2026-07-05,Notebook Air 13,Tecnologia,Centro-Oeste,Brasília,Henrique Dias,Loja Física,Pessoa Física,1,3664.79,0.1,3298.31,2779.26,519.05
PED-01138,2025-09-08,Monitor 24,Tecnologia,Nordeste,Recife,Carla Mendes,E-commerce,Pequena Empresa,2,883.99,0,1767.98,1225.02,542.96
PED-01139,2025-03-07,Monitor 27,Tecnologia,Sul,Curitiba,Diego Alves,E-commerce,Pequena Empresa,2,1510.37,0.05,2869.7,2028.0,841.7
PED-01140,2025-11-23,SSD 500GB,Componentes,Sudeste,Campinas,Bruno Costa,Loja Física,Pessoa Física,1,292.43,0.05,277.81,178.18,99.63
PED-01141,2025-01-10,SSD 1TB,Componentes,Sudeste,São Paulo,Henrique Dias,Marketplace,Pessoa Física,4,459.89,0.05,1747.58,1144.68,602.9
PED-01142,2026-02-21,SSD 1TB,Componentes,Sudeste,Rio de Janeiro,Felipe Martins,Loja Física,Pessoa Física,8,473.1,0,3784.8,2330.0,1454.8
PED-01143,2025-10-09,SSD 500GB,Componentes,Sul,Porto Alegre,Henrique Dias,E-commerce,Pequena Empresa,1,298.4,0,298.4,180.79,117.61
PED-01144,2026-05-23,Monitor 27,Tecnologia,Sudeste,Campinas,Eduarda Rocha,E-commerce,Média Empresa,1,1540.34,0.1,1386.31,973.68,412.63
PED-01145,2025-04-22,Monitor 24,Tecnologia,Sudeste,Belo Horizonte,Felipe Martins,Marketplace,Pessoa Física,3,885.26,0.15,2257.41,1817.85,439.56
PED-01146,2025-11-28,Monitor 27,Tecnologia,Sudeste,Campinas,Carla Mendes,Venda Corporativa,Pequena Empresa,1,1556.98,0.2,1245.58,1005.23,240.35
PED-01147,2026-03-03,Memória 16GB,Componentes,Sudeste,Belo Horizonte,Henrique Dias,Venda Corporativa,Média Empresa,1,325.66,0,325.66,198.27,127.39
PED-01148,2025-11-19,Webcam HD,Acessórios,Sudeste,Campinas,Gabriela Souza,E-commerce,Média Empresa,1,252.79,0.05,240.15,124.71,115.44
PED-01149,2026-04-13,Teclado Mecânico,Acessórios,Sudeste,Rio de Janeiro,Diego Alves,Marketplace,Pessoa Física,4,398.97,0,1595.88,865.84,730.04
PED-01150,2026-07-26,Dock Station,Acessórios,Nordeste,Salvador,João Ribeiro,Loja Física,Média Empresa,1,545.04,0,545.04,314.21,230.83
PED-01151,2026-08-31,Webcam HD,Acessórios,Centro-Oeste,Brasília,Gabriela Souza,Marketplace,Média Empresa,2,252.1,0,504.2,253.58,250.62
PED-01152,2025-04-14,Notebook Pro 14,Tecnologia,Sul,Porto Alegre,Isabela Freitas,E-commerce,Média Empresa,1,5009.17,0,5009.17,3659.92,1349.25
PED-01153,2026-02-28,Monitor 27,Tecnologia,Centro-Oeste,Cuiabá,Eduarda Rocha,Loja Física,Pessoa Física,2,1511.38,0,3022.76,2011.44,1011.32
PED-01154,2026-07-25,Dock Station,Acessórios,Nordeste,Fortaleza,Ana Lima,E-commerce,Pequena Empresa,5,560.93,0.1,2524.18,1622.85,901.33
PED-01155,2026-01-05,Webcam HD,Acessórios,Nordeste,Salvador,Carla Mendes,E-commerce,Pessoa Física,1,258.46,0,258.46,125.76,132.7
PED-01156,2026-09-11,Memória 16GB,Componentes,Centro-Oeste,Brasília,Bruno Costa,Loja Física,Pessoa Física,4,328.0,0.1,1180.8,751.96,428.84
PED-01157,2026-06-09,Mouse Wireless,Acessórios,Sudeste,Campinas,Ana Lima,Venda Corporativa,Média Empresa,1,177.17,0.05,168.31,82.28,86.03
PED-01158,2025-03-10,Memória 16GB,Componentes,Sudeste,São Paulo,Isabela Freitas,Marketplace,Pessoa Física,4,311.39,0.15,1058.73,798.04,260.69
PED-01159,2026-09-17,SSD 500GB,Componentes,Centro-Oeste,Brasília,Gabriela Souza,Marketplace,Pessoa Física,5,283.41,0.2,1133.64,892.8,240.84
PED-01160,2025-07-06,SSD 500GB,Componentes,Sul,Porto Alegre,Isabela Freitas,Marketplace,Pequena Empresa,6,288.45,0.15,1471.1,1068.6,402.5
PED-01161,2026-02-04,Notebook Pro 14,Tecnologia,Sudeste,Belo Horizonte,Gabriela Souza,E-commerce,Média Empresa,2,4934.59,0.1,8882.26,7488.0,1394.26
PED-01162,2025-07-25,SSD 1TB,Componentes,Centro-Oeste,Cuiabá,João Ribeiro,E-commerce,Pequena Empresa,1,446.07,0,446.07,298.46,147.61
PED-01163,2025-02-10,Monitor 27,Tecnologia,Sul,Curitiba,Felipe Martins,Venda Corporativa,Média Empresa,3,1471.16,0,4413.48,3085.14,1328.34
PED-01164,2025-08-27,Monitor 24,Tecnologia,Nordeste,Salvador,Carla Mendes,Venda Corporativa,Grande Empresa,1,873.63,0.15,742.59,614.03,128.56
PED-01165,2025-08-02,Headset Pro,Acessórios,Sudeste,Campinas,Gabriela Souza,E-commerce,Pequena Empresa,2,341.45,0,682.9,347.3,335.6
PED-01166,2026-08-16,Memória 16GB,Componentes,Sul,Curitiba,Diego Alves,E-commerce,Pessoa Física,2,316.51,0.1,569.72,379.46,190.26
PED-01167,2025-04-03,Dock Station,Acessórios,Sudeste,Belo Horizonte,Isabela Freitas,E-commerce,Pessoa Física,1,547.91,0.1,493.12,322.41,170.71
PED-01168,2025-12-30,Mouse Wireless,Acessórios,Centro-Oeste,Brasília,Gabriela Souza,Venda Corporativa,Pequena Empresa,1,181.78,0.1,163.6,85.01,78.59
PED-01169,2026-04-28,Notebook Pro 14,Tecnologia,Centro-Oeste,Goiânia,Felipe Martins,E-commerce,Média Empresa,1,4929.88,0,4929.88,3612.83,1317.05
PED-01170,2026-04-27,Notebook Pro 14,Tecnologia,Sudeste,Rio de Janeiro,Eduarda Rocha,E-commerce,Pessoa Física,1,5073.11,0,5073.11,3823.63,1249.48
PED-01171,2025-07-05,Mouse Wireless,Acessórios,Centro-Oeste,Brasília,Carla Mendes,E-commerce,Pessoa Física,2,184.17,0,368.34,167.86,200.48
PED-01172,2025-01-30,Notebook Pro 14,Tecnologia,Sudeste,Campinas,Ana Lima,Marketplace,Pessoa Física,2,5013.51,0.05,9525.67,7523.2,2002.47
PED-01173,2025-06-23,Monitor 27,Tecnologia,Sudeste,Belo Horizonte,Diego Alves,E-commerce,Grande Empresa,1,1557.21,0.05,1479.35,1019.13,460.22
PED-01174,2026-07-04,Webcam HD,Acessórios,Sudeste,São Paulo,Eduarda Rocha,Loja Física,Média Empresa,1,250.94,0,250.94,131.92,119.02
PED-01175,2025-04-09,Webcam HD,Acessórios,Sul,Florianópolis,Diego Alves,E-commerce,Pessoa Física,4,253.02,0,1012.08,520.12,491.96
PED-01176,2026-02-18,Teclado Mecânico,Acessórios,Centro-Oeste,Brasília,Diego Alves,E-commerce,Pessoa Física,3,414.23,0,1242.69,662.28,580.41
PED-01177,2026-06-17,Dock Station,Acessórios,Sul,Porto Alegre,Carla Mendes,E-commerce,Pessoa Física,1,565.22,0.1,508.7,320.03,188.67
PED-01178,2026-01-30,SSD 500GB,Componentes,Sudeste,Rio de Janeiro,Carla Mendes,E-commerce,Pequena Empresa,4,288.36,0,1153.44,698.36,455.08
PED-01179,2026-05-08,Webcam HD,Acessórios,Nordeste,Salvador,João Ribeiro,Loja Física,Grande Empresa,2,249.2,0,498.4,260.1,238.3
PED-01180,2026-06-11,Mouse Wireless,Acessórios,Sudeste,Rio de Janeiro,Eduarda Rocha,E-commerce,Média Empresa,4,174.84,0.05,664.39,341.08,323.31
PED-01181,2026-06-16,Teclado Mecânico,Acessórios,Sudeste,Belo Horizonte,Gabriela Souza,Loja Física,Grande Empresa,1,399.81,0,399.81,212.37,187.44
PED-01182,2026-07-18,Memória 16GB,Componentes,Sudeste,Belo Horizonte,Eduarda Rocha,Loja Física,Pessoa Física,6,331.13,0.2,1589.42,1137.72,451.7
PED-01183,2026-06-08,Monitor 24,Tecnologia,Sudeste,Rio de Janeiro,Ana Lima,E-commerce,Pequena Empresa,2,907.45,0.1,1633.41,1200.22,433.19
PED-01184,2025-02-18,Dock Station,Acessórios,Sudeste,Rio de Janeiro,Isabela Freitas,E-commerce,Pessoa Física,3,565.54,0.1,1526.96,926.13,600.83
PED-01185,2025-06-05,Dock Station,Acessórios,Centro-Oeste,Cuiabá,Gabriela Souza,Venda Corporativa,Pessoa Física,8,543.92,0.15,3698.66,2586.8,1111.86
PED-01186,2026-03-08,Webcam HD,Acessórios,Sudeste,Rio de Janeiro,Eduarda Rocha,E-commerce,Pessoa Física,2,257.62,0,515.24,257.78,257.46
PED-01187,2025-03-10,Notebook Pro 14,Tecnologia,Nordeste,Salvador,Carla Mendes,Loja Física,Pessoa Física,8,5087.53,0.2,32560.19,29415.68,3144.51
PED-01188,2025-06-13,SSD 500GB,Componentes,Sudeste,Rio de Janeiro,Diego Alves,Marketplace,Pessoa Física,8,298.39,0,2387.12,1407.84,979.28
PED-01189,2026-08-23,SSD 500GB,Componentes,Sudeste,Campinas,Carla Mendes,Marketplace,Pequena Empresa,1,286.62,0,286.62,175.72,110.9
PED-01190,2026-09-05,Webcam HD,Acessórios,Sudeste,Campinas,Eduarda Rocha,Marketplace,Pessoa Física,2,256.87,0,513.74,260.26,253.48
PED-01191,2025-12-16,Teclado Mecânico,Acessórios,Centro-Oeste,Brasília,Gabriela Souza,Marketplace,Pessoa Física,2,391.73,0.05,744.29,442.76,301.53
PED-01192,2026-05-14,Teclado Mecânico,Acessórios,Sudeste,São Paulo,Bruno Costa,Venda Corporativa,Pequena Empresa,2,411.31,0,822.62,441.42,381.2
PED-01193,2026-03-19,Headset Pro,Acessórios,Sudeste,São Paulo,Eduarda Rocha,Marketplace,Pequena Empresa,5,326.7,0.1,1470.15,877.8,592.35
PED-01194,2025-09-15,Mouse Wireless,Acessórios,Sudeste,São Paulo,Henrique Dias,E-commerce,Pessoa Física,2,174.93,0.1,314.87,169.68,145.19
PED-01195,2026-05-15,Dock Station,Acessórios,Sul,Florianópolis,Gabriela Souza,Loja Física,Média Empresa,3,536.67,0,1610.01,965.97,644.04
PED-01196,2025-04-11,SSD 1TB,Componentes,Sudeste,Rio de Janeiro,Felipe Martins,Loja Física,Pequena Empresa,2,468.31,0.1,842.96,573.94,269.02
PED-01197,2026-03-27,Webcam HD,Acessórios,Sul,Florianópolis,Ana Lima,Venda Corporativa,Média Empresa,2,253.19,0.1,455.74,247.42,208.32
PED-01198,2026-08-04,Monitor 27,Tecnologia,Sudeste,Belo Horizonte,Bruno Costa,E-commerce,Pessoa Física,1,1547.52,0.05,1470.14,985.0,485.14
PED-01199,2025-12-19,Mouse Wireless,Acessórios,Centro-Oeste,Brasília,Eduarda Rocha,Loja Física,Pessoa Física,2,176.93,0.2,283.09,169.84,113.25
PED-01200,2025-08-03,Dock Station,Acessórios,Nordeste,Fortaleza,Felipe Martins,Marketplace,Pequena Empresa,4,551.74,0,2206.96,1222.92,984.04
PED-01201,2025-12-27,SSD 1TB,Componentes,Sul,Curitiba,Felipe Martins,Marketplace,Pessoa Física,3,455.28,0.1,1229.26,888.96,340.3
PED-01202,2025-07-10,Headset Pro,Acessórios,Sudeste,Campinas,Felipe Martins,E-commerce,Pessoa Física,1,323.01,0,323.01,167.77,155.24
PED-01203,2025-07-14,SSD 1TB,Componentes,Sudeste,Belo Horizonte,Isabela Freitas,Loja Física,Pessoa Física,3,448.14,0,1344.42,895.14,449.28
PED-01204,2026-02-19,Teclado Mecânico,Acessórios,Sudeste,Belo Horizonte,Isabela Freitas,E-commerce,Pessoa Física,2,407.59,0.15,692.9,447.78,245.12
PED-01205,2025-10-28,SSD 1TB,Componentes,Sul,Curitiba,Felipe Martins,Venda Corporativa,Pessoa Física,1,466.68,0.05,443.35,291.76,151.59
PED-01206,2026-05-22,Monitor 24,Tecnologia,Nordeste,Salvador,Diego Alves,Venda Corporativa,Pessoa Física,4,890.71,0,3562.84,2472.16,1090.68
PED-01207,2026-09-19,Webcam HD,Acessórios,Nordeste,Recife,Isabela Freitas,Loja Física,Pessoa Física,2,251.66,0.15,427.82,258.02,169.8
PED-01208,2026-02-01,Memória 16GB,Componentes,Sudeste,Belo Horizonte,Eduarda Rocha,Loja Física,Pessoa Física,6,321.5,0,1929.0,1129.26,799.74
PED-01209,2025-05-18,Mouse Wireless,Acessórios,Nordeste,Fortaleza,Diego Alves,Marketplace,Pessoa Física,1,185.98,0.15,158.08,84.43,73.65
PED-01210,2026-07-03,Mouse Wireless,Acessórios,Sudeste,Rio de Janeiro,Felipe Martins,Marketplace,Pequena Empresa,2,179.46,0.2,287.14,167.32,119.82
PED-01211,2025-02-24,Webcam HD,Acessórios,Sul,Porto Alegre,João Ribeiro,Loja Física,Grande Empresa,1,251.27,0.05,238.71,123.99,114.72
PED-01212,2025-12-22,Webcam HD,Acessórios,Centro-Oeste,Brasília,Bruno Costa,Marketplace,Pessoa Física,3,258.04,0.05,735.41,389.7,345.71
PED-01213,2026-09-05,Webcam HD,Acessórios,Sudeste,Rio de Janeiro,Gabriela Souza,E-commerce,Pessoa Física,2,247.29,0.1,445.12,257.02,188.1
PED-01214,2026-06-05,Headset Pro,Acessórios,Sudeste,Belo Horizonte,Ana Lima,Venda Corporativa,Pessoa Física,3,336.97,0.05,960.36,505.29,455.07
PED-01215,2025-03-07,Dock Station,Acessórios,Sudeste,Rio de Janeiro,Diego Alves,E-commerce,Pequena Empresa,3,539.49,0,1618.47,953.67,664.8
PED-01216,2026-05-22,Memória 16GB,Componentes,Sudeste,São Paulo,Bruno Costa,Venda Corporativa,Pessoa Física,6,318.53,0.05,1815.62,1178.94,636.68
PED-01217,2025-05-22,Mouse Wireless,Acessórios,Sudeste,Belo Horizonte,Felipe Martins,E-commerce,Pessoa Física,1,176.89,0,176.89,81.51,95.38
PED-01218,2025-12-26,SSD 500GB,Componentes,Sul,Porto Alegre,Henrique Dias,Marketplace,Pessoa Física,1,300.2,0.05,285.19,175.18,110.01
PED-01219,2026-01-18,Notebook Air 13,Tecnologia,Sudeste,São Paulo,Ana Lima,E-commerce,Pessoa Física,4,3585.46,0.05,13624.75,10675.84,2948.91
PED-01220,2025-06-26,Monitor 24,Tecnologia,Sul,Porto Alegre,Carla Mendes,Loja Física,Grande Empresa,1,881.76,0.1,793.58,593.65,199.93
PED-01221,2025-07-01,Webcam HD,Acessórios,Nordeste,Salvador,Isabela Freitas,E-commerce,Média Empresa,1,250.9,0,250.9,131.93,118.97
PED-01222,2025-05-04,Teclado Mecânico,Acessórios,Centro-Oeste,Brasília,Felipe Martins,Marketplace,Pequena Empresa,1,392.42,0,392.42,213.04,179.38
PED-01223,2026-09-20,Mouse Wireless,Acessórios,Centro-Oeste,Cuiabá,Isabela Freitas,Marketplace,Pequena Empresa,6,174.45,0.1,942.03,490.62,451.41
PED-01224,2025-05-25,Monitor 24,Tecnologia,Centro-Oeste,Goiânia,Diego Alves,Marketplace,Pessoa Física,1,902.26,0.2,721.81,613.04,108.77
PED-01225,2026-08-29,Notebook Air 13,Tecnologia,Nordeste,Salvador,Felipe Martins,Venda Corporativa,Pessoa Física,3,3681.72,0.05,10492.9,8333.43,2159.47
PED-01226,2025-10-17,Mouse Wireless,Acessórios,Sudeste,Rio de Janeiro,Eduarda Rocha,Venda Corporativa,Pessoa Física,2,173.93,0,347.86,161.92,185.94
PED-01227,2026-07-29,Webcam HD,Acessórios,Sul,Porto Alegre,Henrique Dias,Venda Corporativa,Pequena Empresa,4,250.73,0.1,902.63,495.4,407.23
PED-01228,2025-04-02,Teclado Mecânico,Acessórios,Centro-Oeste,Cuiabá,João Ribeiro,Loja Física,Pequena Empresa,3,388.35,0.05,1106.8,645.78,461.02
PED-01229,2025-07-12,Mouse Wireless,Acessórios,Centro-Oeste,Brasília,Gabriela Souza,Marketplace,Pessoa Física,1,182.39,0,182.39,85.59,96.8
PED-01230,2025-04-12,Webcam HD,Acessórios,Centro-Oeste,Brasília,Felipe Martins,E-commerce,Pessoa Física,1,241.8,0.1,217.62,131.61,86.01
PED-01231,2025-07-30,Memória 16GB,Componentes,Sudeste,Belo Horizonte,Ana Lima,Venda Corporativa,Pequena Empresa,6,313.38,0,1880.28,1154.34,725.94
PED-01232,2025-08-22,Mouse Wireless,Acessórios,Centro-Oeste,Goiânia,Ana Lima,E-commerce,Pequena Empresa,2,185.18,0,370.36,168.54,201.82
PED-01233,2025-11-14,Monitor 24,Tecnologia,Centro-Oeste,Cuiabá,Eduarda Rocha,Loja Física,Pessoa Física,4,925.06,0,3700.24,2344.12,1356.12
PED-01234,2026-05-15,Teclado Mecânico,Acessórios,Sul,Florianópolis,Gabriela Souza,E-commerce,Pequena Empresa,1,389.0,0.1,350.1,212.42,137.68
PED-01235,2025-06-12,Webcam HD,Acessórios,Sudeste,Belo Horizonte,Carla Mendes,Venda Corporativa,Pessoa Física,3,248.47,0.15,633.6,384.63,248.97
PED-01236,2025-10-19,SSD 1TB,Componentes,Sudeste,São Paulo,Gabriela Souza,Marketplace,Média Empresa,8,461.23,0.05,3505.35,2310.08,1195.27
PED-01237,2025-02-06,Webcam HD,Acessórios,Sudeste,São Paulo,Diego Alves,E-commerce,Pessoa Física,1,242.7,0.1,218.43,127.33,91.1
PED-01238,2026-01-15,Webcam HD,Acessórios,Nordeste,Recife,João Ribeiro,Marketplace,Pequena Empresa,2,254.93,0.2,407.89,259.74,148.15
PED-01239,2025-02-14,SSD 1TB,Componentes,Sudeste,Rio de Janeiro,Felipe Martins,Venda Corporativa,Pessoa Física,1,474.2,0.05,450.49,287.31,163.18
PED-01240,2026-01-25,Monitor 27,Tecnologia,Centro-Oeste,Cuiabá,Bruno Costa,E-commerce,Pequena Empresa,1,1456.69,0.1,1311.02,990.62,320.4
PED-01241,2025-09-09,SSD 1TB,Componentes,Sul,Florianópolis,Carla Mendes,E-commerce,Grande Empresa,1,458.4,0.1,412.56,297.08,115.48
PED-01242,2026-09-26,Memória 16GB,Componentes,Sudeste,Belo Horizonte,Felipe Martins,E-commerce,Média Empresa,3,309.51,0,928.53,563.88,364.65
PED-01243,2026-02-01,SSD 1TB,Componentes,Sudeste,Rio de Janeiro,Ana Lima,Loja Física,Pessoa Física,3,475.34,0.15,1212.12,898.02,314.1
PED-01244,2025-10-17,SSD 500GB,Componentes,Sul,Porto Alegre,Diego Alves,Marketplace,Pequena Empresa,1,289.53,0.2,231.62,185.9,45.72
PED-01245,2025-06-06,Webcam HD,Acessórios,Sul,Porto Alegre,Diego Alves,E-commerce,Pequena Empresa,1,258.95,0.2,207.16,131.26,75.9
PED-01246,2026-01-12,Memória 16GB,Componentes,Sudeste,Belo Horizonte,Carla Mendes,E-commerce,Pessoa Física,5,331.48,0.15,1408.79,944.25,464.54
PED-01247,2025-12-28,Monitor 24,Tecnologia,Centro-Oeste,Goiânia,Gabriela Souza,Loja Física,Pessoa Física,8,893.29,0.05,6789.0,4845.44,1943.56
PED-01248,2025-05-17,Memória 16GB,Componentes,Sul,Curitiba,Diego Alves,Marketplace,Pessoa Física,6,326.94,0.1,1765.48,1152.24,613.24
PED-01249,2026-04-20,Dock Station,Acessórios,Centro-Oeste,Goiânia,Felipe Martins,Loja Física,Pessoa Física,1,557.6,0,557.6,310.32,247.28
PED-01250,2026-02-27,Notebook Pro 14,Tecnologia,Sudeste,Belo Horizonte,Isabela Freitas,Venda Corporativa,Pequena Empresa,6,5075.48,0.05,28930.24,21498.54,7431.7
PED-01251,2025-07-31,Headset Pro,Acessórios,Sul,Curitiba,Eduarda Rocha,Venda Corporativa,Pequena Empresa,3,332.37,0.1,897.4,531.51,365.89
PED-01252,2025-06-04,Headset Pro,Acessórios,Sudeste,Rio de Janeiro,Carla Mendes,Marketplace,Pessoa Física,2,331.35,0.1,596.43,350.2,246.23
PED-01253,2025-02-06,SSD 500GB,Componentes,Sudeste,São Paulo,Bruno Costa,E-commerce,Média Empresa,5,282.15,0,1410.75,930.25,480.5
PED-01254,2026-01-01,Monitor 24,Tecnologia,Nordeste,Salvador,Eduarda Rocha,Marketplace,Pessoa Física,5,924.15,0.05,4389.71,2989.1,1400.61
PED-01255,2025-06-29,Teclado Mecânico,Acessórios,Sudeste,Rio de Janeiro,Carla Mendes,E-commerce,Pessoa Física,6,402.72,0.05,2295.5,1320.96,974.54
PED-01256,2025-10-15,Memória 16GB,Componentes,Nordeste,Salvador,Bruno Costa,Marketplace,Pessoa Física,2,312.46,0.1,562.43,384.54,177.89
PED-01257,2026-01-24,Webcam HD,Acessórios,Sudeste,São Paulo,João Ribeiro,Marketplace,Média Empresa,6,244.7,0.05,1394.79,788.16,606.63
PED-01258,2026-05-19,SSD 500GB,Componentes,Sul,Porto Alegre,Bruno Costa,Venda Corporativa,Pessoa Física,1,288.29,0,288.29,176.3,111.99
PED-01259,2025-07-21,SSD 500GB,Componentes,Sudeste,São Paulo,Felipe Martins,Loja Física,Pequena Empresa,1,288.78,0.15,245.46,176.55,68.91
PED-01260,2025-09-16,Monitor 24,Tecnologia,Sul,Florianópolis,Ana Lima,Loja Física,Média Empresa,1,891.33,0,891.33,596.74,294.59
PED-01261,2026-03-20,Mouse Wireless,Acessórios,Sudeste,Campinas,Bruno Costa,E-commerce,Pessoa Física,5,173.76,0.15,738.48,418.25,320.23
PED-01262,2025-11-06,Headset Pro,Acessórios,Sudeste,Campinas,Gabriela Souza,E-commerce,Pequena Empresa,1,327.58,0,327.58,173.72,153.86
PED-01263,2026-03-11,Headset Pro,Acessórios,Nordeste,Salvador,Felipe Martins,Marketplace,Pessoa Física,2,340.16,0,680.32,357.16,323.16
PED-01264,2025-03-28,SSD 500GB,Componentes,Centro-Oeste,Cuiabá,Bruno Costa,E-commerce,Pessoa Física,3,283.91,0,851.73,525.75,325.98
PED-01265,2026-08-09,Monitor 24,Tecnologia,Nordeste,Salvador,Ana Lima,Marketplace,Pequena Empresa,1,876.46,0.15,744.99,602.27,142.72
PED-01266,2026-04-17,SSD 500GB,Componentes,Centro-Oeste,Cuiabá,Bruno Costa,Loja Física,Pessoa Física,1,299.07,0.15,254.21,176.75,77.46
PED-01267,2025-04-04,Notebook Pro 14,Tecnologia,Sudeste,Rio de Janeiro,Diego Alves,E-commerce,Pessoa Física,1,4915.28,0.05,4669.52,3627.41,1042.11
PED-01268,2026-05-23,SSD 1TB,Componentes,Nordeste,Recife,Eduarda Rocha,Marketplace,Pequena Empresa,5,461.54,0.05,2192.31,1438.95,753.36
PED-01269,2025-07-22,Teclado Mecânico,Acessórios,Sudeste,Rio de Janeiro,Bruno Costa,Marketplace,Pessoa Física,1,414.74,0,414.74,213.14,201.6
PED-01270,2026-08-30,Teclado Mecânico,Acessórios,Sul,Florianópolis,Eduarda Rocha,E-commerce,Pessoa Física,1,387.23,0,387.23,224.1,163.13
PED-01271,2025-09-15,Teclado Mecânico,Acessórios,Nordeste,Salvador,Ana Lima,E-commerce,Pessoa Física,3,409.87,0.05,1168.13,635.7,532.43
PED-01272,2026-04-02,Notebook Pro 14,Tecnologia,Centro-Oeste,Cuiabá,Bruno Costa,E-commerce,Pequena Empresa,6,4959.68,0.1,26782.27,22932.6,3849.67
PED-01273,2026-08-06,Teclado Mecânico,Acessórios,Nordeste,Recife,Henrique Dias,E-commerce,Média Empresa,1,400.69,0,400.69,218.92,181.77
PED-01274,2025-07-14,Monitor 24,Tecnologia,Sul,Curitiba,Felipe Martins,Loja Física,Média Empresa,1,931.51,0.1,838.36,594.85,243.51
PED-01275,2026-04-21,Webcam HD,Acessórios,Sudeste,Campinas,Gabriela Souza,Venda Corporativa,Média Empresa,4,256.7,0.05,975.46,499.2,476.26
PED-01276,2026-01-10,Notebook Pro 14,Tecnologia,Sudeste,Rio de Janeiro,Carla Mendes,Loja Física,Pessoa Física,1,4803.44,0.05,4563.27,3663.18,900.09
PED-01277,2025-01-23,Webcam HD,Acessórios,Sudeste,Belo Horizonte,Isabela Freitas,E-commerce,Pessoa Física,2,249.11,0.05,473.31,261.98,211.33
PED-01278,2026-05-15,SSD 500GB,Componentes,Sudeste,São Paulo,Bruno Costa,Venda Corporativa,Pequena Empresa,2,290.82,0,581.64,361.2,220.44
PED-01279,2025-08-10,Headset Pro,Acessórios,Sul,Porto Alegre,Carla Mendes,E-commerce,Pessoa Física,2,332.93,0.05,632.57,347.84,284.73
PED-01280,2025-12-16,Memória 16GB,Componentes,Sudeste,Rio de Janeiro,Felipe Martins,Loja Física,Pessoa Física,1,314.93,0,314.93,199.81,115.12
PED-01281,2025-08-28,Mouse Wireless,Acessórios,Sul,Porto Alegre,Eduarda Rocha,Loja Física,Pessoa Física,1,175.22,0,175.22,82.21,93.01
PED-01282,2026-08-10,Monitor 24,Tecnologia,Nordeste,Fortaleza,Diego Alves,Marketplace,Pessoa Física,2,891.76,0.15,1515.99,1229.14,286.85
PED-01283,2026-01-29,Monitor 27,Tecnologia,Sul,Curitiba,Isabela Freitas,Loja Física,Pequena Empresa,5,1481.94,0.2,5927.76,4956.15,971.61
PED-01284,2025-07-17,Teclado Mecânico,Acessórios,Nordeste,Recife,Ana Lima,Loja Física,Pessoa Física,1,404.36,0,404.36,219.16,185.2
PED-01285,2025-10-07,Mouse Wireless,Acessórios,Sul,Porto Alegre,João Ribeiro,Venda Corporativa,Pessoa Física,4,185.2,0,740.8,335.32,405.48
PED-01286,2025-10-30,Memória 16GB,Componentes,Sudeste,Rio de Janeiro,Isabela Freitas,Marketplace,Pessoa Física,4,327.71,0.05,1245.3,749.32,495.98
PED-01287,2025-09-25,Monitor 24,Tecnologia,Sudeste,São Paulo,Ana Lima,Marketplace,Pequena Empresa,1,929.28,0.05,882.82,584.3,298.52
PED-01288,2026-01-27,Dock Station,Acessórios,Sudeste,Campinas,Felipe Martins,E-commerce,Pessoa Física,1,549.95,0.1,494.96,307.33,187.63
PED-01289,2025-05-12,Mouse Wireless,Acessórios,Centro-Oeste,Brasília,Ana Lima,Venda Corporativa,Pessoa Física,1,182.66,0,182.66,83.52,99.14
PED-01290,2026-03-21,SSD 500GB,Componentes,Sudeste,Rio de Janeiro,Felipe Martins,Loja Física,Pequena Empresa,3,295.63,0,886.89,524.79,362.1
PED-01291,2026-06-08,Notebook Pro 14,Tecnologia,Nordeste,Fortaleza,Carla Mendes,Loja Física,Média Empresa,1,4808.06,0,4808.06,3759.39,1048.67
PED-01292,2025-04-05,Mouse Wireless,Acessórios,Centro-Oeste,Goiânia,Bruno Costa,Loja Física,Pequena Empresa,2,180.2,0.05,342.38,168.08,174.3
PED-01293,2026-02-10,Memória 16GB,Componentes,Sudeste,São Paulo,Diego Alves,Loja Física,Pessoa Física,6,314.77,0,1888.62,1174.8,713.82
PED-01294,2026-07-26,Notebook Pro 14,Tecnologia,Sudeste,Rio de Janeiro,Henrique Dias,E-commerce,Pessoa Física,1,5050.54,0,5050.54,3704.9,1345.64
PED-01295,2025-11-27,Headset Pro,Acessórios,Nordeste,Fortaleza,Gabriela Souza,E-commerce,Pequena Empresa,2,335.18,0.1,603.32,348.32,255.0
PED-01296,2025-02-11,Monitor 24,Tecnologia,Sul,Curitiba,Diego Alves,Loja Física,Pessoa Física,3,895.2,0.05,2551.32,1845.93,705.39
PED-01297,2025-06-18,Headset Pro,Acessórios,Sudeste,São Paulo,João Ribeiro,E-commerce,Pessoa Física,2,323.77,0,647.54,349.7,297.84
PED-01298,2025-12-09,Monitor 24,Tecnologia,Sudeste,Belo Horizonte,Gabriela Souza,E-commerce,Pessoa Física,1,913.02,0.05,867.37,599.34,268.03
PED-01299,2026-02-20,Monitor 24,Tecnologia,Sudeste,São Paulo,Gabriela Souza,Marketplace,Pequena Empresa,5,907.91,0,4539.55,3045.3,1494.25
PED-01300,2025-08-08,SSD 1TB,Componentes,Nordeste,Recife,Henrique Dias,E-commerce,Pequena Empresa,2,453.34,0.15,770.68,593.22,177.46
PED-01301,2025-11-14,Notebook Pro 14,Tecnologia,Sudeste,Rio de Janeiro,Felipe Martins,E-commerce,Grande Empresa,2,5089.55,0,10179.1,7461.52,2717.58
PED-01302,2025-06-19,Webcam HD,Acessórios,Sul,Florianópolis,Eduarda Rocha,Marketplace,Pequena Empresa,6,243.4,0,1460.4,740.88,719.52
PED-01303,2025-02-01,SSD 1TB,Componentes,Sudeste,São Paulo,Eduarda Rocha,Venda Corporativa,Pessoa Física,2,450.35,0.05,855.66,574.5,281.16
PED-01304,2025-08-09,SSD 500GB,Componentes,Sudeste,Campinas,Felipe Martins,E-commerce,Pessoa Física,1,298.51,0.1,268.66,178.2,90.46
PED-01305,2025-09-27,Webcam HD,Acessórios,Centro-Oeste,Brasília,Bruno Costa,Venda Corporativa,Pequena Empresa,3,257.76,0,773.28,383.04,390.24
PED-01306,2025-01-15,Notebook Air 13,Tecnologia,Sudeste,Rio de Janeiro,Henrique Dias,Venda Corporativa,Pessoa Física,2,3668.11,0,7336.22,5493.6,1842.62
PED-01307,2025-06-06,Monitor 24,Tecnologia,Sudeste,Campinas,Ana Lima,E-commerce,Pessoa Física,2,872.87,0,1745.74,1230.52,515.22
PED-01308,2025-03-06,Teclado Mecânico,Acessórios,Nordeste,Fortaleza,Henrique Dias,E-commerce,Pessoa Física,3,392.28,0.2,941.47,663.24,278.23
PED-01309,2025-01-02,SSD 500GB,Componentes,Sudeste,Campinas,Isabela Freitas,Venda Corporativa,Pessoa Física,1,281.29,0.15,239.1,178.98,60.12
PED-01310,2026-09-05,Mouse Wireless,Acessórios,Sudeste,Campinas,Isabela Freitas,E-commerce,Pequena Empresa,1,175.46,0.05,166.69,84.58,82.11
PED-01311,2025-12-22,Headset Pro,Acessórios,Sudeste,Campinas,Felipe Martins,Loja Física,Pessoa Física,1,336.44,0.1,302.8,173.5,129.3
PED-01312,2026-07-10,Headset Pro,Acessórios,Sudeste,Campinas,Bruno Costa,Loja Física,Média Empresa,1,329.87,0,329.87,176.6,153.27
PED-01313,2025-06-18,Notebook Pro 14,Tecnologia,Sudeste,Rio de Janeiro,João Ribeiro,E-commerce,Pequena Empresa,3,4948.77,0.15,12619.36,11480.04,1139.32
PED-01314,2025-07-30,Memória 16GB,Componentes,Sudeste,Campinas,Bruno Costa,Venda Corporativa,Pessoa Física,2,315.12,0.05,598.73,389.08,209.65
PED-01315,2025-06-18,Memória 16GB,Componentes,Sudeste,Belo Horizonte,Henrique Dias,E-commerce,Pequena Empresa,4,318.25,0.05,1209.35,783.84,425.51
PED-01316,2026-02-07,Monitor 24,Tecnologia,Sul,Florianópolis,Gabriela Souza,Marketplace,Grande Empresa,1,881.83,0.1,793.65,606.86,186.79
PED-01317,2025-07-12,Memória 16GB,Componentes,Sudeste,São Paulo,Henrique Dias,E-commerce,Pessoa Física,8,318.5,0,2548.0,1585.68,962.32
PED-01318,2026-07-09,SSD 500GB,Componentes,Sudeste,Rio de Janeiro,Ana Lima,E-commerce,Pessoa Física,1,294.1,0.1,264.69,175.28,89.41
PED-01319,2026-04-09,Notebook Air 13,Tecnologia,Sudeste,Belo Horizonte,Gabriela Souza,E-commerce,Pequena Empresa,1,3567.56,0,3567.56,2773.27,794.29
PED-01320,2026-05-05,SSD 500GB,Componentes,Sul,Curitiba,Henrique Dias,Venda Corporativa,Pessoa Física,1,289.91,0,289.91,184.38,105.53
PED-01321,2026-07-06,Notebook Air 13,Tecnologia,Sudeste,Belo Horizonte,Henrique Dias,Venda Corporativa,Pessoa Física,8,3512.9,0.1,25292.88,21629.04,3663.84
PED-01322,2025-04-05,Notebook Air 13,Tecnologia,Sudeste,São Paulo,Henrique Dias,E-commerce,Pessoa Física,2,3572.37,0.05,6787.5,5521.26,1266.24
PED-01323,2026-04-08,Monitor 24,Tecnologia,Sul,Curitiba,Ana Lima,Marketplace,Pequena Empresa,3,903.89,0,2711.67,1743.15,968.52
PED-01324,2025-07-05,Webcam HD,Acessórios,Sudeste,Campinas,Isabela Freitas,Marketplace,Pessoa Física,2,250.09,0.1,450.16,262.88,187.28
PED-01325,2025-10-28,Monitor 27,Tecnologia,Sudeste,Belo Horizonte,Gabriela Souza,E-commerce,Pessoa Física,4,1505.05,0,6020.2,3843.16,2177.04
PED-01326,2025-06-30,Headset Pro,Acessórios,Sudeste,Rio de Janeiro,Diego Alves,E-commerce,Pequena Empresa,4,329.37,0,1317.48,703.88,613.6
PED-01327,2025-04-29,Notebook Air 13,Tecnologia,Sudeste,Rio de Janeiro,João Ribeiro,Loja Física,Pessoa Física,1,3496.2,0.1,3146.58,2755.43,391.15
PED-01328,2026-01-13,SSD 500GB,Componentes,Sul,Porto Alegre,Henrique Dias,E-commerce,Pessoa Física,3,282.09,0,846.27,556.14,290.13
PED-01329,2026-01-02,Webcam HD,Acessórios,Sudeste,Rio de Janeiro,Carla Mendes,E-commerce,Pessoa Física,2,249.31,0.1,448.76,264.54,184.22
PED-01330,2026-01-18,Dock Station,Acessórios,Sudeste,São Paulo,Carla Mendes,Loja Física,Pessoa Física,1,544.07,0,544.07,320.0,224.07
PED-01331,2026-02-05,Notebook Pro 14,Tecnologia,Sudeste,São Paulo,Bruno Costa,Loja Física,Pessoa Física,2,5030.3,0,10060.6,7317.28,2743.32
PED-01332,2025-09-07,Webcam HD,Acessórios,Nordeste,Salvador,Henrique Dias,Loja Física,Pessoa Física,1,252.46,0.05,239.84,131.05,108.79
PED-01333,2025-03-14,Monitor 27,Tecnologia,Sul,Florianópolis,Carla Mendes,Venda Corporativa,Pessoa Física,2,1513.44,0.2,2421.5,1954.7,466.8
PED-01334,2026-02-28,SSD 500GB,Componentes,Sudeste,Rio de Janeiro,Eduarda Rocha,Loja Física,Pequena Empresa,1,288.31,0,288.31,176.84,111.47
PED-01335,2026-01-18,Headset Pro,Acessórios,Sudeste,Rio de Janeiro,Carla Mendes,Loja Física,Grande Empresa,2,339.21,0.05,644.5,350.38,294.12
PED-01336,2025-09-05,SSD 1TB,Componentes,Sul,Porto Alegre,Bruno Costa,Loja Física,Pessoa Física,1,473.88,0,473.88,289.14,184.74
PED-01337,2025-02-10,Mouse Wireless,Acessórios,Sudeste,Belo Horizonte,Henrique Dias,Marketplace,Grande Empresa,1,181.21,0.15,154.03,85.64,68.39
PED-01338,2026-04-27,Dock Station,Acessórios,Sul,Florianópolis,João Ribeiro,Marketplace,Média Empresa,2,554.59,0.1,998.26,627.96,370.3
PED-01339,2025-04-04,Memória 16GB,Componentes,Sul,Porto Alegre,Isabela Freitas,Loja Física,Pequena Empresa,1,315.49,0,315.49,191.04,124.45
PED-01340,2026-06-10,Monitor 24,Tecnologia,Sudeste,Belo Horizonte,Diego Alves,Loja Física,Pessoa Física,1,904.61,0.1,814.15,595.2,218.95
PED-01341,2025-09-28,SSD 1TB,Componentes,Sudeste,Rio de Janeiro,João Ribeiro,Venda Corporativa,Pessoa Física,3,467.31,0,1401.93,880.65,521.28
PED-01342,2026-07-10,Dock Station,Acessórios,Sudeste,Campinas,João Ribeiro,Loja Física,Pessoa Física,3,542.02,0,1626.06,950.34,675.72
PED-01343,2025-12-12,Monitor 27,Tecnologia,Centro-Oeste,Goiânia,Felipe Martins,E-commerce,Pessoa Física,1,1510.42,0.05,1434.9,970.44,464.46
PED-01344,2026-09-13,Notebook Air 13,Tecnologia,Sudeste,Campinas,Isabela Freitas,Venda Corporativa,Pessoa Física,1,3724.77,0.15,3166.05,2742.07,423.98
PED-01345,2026-07-18,SSD 1TB,Componentes,Nordeste,Fortaleza,João Ribeiro,Loja Física,Pessoa Física,10,460.96,0.05,4379.12,2883.7,1495.42
PED-01346,2026-03-24,Headset Pro,Acessórios,Sudeste,Rio de Janeiro,Carla Mendes,E-commerce,Pequena Empresa,10,320.75,0,3207.5,1688.7,1518.8
PED-01347,2026-07-03,Teclado Mecânico,Acessórios,Sudeste,São Paulo,Gabriela Souza,E-commerce,Média Empresa,2,396.46,0,792.92,440.2,352.72
PED-01348,2025-10-11,Teclado Mecânico,Acessórios,Sudeste,Rio de Janeiro,Diego Alves,Loja Física,Pessoa Física,1,410.51,0.05,389.98,212.98,177.0
PED-01349,2026-07-21,SSD 1TB,Componentes,Sudeste,Rio de Janeiro,Carla Mendes,Marketplace,Média Empresa,1,475.9,0.05,452.1,288.02,164.08
PED-01350,2026-09-21,Teclado Mecânico,Acessórios,Nordeste,Salvador,Bruno Costa,E-commerce,Pessoa Física,1,411.94,0.05,391.34,224.51,166.83
PED-01351,2025-10-14,Notebook Air 13,Tecnologia,Sudeste,Belo Horizonte,Gabriela Souza,Loja Física,Pequena Empresa,2,3516.32,0,7032.64,5342.7,1689.94
PED-01352,2026-03-31,Webcam HD,Acessórios,Sudeste,Campinas,João Ribeiro,Marketplace,Pessoa Física,3,253.27,0,759.81,381.99,377.82
PED-01353,2026-06-21,Mouse Wireless,Acessórios,Sudeste,Campinas,Isabela Freitas,Loja Física,Média Empresa,2,182.44,0,364.88,167.62,197.26
PED-01354,2026-01-22,Monitor 27,Tecnologia,Nordeste,Salvador,Diego Alves,E-commerce,Pessoa Física,1,1478.26,0,1478.26,1001.59,476.67
PED-01355,2026-04-26,Notebook Pro 14,Tecnologia,Nordeste,Fortaleza,Diego Alves,Loja Física,Pessoa Física,3,4948.07,0,14844.21,11006.58,3837.63
PED-01356,2025-01-21,Webcam HD,Acessórios,Sudeste,Campinas,Gabriela Souza,E-commerce,Pessoa Física,1,258.91,0,258.91,127.7,131.21
PED-01357,2025-06-22,Monitor 24,Tecnologia,Nordeste,Fortaleza,Isabela Freitas,Loja Física,Média Empresa,4,894.97,0.2,2863.9,2438.48,425.42
PED-01358,2025-04-03,Memória 16GB,Componentes,Centro-Oeste,Brasília,João Ribeiro,Marketplace,Pessoa Física,1,319.55,0.15,271.62,191.1,80.52
PED-01359,2026-03-23,Teclado Mecânico,Acessórios,Centro-Oeste,Brasília,Diego Alves,Loja Física,Pessoa Física,1,404.37,0.15,343.71,219.32,124.39
PED-01360,2025-06-30,Teclado Mecânico,Acessórios,Sul,Porto Alegre,Carla Mendes,E-commerce,Média Empresa,1,388.91,0.1,350.02,212.23,137.79
PED-01361,2025-07-03,Dock Station,Acessórios,Sudeste,Campinas,Isabela Freitas,Marketplace,Pequena Empresa,1,541.97,0.15,460.67,303.99,156.68
PED-01362,2025-06-25,Teclado Mecânico,Acessórios,Sul,Curitiba,Isabela Freitas,Loja Física,Pessoa Física,1,391.38,0,391.38,212.69,178.69
PED-01363,2026-09-16,Mouse Wireless,Acessórios,Sul,Porto Alegre,Henrique Dias,E-commerce,Pessoa Física,1,181.65,0,181.65,84.69,96.96
PED-01364,2025-03-10,Headset Pro,Acessórios,Sudeste,Belo Horizonte,Henrique Dias,Loja Física,Pessoa Física,3,335.86,0.05,957.2,534.66,422.54
PED-01365,2026-04-23,SSD 500GB,Componentes,Centro-Oeste,Goiânia,João Ribeiro,Loja Física,Média Empresa,2,299.28,0,598.56,353.04,245.52
PED-01366,2026-05-27,Monitor 27,Tecnologia,Nordeste,Salvador,Bruno Costa,Loja Física,Pessoa Física,1,1497.3,0.05,1422.43,986.19,436.24
PED-01367,2026-01-18,Notebook Pro 14,Tecnologia,Sudeste,Rio de Janeiro,Ana Lima,E-commerce,Pequena Empresa,3,4954.51,0.05,14120.35,11312.58,2807.77
PED-01368,2025-05-24,SSD 500GB,Componentes,Nordeste,Recife,Diego Alves,E-commerce,Média Empresa,5,288.41,0,1442.05,916.6,525.45
PED-01369,2026-01-16,Monitor 24,Tecnologia,Sudeste,Campinas,Ana Lima,E-commerce,Pessoa Física,3,895.57,0,2686.71,1778.04,908.67
PED-01370,2026-01-31,SSD 500GB,Componentes,Centro-Oeste,Brasília,João Ribeiro,E-commerce,Média Empresa,2,300.18,0,600.36,370.0,230.36
PED-01371,2025-03-11,Mouse Wireless,Acessórios,Sudeste,Belo Horizonte,Isabela Freitas,E-commerce,Grande Empresa,1,177.01,0.1,159.31,80.5,78.81
PED-01372,2025-08-12,SSD 500GB,Componentes,Sul,Curitiba,Henrique Dias,Loja Física,Pequena Empresa,2,286.09,0.05,543.57,350.14,193.43
PED-01373,2026-06-14,SSD 1TB,Componentes,Sudeste,Campinas,Henrique Dias,Loja Física,Pessoa Física,3,469.29,0.05,1337.48,889.5,447.98
PED-01374,2025-06-07,Headset Pro,Acessórios,Sudeste,Campinas,Eduarda Rocha,E-commerce,Pequena Empresa,1,325.48,0.05,309.21,170.22,138.99
PED-01375,2025-02-15,Teclado Mecânico,Acessórios,Sudeste,Rio de Janeiro,Diego Alves,Loja Física,Pessoa Física,4,398.95,0.15,1356.43,877.0,479.43
PED-01376,2025-08-04,Notebook Pro 14,Tecnologia,Centro-Oeste,Brasília,Ana Lima,E-commerce,Pessoa Física,1,5088.51,0.05,4834.08,3813.29,1020.79
PED-01377,2026-05-21,Notebook Air 13,Tecnologia,Sudeste,Campinas,Felipe Martins,Loja Física,Grande Empresa,5,3556.05,0.2,14224.2,13808.8,415.4
PED-01378,2025-12-05,SSD 500GB,Componentes,Sul,Florianópolis,Carla Mendes,Marketplace,Média Empresa,2,296.64,0.1,533.95,368.28,165.67
PED-01379,2025-09-09,Monitor 24,Tecnologia,Nordeste,Recife,Henrique Dias,E-commerce,Média Empresa,1,934.41,0.2,747.53,580.32,167.21
PED-01380,2026-08-29,Teclado Mecânico,Acessórios,Nordeste,Recife,Bruno Costa,Marketplace,Pessoa Física,4,413.74,0,1654.96,870.76,784.2
PED-01381,2025-06-06,Notebook Air 13,Tecnologia,Nordeste,Fortaleza,Felipe Martins,Loja Física,Pessoa Física,2,3552.12,0,7104.24,5547.98,1556.26
PED-01382,2025-03-09,Mouse Wireless,Acessórios,Centro-Oeste,Brasília,Gabriela Souza,Loja Física,Pessoa Física,2,177.81,0.2,284.5,164.98,119.52
PED-01383,2025-11-12,Monitor 24,Tecnologia,Sul,Porto Alegre,Gabriela Souza,Loja Física,Pessoa Física,4,910.45,0,3641.8,2340.04,1301.76
PED-01384,2025-06-13,SSD 1TB,Componentes,Sudeste,Campinas,Bruno Costa,E-commerce,Pessoa Física,3,459.0,0,1377.0,913.47,463.53
PED-01385,2025-06-05,Notebook Pro 14,Tecnologia,Sudeste,Rio de Janeiro,Ana Lima,E-commerce,Grande Empresa,1,5035.55,0.1,4531.99,3668.28,863.71
PED-01386,2026-08-09,Notebook Air 13,Tecnologia,Sudeste,Belo Horizonte,Felipe Martins,E-commerce,Grande Empresa,1,3491.08,0,3491.08,2830.81,660.27
PED-01387,2025-06-24,Headset Pro,Acessórios,Nordeste,Recife,Bruno Costa,E-commerce,Pessoa Física,4,333.24,0,1332.96,676.96,656.0
PED-01388,2026-04-19,SSD 1TB,Componentes,Nordeste,Salvador,Isabela Freitas,E-commerce,Pequena Empresa,3,472.61,0,1417.83,899.25,518.58
PED-01389,2026-04-30,Webcam HD,Acessórios,Sudeste,Belo Horizonte,Eduarda Rocha,Marketplace,Média Empresa,2,255.37,0.15,434.13,261.9,172.23
PED-01390,2025-12-01,Monitor 24,Tecnologia,Sudeste,Rio de Janeiro,Carla Mendes,E-commerce,Pessoa Física,5,934.85,0,4674.25,2917.05,1757.2
PED-01391,2025-03-17,Teclado Mecânico,Acessórios,Nordeste,Fortaleza,Felipe Martins,Loja Física,Pequena Empresa,2,405.03,0,810.06,449.78,360.28
PED-01392,2026-07-20,Memória 16GB,Componentes,Sul,Florianópolis,Diego Alves,Venda Corporativa,Pequena Empresa,1,317.14,0.05,301.28,187.83,113.45
PED-01393,2025-09-16,Headset Pro,Acessórios,Sudeste,Campinas,Henrique Dias,Marketplace,Pessoa Física,3,322.19,0,966.57,514.47,452.1
PED-01394,2026-03-09,SSD 500GB,Componentes,Sudeste,Rio de Janeiro,Ana Lima,Venda Corporativa,Pessoa Física,1,298.04,0,298.04,178.61,119.43
PED-01395,2025-02-13,Monitor 27,Tecnologia,Sudeste,Campinas,Eduarda Rocha,Venda Corporativa,Pequena Empresa,2,1520.3,0.1,2736.54,2018.4,718.14
PED-01396,2026-09-22,Mouse Wireless,Acessórios,Sudeste,São Paulo,Henrique Dias,Marketplace,Grande Empresa,1,182.15,0,182.15,85.28,96.87
PED-01397,2026-06-02,Teclado Mecânico,Acessórios,Sul,Florianópolis,João Ribeiro,Loja Física,Pequena Empresa,2,409.38,0.15,695.95,435.1,260.85
PED-01398,2026-08-29,Dock Station,Acessórios,Sudeste,Campinas,Ana Lima,E-commerce,Pessoa Física,2,534.94,0.2,855.9,643.6,212.3
PED-01399,2026-03-04,Webcam HD,Acessórios,Centro-Oeste,Cuiabá,João Ribeiro,E-commerce,Pessoa Física,2,246.76,0.05,468.84,258.46,210.38
PED-01400,2025-02-09,Monitor 24,Tecnologia,Sul,Florianópolis,Eduarda Rocha,E-commerce,Pessoa Física,1,923.73,0,923.73,588.07,335.66
PED-01401,2025-01-03,Headset Pro,Acessórios,Sudeste,São Paulo,Eduarda Rocha,Loja Física,Média Empresa,6,339.13,0,2034.78,1058.1,976.68
PED-01402,2025-11-10,SSD 1TB,Componentes,Sul,Porto Alegre,João Ribeiro,E-commerce,Pequena Empresa,1,452.78,0,452.78,306.38,146.4
PED-01403,2026-07-29,Memória 16GB,Componentes,Sudeste,Rio de Janeiro,Ana Lima,Marketplace,Pessoa Física,3,309.89,0.15,790.22,566.76,223.46
PED-01404,2025-09-22,Monitor 27,Tecnologia,Sul,Florianópolis,Eduarda Rocha,Loja Física,Média Empresa,1,1464.27,0,1464.27,1024.32,439.95
PED-01405,2025-11-13,Dock Station,Acessórios,Nordeste,Fortaleza,Bruno Costa,E-commerce,Pessoa Física,1,569.18,0.15,483.8,305.23,178.57
PED-01406,2025-10-04,Monitor 27,Tecnologia,Sudeste,Campinas,Felipe Martins,E-commerce,Pequena Empresa,4,1466.84,0.05,5573.99,4024.88,1549.11
PED-01407,2025-10-12,Notebook Air 13,Tecnologia,Sudeste,São Paulo,Felipe Martins,E-commerce,Média Empresa,2,3495.62,0,6991.24,5658.32,1332.92
PED-01408,2025-03-30,Notebook Air 13,Tecnologia,Sudeste,Belo Horizonte,Carla Mendes,Loja Física,Pequena Empresa,1,3681.82,0.2,2945.46,2722.46,223.0
PED-01409,2025-12-15,Headset Pro,Acessórios,Nordeste,Recife,Bruno Costa,Marketplace,Pequena Empresa,2,333.43,0,666.86,346.74,320.12
PED-01410,2026-08-24,Memória 16GB,Componentes,Nordeste,Fortaleza,Diego Alves,Marketplace,Média Empresa,4,319.65,0.05,1214.67,765.96,448.71
PED-01411,2026-01-13,Monitor 24,Tecnologia,Centro-Oeste,Brasília,Henrique Dias,E-commerce,Pessoa Física,1,895.47,0.1,805.92,592.19,213.73
PED-01412,2025-01-08,Mouse Wireless,Acessórios,Centro-Oeste,Brasília,Carla Mendes,Marketplace,Pequena Empresa,2,175.33,0,350.66,166.4,184.26
PED-01413,2026-07-19,Memória 16GB,Componentes,Nordeste,Salvador,João Ribeiro,Marketplace,Pequena Empresa,3,321.42,0,964.26,578.61,385.65
PED-01414,2025-02-09,Notebook Air 13,Tecnologia,Sudeste,Belo Horizonte,Carla Mendes,Marketplace,Média Empresa,10,3705.1,0,37051.0,28419.5,8631.5
PED-01415,2026-06-28,Mouse Wireless,Acessórios,Sudeste,Belo Horizonte,Eduarda Rocha,Loja Física,Pessoa Física,1,174.8,0,174.8,81.15,93.65
PED-01416,2026-06-22,SSD 1TB,Componentes,Sul,Curitiba,Felipe Martins,E-commerce,Grande Empresa,3,449.21,0,1347.63,893.82,453.81
PED-01417,2026-08-20,Notebook Air 13,Tecnologia,Sudeste,Belo Horizonte,Eduarda Rocha,Marketplace,Pessoa Física,2,3695.49,0.15,6282.33,5519.86,762.47
PED-01418,2026-08-15,Memória 16GB,Componentes,Sul,Florianópolis,Eduarda Rocha,E-commerce,Pessoa Física,6,329.03,0,1974.18,1130.52,843.66
PED-01419,2025-12-08,Teclado Mecânico,Acessórios,Nordeste,Salvador,Bruno Costa,E-commerce,Grande Empresa,1,388.22,0.15,329.99,222.88,107.11
PED-01420,2026-02-20,Dock Station,Acessórios,Sudeste,Rio de Janeiro,João Ribeiro,Venda Corporativa,Média Empresa,1,539.64,0,539.64,323.72,215.92
PED-01421,2025-04-17,SSD 500GB,Componentes,Nordeste,Recife,Diego Alves,Marketplace,Pessoa Física,3,294.14,0.1,794.18,532.23,261.95
PED-01422,2026-02-22,Notebook Pro 14,Tecnologia,Nordeste,Recife,João Ribeiro,Marketplace,Pequena Empresa,1,4772.39,0.05,4533.77,3630.91,902.86
PED-01423,2026-02-02,Monitor 24,Tecnologia,Nordeste,Recife,Felipe Martins,E-commerce,Grande Empresa,2,888.98,0.05,1689.06,1207.32,481.74
PED-01424,2025-05-08,Memória 16GB,Componentes,Sudeste,Campinas,Ana Lima,Venda Corporativa,Pessoa Física,1,312.29,0,312.29,189.64,122.65
PED-01425,2026-08-18,Notebook Air 13,Tecnologia,Centro-Oeste,Brasília,Carla Mendes,Marketplace,Pessoa Física,1,3509.22,0,3509.22,2730.68,778.54
PED-01426,2025-08-12,Teclado Mecânico,Acessórios,Centro-Oeste,Cuiabá,Ana Lima,Marketplace,Pequena Empresa,4,390.02,0,1560.08,855.24,704.84
PED-01427,2025-05-28,Monitor 27,Tecnologia,Nordeste,Salvador,Felipe Martins,E-commerce,Pessoa Física,3,1500.56,0.1,4051.51,2922.69,1128.82
PED-01428,2025-05-30,Monitor 24,Tecnologia,Sudeste,Rio de Janeiro,Diego Alves,Loja Física,Grande Empresa,2,899.3,0,1798.6,1169.5,629.1
PED-01429,2025-03-03,Memória 16GB,Componentes,Sudeste,Belo Horizonte,Diego Alves,Loja Física,Média Empresa,1,318.95,0,318.95,187.36,131.59
PED-01430,2026-06-27,Notebook Air 13,Tecnologia,Sul,Porto Alegre,Eduarda Rocha,Loja Física,Pessoa Física,3,3611.16,0,10833.48,8189.7,2643.78
PED-01431,2025-06-14,Webcam HD,Acessórios,Sudeste,Rio de Janeiro,Ana Lima,Marketplace,Pequena Empresa,2,251.15,0.2,401.84,258.28,143.56
PED-01432,2025-05-29,Notebook Air 13,Tecnologia,Sudeste,Belo Horizonte,Isabela Freitas,E-commerce,Pessoa Física,5,3569.18,0.05,16953.6,13661.9,3291.7
PED-01433,2025-03-06,SSD 1TB,Componentes,Centro-Oeste,Brasília,Diego Alves,Venda Corporativa,Pessoa Física,1,475.15,0.2,380.12,303.65,76.47
PED-01434,2026-08-12,Dock Station,Acessórios,Centro-Oeste,Cuiabá,Henrique Dias,Venda Corporativa,Pessoa Física,8,559.03,0,4472.24,2526.56,1945.68
PED-01435,2026-08-05,Mouse Wireless,Acessórios,Sudeste,Rio de Janeiro,Carla Mendes,E-commerce,Pessoa Física,3,183.71,0,551.13,251.16,299.97
PED-01436,2026-02-16,SSD 500GB,Componentes,Nordeste,Fortaleza,João Ribeiro,Loja Física,Pessoa Física,2,285.28,0,570.56,350.02,220.54
PED-01437,2025-12-11,Mouse Wireless,Acessórios,Sudeste,Rio de Janeiro,Isabela Freitas,E-commerce,Pessoa Física,8,174.59,0,1396.72,668.8,727.92
PED-01438,2025-05-21,Monitor 24,Tecnologia,Sudeste,São Paulo,Diego Alves,Loja Física,Pessoa Física,3,934.32,0,2802.96,1802.58,1000.38
PED-01439,2025-05-19,Monitor 24,Tecnologia,Nordeste,Salvador,Felipe Martins,E-commerce,Pessoa Física,6,934.41,0.05,5326.14,3628.56,1697.58
PED-01440,2026-04-06,Monitor 24,Tecnologia,Sudeste,Rio de Janeiro,João Ribeiro,E-commerce,Média Empresa,4,911.62,0.05,3464.16,2438.52,1025.64
PED-01441,2025-02-15,Webcam HD,Acessórios,Nordeste,Fortaleza,Carla Mendes,Marketplace,Pequena Empresa,1,255.77,0.15,217.4,125.39,92.01
PED-01442,2026-02-26,Mouse Wireless,Acessórios,Sudeste,Rio de Janeiro,João Ribeiro,E-commerce,Pessoa Física,1,179.3,0,179.3,84.35,94.95
PED-01443,2025-01-28,Memória 16GB,Componentes,Sudeste,São Paulo,Eduarda Rocha,E-commerce,Média Empresa,1,313.44,0,313.44,198.24,115.2
PED-01444,2025-07-22,Monitor 27,Tecnologia,Sudeste,São Paulo,Henrique Dias,E-commerce,Pessoa Física,1,1475.45,0.15,1254.13,1003.42,250.71
PED-01445,2025-11-03,SSD 500GB,Componentes,Sudeste,São Paulo,Carla Mendes,Loja Física,Pessoa Física,1,294.18,0.05,279.47,185.57,93.9
PED-01446,2025-04-22,Notebook Air 13,Tecnologia,Nordeste,Salvador,Bruno Costa,E-commerce,Pessoa Física,1,3558.08,0.1,3202.27,2754.49,447.78
PED-01447,2026-07-23,SSD 500GB,Componentes,Sul,Florianópolis,João Ribeiro,Venda Corporativa,Média Empresa,1,291.11,0.2,232.89,181.51,51.38
PED-01448,2026-04-05,Headset Pro,Acessórios,Sudeste,Campinas,Eduarda Rocha,E-commerce,Pequena Empresa,6,338.37,0.1,1827.2,1019.58,807.62
PED-01449,2025-10-30,Headset Pro,Acessórios,Nordeste,Recife,Bruno Costa,Venda Corporativa,Pessoa Física,3,324.42,0.15,827.27,527.88,299.39
PED-01450,2025-04-26,Dock Station,Acessórios,Sudeste,Rio de Janeiro,Ana Lima,Loja Física,Pessoa Física,1,567.42,0,567.42,314.83,252.59
PED-01451,2026-09-14,Dock Station,Acessórios,Centro-Oeste,Brasília,Isabela Freitas,Loja Física,Pessoa Física,2,545.29,0,1090.58,613.52,477.06
PED-01452,2025-07-02,Notebook Pro 14,Tecnologia,Sudeste,Rio de Janeiro,Carla Mendes,Marketplace,Pessoa Física,3,4966.31,0.05,14153.98,10785.75,3368.23
PED-01453,2026-07-14,Notebook Air 13,Tecnologia,Nordeste,Recife,Henrique Dias,E-commerce,Pessoa Física,4,3683.88,0,14735.52,11215.12,3520.4
PED-01454,2025-01-25,Memória 16GB,Componentes,Sudeste,Belo Horizonte,Carla Mendes,Marketplace,Média Empresa,2,313.68,0,627.36,399.84,227.52
PED-01455,2025-04-11,Webcam HD,Acessórios,Nordeste,Fortaleza,Felipe Martins,E-commerce,Pequena Empresa,8,244.14,0,1953.12,1012.8,940.32
PED-01456,2026-01-24,SSD 500GB,Componentes,Sudeste,Belo Horizonte,Eduarda Rocha,E-commerce,Pessoa Física,4,291.99,0.05,1109.56,721.52,388.04
PED-01457,2026-05-18,Dock Station,Acessórios,Centro-Oeste,Brasília,Carla Mendes,E-commerce,Pequena Empresa,2,544.6,0.1,980.28,627.94,352.34
PED-01458,2026-06-04,Headset Pro,Acessórios,Sudeste,São Paulo,João Ribeiro,E-commerce,Pequena Empresa,5,333.79,0,1668.95,843.2,825.75
PED-01459,2026-06-13,Teclado Mecânico,Acessórios,Sul,Porto Alegre,Gabriela Souza,Loja Física,Pessoa Física,1,393.39,0,393.39,215.54,177.85
PED-01460,2025-02-20,Mouse Wireless,Acessórios,Sudeste,Rio de Janeiro,João Ribeiro,E-commerce,Pessoa Física,3,174.29,0.05,496.73,244.65,252.08
PED-01461,2026-02-25,SSD 1TB,Componentes,Nordeste,Fortaleza,Henrique Dias,Loja Física,Pequena Empresa,1,465.67,0.05,442.39,305.34,137.05
PED-01462,2026-06-23,Monitor 27,Tecnologia,Sudeste,São Paulo,Eduarda Rocha,Marketplace,Média Empresa,5,1509.49,0,7547.45,5107.35,2440.1
PED-01463,2026-06-26,Memória 16GB,Componentes,Sudeste,Belo Horizonte,Carla Mendes,Loja Física,Pessoa Física,5,313.76,0,1568.8,983.9,584.9
PED-01464,2025-07-12,Dock Station,Acessórios,Sul,Porto Alegre,Eduarda Rocha,E-commerce,Pequena Empresa,1,558.58,0.05,530.65,319.55,211.1
PED-01465,2026-06-19,SSD 1TB,Componentes,Sul,Florianópolis,Eduarda Rocha,Loja Física,Pessoa Física,1,468.27,0.05,444.86,293.69,151.17
PED-01466,2026-06-26,Headset Pro,Acessórios,Sudeste,Belo Horizonte,Eduarda Rocha,E-commerce,Média Empresa,4,341.75,0,1367.0,689.0,678.0
PED-01467,2025-12-30,Mouse Wireless,Acessórios,Nordeste,Salvador,Carla Mendes,Loja Física,Pessoa Física,3,182.19,0,546.57,246.15,300.42
PED-01468,2025-01-24,SSD 500GB,Componentes,Sudeste,Campinas,Eduarda Rocha,Loja Física,Pessoa Física,1,296.81,0.05,281.97,180.73,101.24
PED-01469,2025-01-24,Monitor 24,Tecnologia,Nordeste,Recife,Diego Alves,Loja Física,Pessoa Física,1,892.89,0.2,714.31,618.36,95.95
PED-01470,2026-04-22,SSD 1TB,Componentes,Nordeste,Salvador,Felipe Martins,E-commerce,Pequena Empresa,1,452.9,0.15,384.96,304.89,80.07
PED-01471,2025-08-02,Mouse Wireless,Acessórios,Sudeste,Belo Horizonte,João Ribeiro,E-commerce,Pequena Empresa,2,175.4,0,350.8,161.9,188.9
PED-01472,2025-04-07,Memória 16GB,Componentes,Sul,Florianópolis,Henrique Dias,Marketplace,Pequena Empresa,2,313.87,0.05,596.35,390.22,206.13
PED-01473,2025-07-22,Webcam HD,Acessórios,Sudeste,Campinas,Felipe Martins,Venda Corporativa,Pessoa Física,2,242.87,0,485.74,248.44,237.3
PED-01474,2026-09-19,Dock Station,Acessórios,Sul,Porto Alegre,Gabriela Souza,E-commerce,Grande Empresa,5,560.21,0.1,2520.95,1575.9,945.05
PED-01475,2025-01-09,Notebook Pro 14,Tecnologia,Centro-Oeste,Brasília,Ana Lima,Venda Corporativa,Pessoa Física,1,4790.44,0.1,4311.4,3609.68,701.72
PED-01476,2026-09-04,Dock Station,Acessórios,Centro-Oeste,Brasília,Gabriela Souza,E-commerce,Pequena Empresa,2,564.16,0.1,1015.49,633.46,382.03
PED-01477,2026-03-02,Notebook Pro 14,Tecnologia,Centro-Oeste,Cuiabá,Diego Alves,E-commerce,Pequena Empresa,1,4778.18,0.15,4061.45,3731.24,330.21
PED-01478,2025-05-07,Dock Station,Acessórios,Sul,Florianópolis,Eduarda Rocha,E-commerce,Pessoa Física,1,545.71,0.05,518.42,304.37,214.05
PED-01479,2025-05-23,Headset Pro,Acessórios,Sudeste,Rio de Janeiro,Diego Alves,Loja Física,Pessoa Física,1,326.85,0.05,310.51,172.59,137.92
PED-01480,2025-04-05,Teclado Mecânico,Acessórios,Centro-Oeste,Cuiabá,Eduarda Rocha,E-commerce,Pessoa Física,6,397.28,0,2383.68,1266.12,1117.56
PED-01481,2025-12-12,Monitor 24,Tecnologia,Sul,Porto Alegre,Gabriela Souza,Loja Física,Pequena Empresa,1,879.36,0.1,791.42,583.52,207.9
PED-01482,2025-01-19,Notebook Pro 14,Tecnologia,Centro-Oeste,Brasília,Isabela Freitas,Venda Corporativa,Pessoa Física,2,5032.61,0.05,9561.96,7543.76,2018.2
PED-01483,2026-01-31,Monitor 27,Tecnologia,Nordeste,Salvador,Felipe Martins,Venda Corporativa,Pessoa Física,8,1480.69,0.1,10660.97,7870.08,2790.89
PED-01484,2025-02-23,Headset Pro,Acessórios,Sul,Curitiba,Gabriela Souza,Loja Física,Pessoa Física,4,332.06,0.05,1261.83,713.52,548.31
PED-01485,2026-09-29,Monitor 24,Tecnologia,Centro-Oeste,Goiânia,Eduarda Rocha,Marketplace,Pessoa Física,1,872.34,0.15,741.49,600.0,141.49
PED-01486,2026-04-04,Monitor 24,Tecnologia,Sudeste,Rio de Janeiro,Henrique Dias,Venda Corporativa,Média Empresa,3,897.67,0.05,2558.36,1760.85,797.51
PED-01487,2026-01-19,SSD 1TB,Componentes,Nordeste,Salvador,Bruno Costa,Marketplace,Pessoa Física,3,446.76,0.05,1273.27,881.07,392.2
PED-01488,2026-08-02,SSD 1TB,Componentes,Nordeste,Recife,Eduarda Rocha,Loja Física,Média Empresa,3,453.43,0.05,1292.28,907.98,384.3
PED-01489,2026-02-17,SSD 1TB,Componentes,Nordeste,Fortaleza,Gabriela Souza,Marketplace,Pessoa Física,1,454.75,0.1,409.28,297.46,111.82
PED-01490,2026-09-12,SSD 1TB,Componentes,Nordeste,Fortaleza,Henrique Dias,E-commerce,Pessoa Física,1,463.84,0.1,417.46,299.18,118.28
PED-01491,2026-08-06,Monitor 24,Tecnologia,Sudeste,São Paulo,Eduarda Rocha,E-commerce,Pessoa Física,1,933.38,0.05,886.71,586.23,300.48
PED-01492,2025-06-29,Monitor 24,Tecnologia,Sudeste,Rio de Janeiro,Eduarda Rocha,Marketplace,Pequena Empresa,2,932.48,0.05,1771.71,1160.92,610.79
PED-01493,2026-09-30,Memória 16GB,Componentes,Sudeste,Campinas,Carla Mendes,E-commerce,Pessoa Física,3,310.11,0.2,744.26,579.27,164.99
PED-01494,2025-08-10,Teclado Mecânico,Acessórios,Sul,Florianópolis,Diego Alves,Loja Física,Pessoa Física,3,397.14,0.05,1131.85,643.11,488.74
PED-01495,2026-06-17,Monitor 27,Tecnologia,Sul,Florianópolis,Ana Lima,Marketplace,Grande Empresa,4,1554.76,0.15,5286.18,4085.08,1201.1
PED-01496,2025-05-01,Monitor 27,Tecnologia,Centro-Oeste,Cuiabá,João Ribeiro,Loja Física,Pessoa Física,4,1496.66,0.1,5387.98,4051.0,1336.98
PED-01497,2026-07-12,SSD 500GB,Componentes,Sudeste,Belo Horizonte,Bruno Costa,Marketplace,Pessoa Física,1,281.8,0.05,267.71,184.77,82.94
PED-01498,2025-01-16,Dock Station,Acessórios,Sul,Porto Alegre,Bruno Costa,Marketplace,Pequena Empresa,1,552.84,0,552.84,316.2,236.64
PED-01499,2025-05-04,Teclado Mecânico,Acessórios,Nordeste,Recife,Gabriela Souza,Loja Física,Pessoa Física,4,401.25,0,1605.0,880.48,724.52
PED-01500,2025-02-11,Notebook Pro 14,Tecnologia,Nordeste,Salvador,Henrique Dias,Marketplace,Pessoa Física,3,4957.92,0.05,14130.07,11426.49,2703.58
PED-01501,2026-02-03,Notebook Air 13,Tecnologia,Centro-Oeste,Brasília,Gabriela Souza,Loja Física,Pessoa Física,3,3575.39,0.1,9653.55,8519.13,1134.42
PED-01502,2025-01-27,Notebook Pro 14,Tecnologia,Centro-Oeste,Goiânia,Isabela Freitas,E-commerce,Pequena Empresa,1,4777.12,0.05,4538.26,3765.49,772.77
PED-01503,2025-02-25,Webcam HD,Acessórios,Sudeste,Rio de Janeiro,Isabela Freitas,E-commerce,Pequena Empresa,2,244.03,0.05,463.66,259.84,203.82
PED-01504,2025-08-14,SSD 500GB,Componentes,Sudeste,São Paulo,Henrique Dias,Loja Física,Pequena Empresa,2,299.41,0,598.82,370.94,227.88
PED-01505,2026-02-17,Headset Pro,Acessórios,Sul,Florianópolis,Carla Mendes,E-commerce,Pessoa Física,1,335.83,0.15,285.46,177.47,107.99
PED-01506,2026-01-29,Notebook Pro 14,Tecnologia,Centro-Oeste,Cuiabá,João Ribeiro,E-commerce,Pequena Empresa,1,4983.38,0.15,4235.87,3644.15,591.72
PED-01507,2025-07-19,Monitor 24,Tecnologia,Sudeste,Rio de Janeiro,Bruno Costa,Venda Corporativa,Grande Empresa,1,882.81,0.1,794.53,592.44,202.09
PED-01508,2026-02-15,Notebook Air 13,Tecnologia,Sudeste,São Paulo,Henrique Dias,E-commerce,Média Empresa,5,3516.64,0,17583.2,13850.9,3732.3
PED-01509,2025-01-01,Headset Pro,Acessórios,Sudeste,Campinas,Diego Alves,Marketplace,Grande Empresa,1,331.71,0.05,315.12,179.27,135.85
PED-01510,2026-01-21,Notebook Air 13,Tecnologia,Sudeste,Campinas,Bruno Costa,Venda Corporativa,Pessoa Física,1,3673.93,0.05,3490.23,2687.8,802.43
PED-01511,2026-08-16,Mouse Wireless,Acessórios,Sudeste,Campinas,Eduarda Rocha,Loja Física,Grande Empresa,1,186.1,0,186.1,81.72,104.38
PED-01512,2025-07-29,SSD 500GB,Componentes,Sudeste,São Paulo,Gabriela Souza,Loja Física,Pessoa Física,1,296.33,0.05,281.51,182.75,98.76
PED-01513,2025-06-24,Monitor 27,Tecnologia,Sudeste,Rio de Janeiro,Bruno Costa,Venda Corporativa,Média Empresa,2,1464.77,0.1,2636.59,1947.34,689.25
PED-01514,2026-06-16,Headset Pro,Acessórios,Sudeste,Belo Horizonte,Henrique Dias,Marketplace,Pequena Empresa,2,339.09,0.1,610.36,340.7,269.66
PED-01515,2026-07-07,Monitor 24,Tecnologia,Centro-Oeste,Cuiabá,Carla Mendes,Loja Física,Grande Empresa,2,908.05,0,1816.1,1193.54,622.56
PED-01516,2025-01-24,Webcam HD,Acessórios,Nordeste,Fortaleza,Isabela Freitas,Marketplace,Pessoa Física,3,249.44,0.2,598.66,388.95,209.71
PED-01517,2026-02-17,Webcam HD,Acessórios,Sudeste,Campinas,Isabela Freitas,Marketplace,Pessoa Física,4,241.57,0,966.28,513.0,453.28
PED-01518,2025-03-28,SSD 500GB,Componentes,Nordeste,Salvador,Diego Alves,Loja Física,Pessoa Física,1,294.06,0.2,235.25,182.66,52.59
PED-01519,2025-01-16,Mouse Wireless,Acessórios,Sul,Porto Alegre,Bruno Costa,Marketplace,Pessoa Física,1,181.79,0,181.79,85.74,96.05
PED-01520,2025-03-16,SSD 1TB,Componentes,Sudeste,Campinas,Henrique Dias,Marketplace,Grande Empresa,2,467.14,0.05,887.57,581.94,305.63
PED-01521,2026-09-16,Dock Station,Acessórios,Sudeste,São Paulo,Carla Mendes,E-commerce,Média Empresa,5,569.09,0.1,2560.9,1594.05,966.85
PED-01522,2025-08-24,SSD 500GB,Componentes,Nordeste,Recife,João Ribeiro,Marketplace,Pessoa Física,8,286.36,0.1,2061.79,1455.92,605.87
PED-01523,2026-09-17,Dock Station,Acessórios,Sul,Curitiba,Bruno Costa,E-commerce,Pessoa Física,2,563.67,0.05,1070.97,647.22,423.75
PED-01524,2026-03-28,Notebook Air 13,Tecnologia,Sudeste,Rio de Janeiro,Diego Alves,Venda Corporativa,Pessoa Física,2,3684.79,0,7369.58,5560.76,1808.82
PED-01525,2025-01-27,SSD 1TB,Componentes,Sudeste,Campinas,Bruno Costa,Venda Corporativa,Pessoa Física,2,461.13,0.2,737.81,594.08,143.73
PED-01526,2026-01-29,Dock Station,Acessórios,Sudeste,Campinas,Isabela Freitas,Loja Física,Média Empresa,4,552.36,0,2209.44,1232.24,977.2
PED-01527,2025-02-09,SSD 500GB,Componentes,Sul,Florianópolis,Isabela Freitas,E-commerce,Pequena Empresa,3,287.79,0.1,777.03,549.33,227.7
PED-01528,2025-01-31,SSD 500GB,Componentes,Centro-Oeste,Goiânia,Gabriela Souza,E-commerce,Pequena Empresa,3,280.95,0.05,800.71,528.0,272.71
PED-01529,2025-10-14,Dock Station,Acessórios,Sudeste,Belo Horizonte,Felipe Martins,E-commerce,Pessoa Física,2,547.67,0.05,1040.57,613.7,426.87
PED-01530,2026-09-19,Teclado Mecânico,Acessórios,Sudeste,Rio de Janeiro,Carla Mendes,Marketplace,Pequena Empresa,4,410.22,0.1,1476.79,856.16,620.63
PED-01531,2025-07-19,Dock Station,Acessórios,Centro-Oeste,Cuiabá,Bruno Costa,E-commerce,Pessoa Física,1,545.13,0.1,490.62,315.37,175.25
PED-01532,2025-12-12,Memória 16GB,Componentes,Centro-Oeste,Goiânia,Carla Mendes,Venda Corporativa,Pessoa Física,1,318.44,0.05,302.52,195.06,107.46
PED-01533,2025-08-16,Mouse Wireless,Acessórios,Sul,Florianópolis,Felipe Martins,E-commerce,Média Empresa,6,182.53,0,1095.18,494.88,600.3
PED-01534,2025-01-27,SSD 500GB,Componentes,Sul,Porto Alegre,Gabriela Souza,Venda Corporativa,Pessoa Física,1,290.2,0,290.2,182.91,107.29
PED-01535,2025-09-25,Monitor 24,Tecnologia,Sudeste,Belo Horizonte,João Ribeiro,E-commerce,Pequena Empresa,2,930.32,0.05,1767.61,1165.76,601.85
PED-01536,2026-05-08,SSD 1TB,Componentes,Sul,Curitiba,Diego Alves,Loja Física,Pequena Empresa,2,446.44,0,892.88,606.6,286.28
PED-01537,2025-08-04,Headset Pro,Acessórios,Sudeste,Belo Horizonte,Eduarda Rocha,Loja Física,Pessoa Física,1,335.92,0,335.92,171.96,163.96
PED-01538,2025-08-08,Headset Pro,Acessórios,Sudeste,São Paulo,Diego Alves,Marketplace,Pessoa Física,1,333.43,0,333.43,178.98,154.45
PED-01539,2025-06-03,Memória 16GB,Componentes,Centro-Oeste,Brasília,Eduarda Rocha,Venda Corporativa,Pequena Empresa,1,319.63,0,319.63,195.41,124.22
PED-01540,2025-05-05,Memória 16GB,Componentes,Sul,Porto Alegre,Isabela Freitas,E-commerce,Pequena Empresa,1,315.5,0.05,299.72,188.92,110.8
PED-01541,2026-06-11,Dock Station,Acessórios,Sul,Porto Alegre,Gabriela Souza,E-commerce,Pessoa Física,1,563.63,0.1,507.27,313.09,194.18
PED-01542,2025-03-01,Mouse Wireless,Acessórios,Centro-Oeste,Cuiabá,Isabela Freitas,Loja Física,Pequena Empresa,2,184.44,0,368.88,162.3,206.58
PED-01543,2025-12-12,Dock Station,Acessórios,Sudeste,Belo Horizonte,Isabela Freitas,Loja Física,Pequena Empresa,2,565.84,0,1131.68,641.78,489.9
PED-01544,2026-09-21,Teclado Mecânico,Acessórios,Sudeste,Rio de Janeiro,Eduarda Rocha,Venda Corporativa,Média Empresa,8,398.99,0.1,2872.73,1725.6,1147.13
PED-01545,2025-05-20,Notebook Pro 14,Tecnologia,Centro-Oeste,Brasília,Carla Mendes,Marketplace,Pessoa Física,1,4831.62,0.1,4348.46,3821.89,526.57
PED-01546,2025-05-15,SSD 500GB,Componentes,Centro-Oeste,Brasília,Felipe Martins,Venda Corporativa,Pessoa Física,1,281.01,0,281.01,176.98,104.03
PED-01547,2026-03-12,Dock Station,Acessórios,Nordeste,Fortaleza,Bruno Costa,E-commerce,Pessoa Física,2,547.36,0.05,1039.98,634.5,405.48
PED-01548,2026-05-18,Monitor 27,Tecnologia,Sul,Florianópolis,Diego Alves,Loja Física,Média Empresa,4,1484.74,0.1,5345.06,3955.0,1390.06
PED-01549,2025-01-07,Monitor 27,Tecnologia,Sudeste,Rio de Janeiro,Felipe Martins,E-commerce,Grande Empresa,1,1539.4,0,1539.4,1008.94,530.46
PED-01550,2025-04-19,Memória 16GB,Componentes,Sudeste,São Paulo,Carla Mendes,E-commerce,Pessoa Física,4,316.24,0,1264.96,753.68,511.28
PED-01551,2026-01-22,Memória 16GB,Componentes,Sudeste,São Paulo,Isabela Freitas,E-commerce,Pessoa Física,1,319.77,0.1,287.79,187.5,100.29
PED-01552,2025-06-19,Webcam HD,Acessórios,Sudeste,São Paulo,Henrique Dias,E-commerce,Pessoa Física,1,246.07,0.05,233.77,132.06,101.71
PED-01553,2026-07-30,SSD 500GB,Componentes,Sudeste,Rio de Janeiro,Gabriela Souza,E-commerce,Pessoa Física,1,282.16,0,282.16,184.62,97.54
PED-01554,2026-04-10,Headset Pro,Acessórios,Centro-Oeste,Cuiabá,Diego Alves,Marketplace,Pessoa Física,2,329.25,0,658.5,338.06,320.44
PED-01555,2026-04-26,Monitor 27,Tecnologia,Sudeste,Rio de Janeiro,Diego Alves,Loja Física,Pequena Empresa,1,1515.16,0.05,1439.4,973.17,466.23
PED-01556,2025-01-30,Mouse Wireless,Acessórios,Sudeste,Rio de Janeiro,João Ribeiro,Venda Corporativa,Média Empresa,1,175.78,0.05,166.99,80.94,86.05
PED-01557,2026-03-14,Mouse Wireless,Acessórios,Sul,Florianópolis,Bruno Costa,Loja Física,Pessoa Física,2,175.72,0,351.44,168.22,183.22
PED-01558,2025-09-08,SSD 1TB,Componentes,Nordeste,Fortaleza,Diego Alves,E-commerce,Média Empresa,1,468.52,0,468.52,295.62,172.9
PED-01559,2026-05-20,Monitor 24,Tecnologia,Sudeste,Campinas,Eduarda Rocha,E-commerce,Pessoa Física,1,908.38,0.15,772.12,617.56,154.56
PED-01560,2026-05-26,SSD 1TB,Componentes,Nordeste,Salvador,Carla Mendes,Venda Corporativa,Pequena Empresa,4,445.32,0.05,1692.22,1191.32,500.9
PED-01561,2026-03-27,Notebook Air 13,Tecnologia,Sudeste,Belo Horizonte,Diego Alves,Marketplace,Pequena Empresa,3,3672.11,0.15,9363.88,8089.32,1274.56
PED-01562,2025-12-01,Monitor 27,Tecnologia,Sul,Florianópolis,Isabela Freitas,E-commerce,Pessoa Física,4,1464.37,0.1,5271.73,4059.28,1212.45
PED-01563,2026-02-11,Memória 16GB,Componentes,Nordeste,Salvador,Isabela Freitas,E-commerce,Pessoa Física,1,320.35,0.1,288.32,198.02,90.3
PED-01564,2026-04-22,Dock Station,Acessórios,Sul,Florianópolis,Henrique Dias,E-commerce,Pessoa Física,3,546.83,0.1,1476.44,944.88,531.56
PED-01565,2025-07-09,Monitor 24,Tecnologia,Sul,Porto Alegre,Ana Lima,Marketplace,Média Empresa,4,874.57,0.1,3148.45,2315.68,832.77
PED-01566,2025-11-06,Monitor 24,Tecnologia,Centro-Oeste,Cuiabá,Bruno Costa,Marketplace,Média Empresa,2,876.21,0,1752.42,1225.38,527.04
PED-01567,2025-06-16,Monitor 24,Tecnologia,Centro-Oeste,Cuiabá,Bruno Costa,E-commerce,Pessoa Física,2,917.95,0.1,1652.31,1204.88,447.43
PED-01568,2025-12-23,SSD 500GB,Componentes,Sudeste,Belo Horizonte,Diego Alves,Loja Física,Pequena Empresa,3,292.71,0,878.13,530.67,347.46
PED-01569,2025-01-06,SSD 1TB,Componentes,Sudeste,Campinas,Bruno Costa,E-commerce,Pequena Empresa,1,449.89,0.2,359.91,287.15,72.76
PED-01570,2025-06-04,Memória 16GB,Componentes,Sudeste,Rio de Janeiro,Carla Mendes,E-commerce,Pequena Empresa,3,319.85,0.05,911.57,588.03,323.54
PED-01571,2025-02-24,Notebook Air 13,Tecnologia,Sul,Florianópolis,Bruno Costa,E-commerce,Pessoa Física,1,3501.57,0.15,2976.33,2772.94,203.39
PED-01572,2025-02-02,Webcam HD,Acessórios,Sudeste,Belo Horizonte,Isabela Freitas,Marketplace,Média Empresa,1,254.25,0.05,241.54,123.81,117.73
PED-01573,2026-08-09,Monitor 24,Tecnologia,Sudeste,Belo Horizonte,Diego Alves,Loja Física,Pequena Empresa,2,923.08,0.15,1569.24,1220.56,348.68
PED-01574,2025-04-17,Monitor 27,Tecnologia,Nordeste,Recife,Carla Mendes,E-commerce,Pessoa Física,4,1519.65,0.1,5470.74,3880.2,1590.54
PED-01575,2025-12-12,Notebook Pro 14,Tecnologia,Sul,Porto Alegre,Carla Mendes,E-commerce,Pessoa Física,1,4954.84,0.15,4211.61,3756.01,455.6
PED-01576,2026-01-11,Mouse Wireless,Acessórios,Nordeste,Salvador,Ana Lima,Marketplace,Pessoa Física,3,175.24,0.05,499.43,253.05,246.38
PED-01577,2026-05-24,Notebook Pro 14,Tecnologia,Nordeste,Salvador,Henrique Dias,E-commerce,Pessoa Física,2,4864.04,0,9728.08,7341.38,2386.7
PED-01578,2025-11-11,Monitor 27,Tecnologia,Sudeste,São Paulo,Eduarda Rocha,Venda Corporativa,Média Empresa,4,1557.92,0,6231.68,4096.84,2134.84
PED-01579,2026-03-09,Notebook Air 13,Tecnologia,Sudeste,Rio de Janeiro,Henrique Dias,E-commerce,Pessoa Física,1,3506.53,0.05,3331.2,2792.16,539.04
PED-01580,2025-03-29,Headset Pro,Acessórios,Sudeste,São Paulo,Gabriela Souza,E-commerce,Pessoa Física,1,339.88,0.1,305.89,171.68,134.21
PED-01581,2025-09-25,Monitor 27,Tecnologia,Nordeste,Fortaleza,Ana Lima,E-commerce,Pequena Empresa,1,1467.11,0,1467.11,1002.67,464.44
PED-01582,2026-02-20,Webcam HD,Acessórios,Sul,Florianópolis,Henrique Dias,E-commerce,Média Empresa,1,249.25,0,249.25,129.45,119.8
PED-01583,2025-12-23,Mouse Wireless,Acessórios,Sudeste,Rio de Janeiro,Diego Alves,E-commerce,Média Empresa,1,179.42,0.1,161.48,80.38,81.1
PED-01584,2025-02-15,Dock Station,Acessórios,Sudeste,São Paulo,Isabela Freitas,E-commerce,Pessoa Física,4,548.39,0.1,1974.2,1235.16,739.04
PED-01585,2026-04-06,Headset Pro,Acessórios,Sudeste,São Paulo,Henrique Dias,E-commerce,Pessoa Física,2,337.84,0.05,641.9,351.2,290.7
PED-01586,2026-04-04,Notebook Air 13,Tecnologia,Sudeste,São Paulo,Bruno Costa,Venda Corporativa,Pequena Empresa,2,3501.72,0,7003.44,5483.46,1519.98
PED-01587,2025-09-10,Notebook Pro 14,Tecnologia,Sudeste,Rio de Janeiro,Felipe Martins,E-commerce,Pessoa Física,5,4934.02,0,24670.1,18237.0,6433.1
PED-01588,2025-11-04,Monitor 24,Tecnologia,Nordeste,Salvador,Bruno Costa,Marketplace,Pessoa Física,2,905.49,0,1810.98,1200.02,610.96
PED-01589,2025-12-30,Webcam HD,Acessórios,Sudeste,Campinas,João Ribeiro,E-commerce,Pessoa Física,1,245.0,0,245.0,129.4,115.6
PED-01590,2025-07-25,SSD 1TB,Componentes,Sudeste,Campinas,Eduarda Rocha,Marketplace,Média Empresa,2,456.58,0,913.16,574.94,338.22
PED-01591,2025-09-04,Monitor 27,Tecnologia,Nordeste,Recife,Ana Lima,E-commerce,Grande Empresa,2,1486.62,0.05,2824.58,1966.12,858.46
PED-01592,2026-08-27,Notebook Pro 14,Tecnologia,Nordeste,Salvador,Ana Lima,Loja Física,Pessoa Física,2,4764.84,0.15,8100.23,7536.76,563.47
PED-01593,2025-09-26,SSD 1TB,Componentes,Sudeste,São Paulo,João Ribeiro,Marketplace,Média Empresa,3,445.33,0,1335.99,873.78,462.21
PED-01594,2025-03-09,Mouse Wireless,Acessórios,Nordeste,Salvador,Eduarda Rocha,Loja Física,Pessoa Física,4,184.03,0,736.12,340.32,395.8
PED-01595,2026-02-09,SSD 1TB,Componentes,Sul,Porto Alegre,Diego Alves,Loja Física,Pessoa Física,2,471.37,0.1,848.47,587.94,260.53
PED-01596,2026-07-24,Memória 16GB,Componentes,Sudeste,Campinas,Gabriela Souza,Venda Corporativa,Pessoa Física,2,320.26,0.2,512.42,389.62,122.8
PED-01597,2025-09-12,Monitor 24,Tecnologia,Nordeste,Recife,Gabriela Souza,E-commerce,Pequena Empresa,8,909.48,0.1,6548.26,4818.16,1730.1
PED-01598,2025-04-27,SSD 1TB,Componentes,Sudeste,São Paulo,Bruno Costa,Marketplace,Média Empresa,1,476.98,0.05,453.13,299.66,153.47
PED-01599,2025-01-27,Monitor 24,Tecnologia,Sudeste,Campinas,Isabela Freitas,Marketplace,Pessoa Física,2,913.61,0.15,1553.14,1210.86,342.28
PED-01600,2025-09-23,Notebook Air 13,Tecnologia,Nordeste,Fortaleza,Bruno Costa,E-commerce,Pequena Empresa,3,3641.05,0.05,10376.99,8471.04,1905.95
PED-01601,2026-08-22,Webcam HD,Acessórios,Centro-Oeste,Brasília,Bruno Costa,Venda Corporativa,Grande Empresa,3,252.44,0.05,719.45,395.97,323.48
PED-01602,2026-06-05,Notebook Pro 14,Tecnologia,Nordeste,Salvador,Isabela Freitas,Venda Corporativa,Média Empresa,1,5011.91,0,5011.91,3692.3,1319.61
PED-01603,2025-12-31,Dock Station,Acessórios,Sul,Curitiba,João Ribeiro,Venda Corporativa,Grande Empresa,1,553.25,0.15,470.26,305.14,165.12
PED-01604,2025-01-27,Teclado Mecânico,Acessórios,Sul,Porto Alegre,Henrique Dias,E-commerce,Pequena Empresa,4,392.31,0,1569.24,876.72,692.52
PED-01605,2025-11-03,SSD 1TB,Componentes,Sudeste,São Paulo,Carla Mendes,Loja Física,Pessoa Física,4,450.54,0,1802.16,1199.44,602.72
PED-01606,2026-07-28,Dock Station,Acessórios,Sudeste,Campinas,João Ribeiro,Venda Corporativa,Pequena Empresa,4,534.45,0.1,1924.02,1218.96,705.06
PED-01607,2025-12-30,Monitor 24,Tecnologia,Nordeste,Recife,Bruno Costa,Marketplace,Pessoa Física,1,928.64,0,928.64,604.73,323.91
PED-01608,2025-07-01,Webcam HD,Acessórios,Sudeste,Rio de Janeiro,Felipe Martins,Marketplace,Pessoa Física,4,255.44,0.05,970.67,522.32,448.35
PED-01609,2026-02-12,Monitor 27,Tecnologia,Sudeste,São Paulo,João Ribeiro,Venda Corporativa,Pequena Empresa,1,1494.29,0.05,1419.58,977.46,442.12
PED-01610,2025-09-29,SSD 1TB,Componentes,Sudeste,Belo Horizonte,Henrique Dias,Loja Física,Pessoa Física,2,456.09,0,912.18,588.1,324.08
PED-01611,2025-06-13,Mouse Wireless,Acessórios,Sul,Curitiba,Gabriela Souza,E-commerce,Pessoa Física,1,185.66,0.2,148.53,84.83,63.7
PED-01612,2025-09-30,Dock Station,Acessórios,Sudeste,Rio de Janeiro,João Ribeiro,E-commerce,Pessoa Física,10,538.35,0.05,5114.32,3252.3,1862.02
PED-01613,2026-06-24,Webcam HD,Acessórios,Sul,Curitiba,Gabriela Souza,E-commerce,Média Empresa,1,258.94,0,258.94,124.48,134.46
PED-01614,2025-09-12,Mouse Wireless,Acessórios,Sul,Florianópolis,Carla Mendes,Venda Corporativa,Média Empresa,3,176.3,0,528.9,253.47,275.43
PED-01615,2025-01-01,Mouse Wireless,Acessórios,Sudeste,Rio de Janeiro,Ana Lima,Venda Corporativa,Pessoa Física,2,183.4,0.05,348.46,168.76,179.7
PED-01616,2025-06-19,Mouse Wireless,Acessórios,Centro-Oeste,Goiânia,Eduarda Rocha,Loja Física,Pessoa Física,2,181.78,0.05,345.38,170.74,174.64
PED-01617,2025-10-24,Teclado Mecânico,Acessórios,Sudeste,Campinas,Gabriela Souza,Marketplace,Pessoa Física,3,413.04,0.15,1053.25,635.04,418.21
PED-01618,2026-06-13,Monitor 27,Tecnologia,Nordeste,Fortaleza,Isabela Freitas,Loja Física,Pessoa Física,1,1549.26,0.05,1471.8,960.6,511.2
PED-01619,2026-02-15,Webcam HD,Acessórios,Nordeste,Salvador,Bruno Costa,E-commerce,Pessoa Física,2,243.35,0.15,413.69,250.96,162.73
PED-01620,2025-12-01,SSD 1TB,Componentes,Sudeste,Campinas,Gabriela Souza,Venda Corporativa,Pessoa Física,2,471.09,0.05,895.07,582.5,312.57
PED-01621,2026-08-19,Headset Pro,Acessórios,Nordeste,Fortaleza,Henrique Dias,E-commerce,Pessoa Física,2,339.09,0.1,610.36,343.0,267.36
PED-01622,2026-08-26,Teclado Mecânico,Acessórios,Centro-Oeste,Cuiabá,Ana Lima,E-commerce,Pequena Empresa,3,388.67,0.1,1049.41,663.15,386.26
PED-01623,2026-05-05,Mouse Wireless,Acessórios,Sudeste,Campinas,Ana Lima,E-commerce,Pessoa Física,1,174.41,0.1,156.97,85.14,71.83
PED-01624,2026-07-05,Dock Station,Acessórios,Nordeste,Salvador,Gabriela Souza,E-commerce,Pessoa Física,3,552.31,0,1656.93,928.32,728.61
PED-01625,2026-01-17,SSD 1TB,Componentes,Sudeste,Campinas,Ana Lima,E-commerce,Pequena Empresa,3,449.6,0,1348.8,891.0,457.8
PED-01626,2026-08-18,Teclado Mecânico,Acessórios,Sudeste,Belo Horizonte,Gabriela Souza,Venda Corporativa,Pequena Empresa,1,411.09,0.15,349.43,219.93,129.5
PED-01627,2026-03-18,Webcam HD,Acessórios,Sudeste,Belo Horizonte,Gabriela Souza,E-commerce,Pessoa Física,4,248.91,0,995.64,506.76,488.88
PED-01628,2026-03-30,Mouse Wireless,Acessórios,Sul,Curitiba,João Ribeiro,Loja Física,Grande Empresa,3,176.04,0.2,422.5,249.81,172.69
PED-01629,2026-09-16,Notebook Pro 14,Tecnologia,Sudeste,Rio de Janeiro,Felipe Martins,E-commerce,Pessoa Física,2,4969.29,0,9938.58,7547.68,2390.9
PED-01630,2025-12-11,Memória 16GB,Componentes,Sudeste,São Paulo,Gabriela Souza,Loja Física,Pequena Empresa,1,309.63,0.15,263.19,199.64,63.55
PED-01631,2026-03-12,Monitor 27,Tecnologia,Nordeste,Salvador,Carla Mendes,E-commerce,Pessoa Física,3,1555.22,0.05,4432.38,2979.66,1452.72
PED-01632,2026-05-01,Teclado Mecânico,Acessórios,Sudeste,Belo Horizonte,João Ribeiro,E-commerce,Pessoa Física,1,414.5,0,414.5,212.09,202.41
PED-01633,2026-05-31,Teclado Mecânico,Acessórios,Sul,Florianópolis,Gabriela Souza,Venda Corporativa,Pessoa Física,5,390.06,0.05,1852.78,1097.8,754.98
PED-01634,2026-02-10,Webcam HD,Acessórios,Nordeste,Fortaleza,Carla Mendes,E-commerce,Pessoa Física,2,247.78,0.15,421.23,263.38,157.85
PED-01635,2025-01-14,Teclado Mecânico,Acessórios,Sudeste,Campinas,Eduarda Rocha,Venda Corporativa,Pequena Empresa,2,390.13,0,780.26,426.36,353.9
PED-01636,2025-07-28,Dock Station,Acessórios,Sudeste,Campinas,Felipe Martins,E-commerce,Pessoa Física,2,561.45,0.05,1066.76,609.68,457.08
PED-01637,2026-07-22,Mouse Wireless,Acessórios,Centro-Oeste,Cuiabá,Carla Mendes,E-commerce,Pessoa Física,2,175.18,0,350.36,167.12,183.24
PED-01638,2025-08-27,Dock Station,Acessórios,Sudeste,Belo Horizonte,Felipe Martins,Marketplace,Grande Empresa,1,568.83,0,568.83,309.32,259.51
PED-01639,2026-01-12,Teclado Mecânico,Acessórios,Sul,Porto Alegre,Carla Mendes,Venda Corporativa,Média Empresa,1,392.44,0,392.44,224.77,167.67
PED-01640,2026-04-04,Teclado Mecânico,Acessórios,Nordeste,Fortaleza,Henrique Dias,Marketplace,Pequena Empresa,4,399.27,0,1597.08,889.36,707.72
PED-01641,2025-07-31,Monitor 24,Tecnologia,Sul,Florianópolis,Carla Mendes,Loja Física,Pessoa Física,5,895.91,0.05,4255.57,2926.05,1329.52
PED-01642,2025-03-16,Webcam HD,Acessórios,Sudeste,São Paulo,Isabela Freitas,E-commerce,Média Empresa,2,245.83,0.05,467.08,247.7,219.38
PED-01643,2025-12-03,Memória 16GB,Componentes,Sul,Curitiba,Gabriela Souza,Loja Física,Pequena Empresa,1,320.66,0.1,288.59,189.12,99.47
PED-01644,2025-08-23,Mouse Wireless,Acessórios,Nordeste,Recife,Ana Lima,E-commerce,Média Empresa,3,174.93,0.1,472.31,242.28,230.03
PED-01645,2026-02-10,Webcam HD,Acessórios,Sudeste,Belo Horizonte,Isabela Freitas,Venda Corporativa,Média Empresa,1,245.96,0,245.96,131.57,114.39
PED-01646,2026-01-04,Teclado Mecânico,Acessórios,Sudeste,São Paulo,Isabela Freitas,E-commerce,Pessoa Física,1,403.87,0,403.87,213.97,189.9
PED-01647,2026-07-20,Notebook Air 13,Tecnologia,Sudeste,Belo Horizonte,Diego Alves,Loja Física,Pessoa Física,2,3620.14,0.2,5792.22,5408.52,383.7
PED-01648,2026-07-06,Memória 16GB,Componentes,Sudeste,Campinas,João Ribeiro,Loja Física,Pequena Empresa,5,322.8,0.1,1452.6,956.35,496.25
PED-01649,2025-11-19,Webcam HD,Acessórios,Sul,Curitiba,Henrique Dias,E-commerce,Média Empresa,3,245.58,0,736.74,391.89,344.85
PED-01650,2026-09-05,Dock Station,Acessórios,Nordeste,Recife,Eduarda Rocha,E-commerce,Pessoa Física,1,541.23,0.05,514.17,313.55,200.62
PED-01651,2026-06-18,Monitor 24,Tecnologia,Sudeste,São Paulo,Carla Mendes,Venda Corporativa,Grande Empresa,3,896.69,0.05,2555.57,1835.82,719.75
PED-01652,2026-08-04,Monitor 24,Tecnologia,Centro-Oeste,Cuiabá,Isabela Freitas,Venda Corporativa,Pequena Empresa,2,881.2,0,1762.4,1160.1,602.3
PED-01653,2025-04-30,Notebook Pro 14,Tecnologia,Sudeste,Rio de Janeiro,Ana Lima,E-commerce,Pequena Empresa,2,4791.33,0.05,9103.53,7619.04,1484.49
PED-01654,2026-06-05,SSD 500GB,Componentes,Sul,Florianópolis,Henrique Dias,Marketplace,Pessoa Física,2,284.16,0.1,511.49,358.44,153.05
PED-01655,2025-04-06,Teclado Mecânico,Acessórios,Sudeste,Rio de Janeiro,Isabela Freitas,E-commerce,Pessoa Física,1,403.5,0.15,342.97,222.06,120.91
PED-01656,2026-05-10,Teclado Mecânico,Acessórios,Sudeste,Rio de Janeiro,Diego Alves,E-commerce,Pessoa Física,10,405.92,0,4059.2,2121.7,1937.5
PED-01657,2025-01-04,Monitor 24,Tecnologia,Nordeste,Salvador,Henrique Dias,Marketplace,Pessoa Física,1,923.35,0,923.35,617.16,306.19
PED-01658,2026-08-26,Headset Pro,Acessórios,Sudeste,São Paulo,Felipe Martins,E-commerce,Pequena Empresa,2,334.52,0.2,535.23,345.26,189.97
PED-01659,2025-04-05,Notebook Air 13,Tecnologia,Sudeste,Campinas,Felipe Martins,E-commerce,Pessoa Física,1,3741.23,0.15,3180.05,2698.44,481.61
PED-01660,2025-10-16,Notebook Pro 14,Tecnologia,Nordeste,Fortaleza,Felipe Martins,E-commerce,Pequena Empresa,6,5016.92,0.05,28596.44,22181.64,6414.8
PED-01661,2026-06-20,SSD 1TB,Componentes,Sudeste,Rio de Janeiro,Gabriela Souza,Loja Física,Pessoa Física,2,468.54,0,937.08,595.4,341.68
PED-01662,2026-02-19,Monitor 27,Tecnologia,Sudeste,Campinas,Ana Lima,Loja Física,Pessoa Física,2,1520.69,0.05,2889.31,1937.04,952.27
PED-01663,2026-06-26,SSD 500GB,Componentes,Sul,Porto Alegre,João Ribeiro,E-commerce,Pessoa Física,4,287.67,0.05,1093.15,739.8,353.35
PED-01664,2026-08-07,Webcam HD,Acessórios,Centro-Oeste,Brasília,João Ribeiro,E-commerce,Pessoa Física,1,253.76,0.05,241.07,132.2,108.87
PED-01665,2026-04-11,SSD 500GB,Componentes,Sul,Florianópolis,Carla Mendes,E-commerce,Pessoa Física,1,295.73,0.15,251.37,186.66,64.71
PED-01666,2026-08-09,Mouse Wireless,Acessórios,Centro-Oeste,Brasília,Henrique Dias,E-commerce,Pessoa Física,8,179.73,0,1437.84,656.24,781.6
PED-01667,2025-04-03,SSD 500GB,Componentes,Nordeste,Recife,Eduarda Rocha,E-commerce,Pessoa Física,1,296.46,0.05,281.64,182.48,99.16
PED-01668,2025-05-29,Teclado Mecânico,Acessórios,Sudeste,Campinas,Carla Mendes,Loja Física,Pessoa Física,1,396.37,0.15,336.91,219.54,117.37
PED-01669,2026-04-06,Notebook Pro 14,Tecnologia,Nordeste,Recife,Felipe Martins,E-commerce,Pessoa Física,4,4852.73,0,19410.92,14804.8,4606.12
PED-01670,2025-02-16,Mouse Wireless,Acessórios,Sudeste,Rio de Janeiro,Ana Lima,Marketplace,Pessoa Física,4,184.04,0,736.16,337.76,398.4
PED-01671,2025-01-19,Memória 16GB,Componentes,Sudeste,Campinas,Diego Alves,Venda Corporativa,Média Empresa,2,319.69,0.2,511.5,380.0,131.5
PED-01672,2025-05-20,Teclado Mecânico,Acessórios,Nordeste,Recife,Carla Mendes,Loja Física,Média Empresa,2,411.76,0.15,699.99,429.82,270.17
PED-01673,2025-03-01,Notebook Air 13,Tecnologia,Sul,Florianópolis,Isabela Freitas,E-commerce,Pequena Empresa,3,3525.36,0,10576.08,8206.23,2369.85
PED-01674,2026-02-03,Dock Station,Acessórios,Centro-Oeste,Goiânia,Ana Lima,Loja Física,Pessoa Física,1,559.35,0.05,531.38,324.39,206.99
PED-01675,2025-04-04,Notebook Air 13,Tecnologia,Sul,Curitiba,João Ribeiro,E-commerce,Pessoa Física,4,3656.53,0.2,11700.9,10862.2,838.7
PED-01676,2026-03-14,Notebook Air 13,Tecnologia,Nordeste,Salvador,Felipe Martins,E-commerce,Média Empresa,4,3634.51,0,14538.04,10774.68,3763.36
PED-01677,2025-02-03,Webcam HD,Acessórios,Sudeste,Campinas,João Ribeiro,E-commerce,Pessoa Física,8,253.74,0,2029.92,1057.52,972.4
PED-01678,2025-03-30,Dock Station,Acessórios,Sul,Porto Alegre,Isabela Freitas,Marketplace,Pequena Empresa,1,563.18,0.1,506.86,315.13,191.73
PED-01679,2026-02-28,SSD 1TB,Componentes,Sul,Curitiba,Gabriela Souza,E-commerce,Pequena Empresa,1,448.94,0.05,426.49,303.25,123.24
PED-01680,2025-04-01,SSD 1TB,Componentes,Nordeste,Fortaleza,Carla Mendes,Venda Corporativa,Pessoa Física,1,452.08,0.05,429.48,301.91,127.57
PED-01681,2025-03-14,Notebook Pro 14,Tecnologia,Sudeste,São Paulo,Carla Mendes,E-commerce,Pessoa Física,2,4814.85,0,9629.7,7393.28,2236.42
PED-01682,2025-10-31,Monitor 24,Tecnologia,Centro-Oeste,Cuiabá,Felipe Martins,Loja Física,Pessoa Física,5,926.86,0,4634.3,2922.25,1712.05
PED-01683,2026-06-27,Notebook Pro 14,Tecnologia,Sudeste,Belo Horizonte,Isabela Freitas,Loja Física,Pequena Empresa,2,4827.14,0.05,9171.57,7520.76,1650.81
PED-01684,2025-09-15,Teclado Mecânico,Acessórios,Centro-Oeste,Cuiabá,Diego Alves,Loja Física,Grande Empresa,1,412.76,0,412.76,222.71,190.05
PED-01685,2025-11-02,Headset Pro,Acessórios,Centro-Oeste,Cuiabá,Ana Lima,E-commerce,Pessoa Física,4,335.36,0.15,1140.22,689.16,451.06
PED-01686,2026-04-05,SSD 1TB,Componentes,Sudeste,São Paulo,Felipe Martins,Venda Corporativa,Pessoa Física,2,445.54,0.1,801.97,573.72,228.25
PED-01687,2025-12-08,Mouse Wireless,Acessórios,Sudeste,Campinas,Eduarda Rocha,Marketplace,Pequena Empresa,2,174.88,0.15,297.3,161.68,135.62
PED-01688,2025-04-13,Webcam HD,Acessórios,Nordeste,Recife,Bruno Costa,Loja Física,Pequena Empresa,1,253.8,0.1,228.42,127.41,101.01
PED-01689,2026-02-03,Notebook Pro 14,Tecnologia,Nordeste,Salvador,Carla Mendes,Loja Física,Pessoa Física,2,4860.1,0.15,8262.17,7624.08,638.09
PED-01690,2025-10-02,Memória 16GB,Componentes,Centro-Oeste,Cuiabá,Carla Mendes,Venda Corporativa,Média Empresa,3,329.55,0,988.65,593.01,395.64
PED-01691,2026-08-03,Mouse Wireless,Acessórios,Centro-Oeste,Brasília,Ana Lima,E-commerce,Pessoa Física,4,174.62,0.15,593.71,324.0,269.71
PED-01692,2025-08-08,Memória 16GB,Componentes,Centro-Oeste,Goiânia,João Ribeiro,E-commerce,Pequena Empresa,2,315.74,0,631.48,399.92,231.56
PED-01693,2026-05-20,Notebook Air 13,Tecnologia,Nordeste,Fortaleza,Diego Alves,Marketplace,Pessoa Física,2,3669.47,0.15,6238.1,5535.4,702.7
PED-01694,2026-01-10,SSD 500GB,Componentes,Sudeste,Rio de Janeiro,Bruno Costa,E-commerce,Grande Empresa,1,284.7,0.1,256.23,178.23,78.0
PED-01695,2025-01-13,Monitor 24,Tecnologia,Nordeste,Fortaleza,Bruno Costa,E-commerce,Pessoa Física,6,898.99,0.15,4584.85,3594.72,990.13
PED-01696,2025-10-19,Notebook Air 13,Tecnologia,Sudeste,Belo Horizonte,João Ribeiro,Venda Corporativa,Grande Empresa,10,3646.06,0,36460.6,28249.9,8210.7
PED-01697,2026-07-13,Mouse Wireless,Acessórios,Sudeste,Rio de Janeiro,Felipe Martins,Marketplace,Pessoa Física,1,174.05,0.05,165.35,82.7,82.65
PED-01698,2026-05-14,SSD 1TB,Componentes,Centro-Oeste,Brasília,Ana Lima,E-commerce,Pessoa Física,6,447.12,0.1,2414.45,1784.04,630.41
PED-01699,2026-03-26,Webcam HD,Acessórios,Sudeste,Rio de Janeiro,Henrique Dias,Loja Física,Pequena Empresa,1,245.33,0.15,208.53,125.19,83.34
PED-01700,2025-10-23,Teclado Mecânico,Acessórios,Sul,Porto Alegre,Diego Alves,E-commerce,Pessoa Física,2,410.67,0.1,739.21,431.46,307.75
PED-01701,2025-01-09,Monitor 24,Tecnologia,Sudeste,Belo Horizonte,Ana Lima,E-commerce,Pessoa Física,1,928.59,0,928.59,585.78,342.81
PED-01702,2025-04-19,Webcam HD,Acessórios,Sul,Curitiba,João Ribeiro,E-commerce,Pessoa Física,6,244.13,0.1,1318.3,782.64,535.66
PED-01703,2025-11-12,Mouse Wireless,Acessórios,Nordeste,Salvador,Ana Lima,Marketplace,Pessoa Física,1,178.91,0.15,152.07,84.24,67.83
PED-01704,2025-12-31,Monitor 24,Tecnologia,Sudeste,Campinas,Isabela Freitas,E-commerce,Pessoa Física,5,896.2,0,4481.0,2982.7,1498.3
PED-01705,2025-05-20,SSD 1TB,Componentes,Centro-Oeste,Goiânia,Felipe Martins,Venda Corporativa,Média Empresa,2,477.23,0.1,859.01,595.06,263.95
PED-01706,2026-07-11,Webcam HD,Acessórios,Sudeste,Rio de Janeiro,Bruno Costa,E-commerce,Pequena Empresa,4,248.42,0,993.68,502.08,491.6
PED-01707,2025-09-04,Headset Pro,Acessórios,Sul,Curitiba,Ana Lima,Venda Corporativa,Pessoa Física,1,320.92,0.05,304.87,173.11,131.76
PED-01708,2026-04-20,Notebook Pro 14,Tecnologia,Nordeste,Salvador,Ana Lima,Venda Corporativa,Pessoa Física,4,4829.41,0.15,16419.99,15076.48,1343.51
PED-01709,2025-01-07,Monitor 27,Tecnologia,Sudeste,Rio de Janeiro,Bruno Costa,Loja Física,Pequena Empresa,3,1549.19,0,4647.57,2989.14,1658.43
PED-01710,2025-05-08,Dock Station,Acessórios,Sul,Porto Alegre,Ana Lima,Marketplace,Pessoa Física,2,551.87,0.1,993.37,616.78,376.59
PED-01711,2026-01-16,Mouse Wireless,Acessórios,Sul,Curitiba,João Ribeiro,Venda Corporativa,Pessoa Física,2,175.73,0.2,281.17,168.64,112.53
PED-01712,2026-01-26,Dock Station,Acessórios,Sul,Florianópolis,Ana Lima,Marketplace,Pequena Empresa,6,561.95,0.05,3203.11,1913.88,1289.23
PED-01713,2025-08-10,Notebook Air 13,Tecnologia,Sul,Porto Alegre,João Ribeiro,Venda Corporativa,Pessoa Física,2,3693.51,0.15,6278.97,5416.36,862.61
PED-01714,2025-11-15,Notebook Pro 14,Tecnologia,Sul,Florianópolis,Carla Mendes,E-commerce,Pequena Empresa,1,4941.05,0,4941.05,3734.14,1206.91
PED-01715,2026-07-04,Monitor 27,Tecnologia,Sul,Curitiba,Carla Mendes,Marketplace,Pessoa Física,1,1505.16,0,1505.16,979.52,525.64
PED-01716,2025-08-05,Memória 16GB,Componentes,Sudeste,São Paulo,Bruno Costa,Loja Física,Grande Empresa,1,313.81,0.05,298.12,187.32,110.8
PED-01717,2025-05-10,Memória 16GB,Componentes,Sul,Curitiba,Carla Mendes,E-commerce,Pessoa Física,1,324.97,0.15,276.22,190.11,86.11
PED-01718,2025-05-15,Monitor 27,Tecnologia,Nordeste,Recife,Felipe Martins,Venda Corporativa,Pessoa Física,5,1529.35,0,7646.75,4816.2,2830.55
PED-01719,2025-05-14,Dock Station,Acessórios,Sudeste,Belo Horizonte,Ana Lima,Loja Física,Pessoa Física,1,534.74,0.2,427.79,319.32,108.47
PED-01720,2026-09-02,Monitor 24,Tecnologia,Centro-Oeste,Goiânia,Henrique Dias,Loja Física,Pessoa Física,2,886.14,0.05,1683.67,1219.82,463.85
PED-01721,2025-01-24,SSD 500GB,Componentes,Sudeste,São Paulo,Gabriela Souza,Marketplace,Média Empresa,8,286.37,0,2290.96,1481.76,809.2
PED-01722,2025-02-11,Monitor 27,Tecnologia,Sul,Florianópolis,Diego Alves,E-commerce,Pequena Empresa,1,1531.87,0.15,1302.09,1016.73,285.36
PED-01723,2025-03-10,SSD 1TB,Componentes,Sudeste,Rio de Janeiro,Carla Mendes,Loja Física,Média Empresa,1,460.87,0,460.87,296.4,164.47
PED-01724,2026-01-11,Headset Pro,Acessórios,Sul,Porto Alegre,Gabriela Souza,Marketplace,Média Empresa,2,339.65,0.1,611.37,344.34,267.03
PED-01725,2026-02-08,Monitor 27,Tecnologia,Sudeste,Campinas,Felipe Martins,E-commerce,Pessoa Física,1,1480.76,0.1,1332.68,1005.4,327.28
PED-01726,2026-03-28,Headset Pro,Acessórios,Sudeste,Rio de Janeiro,Eduarda Rocha,Loja Física,Pessoa Física,1,319.33,0.05,303.36,175.33,128.03
PED-01727,2026-01-21,Monitor 27,Tecnologia,Sudeste,Rio de Janeiro,Carla Mendes,E-commerce,Pessoa Física,4,1555.67,0,6222.68,3911.76,2310.92
PED-01728,2026-02-25,SSD 500GB,Componentes,Sudeste,Belo Horizonte,Isabela Freitas,Marketplace,Pessoa Física,1,297.53,0.1,267.78,182.37,85.41
PED-01729,2025-02-10,Dock Station,Acessórios,Nordeste,Fortaleza,João Ribeiro,E-commerce,Pequena Empresa,2,560.37,0.1,1008.67,646.98,361.69
PED-01730,2025-03-28,SSD 500GB,Componentes,Sul,Florianópolis,Gabriela Souza,E-commerce,Pessoa Física,1,283.04,0,283.04,186.47,96.57
PED-01731,2025-10-16,Webcam HD,Acessórios,Centro-Oeste,Brasília,Felipe Martins,Marketplace,Pessoa Física,1,258.08,0,258.08,131.85,126.23
PED-01732,2025-02-05,Memória 16GB,Componentes,Sudeste,São Paulo,Felipe Martins,Marketplace,Pessoa Física,2,325.48,0,650.96,384.24,266.72
PED-01733,2026-04-24,Memória 16GB,Componentes,Sudeste,Belo Horizonte,Henrique Dias,E-commerce,Pessoa Física,2,327.24,0.15,556.31,381.54,174.77
PED-01734,2025-12-10,Monitor 24,Tecnologia,Sudeste,Rio de Janeiro,Gabriela Souza,E-commerce,Pessoa Física,5,930.63,0.05,4420.49,3013.8,1406.69
PED-01735,2026-05-30,Headset Pro,Acessórios,Centro-Oeste,Brasília,Gabriela Souza,E-commerce,Pessoa Física,1,327.65,0,327.65,173.99,153.66
PED-01736,2025-01-09,SSD 1TB,Componentes,Sudeste,Belo Horizonte,Isabela Freitas,E-commerce,Pessoa Física,3,455.61,0.05,1298.49,916.11,382.38
PED-01737,2026-08-13,Headset Pro,Acessórios,Sudeste,Campinas,Carla Mendes,E-commerce,Média Empresa,1,325.49,0.15,276.67,170.45,106.22
PED-01738,2026-08-26,Notebook Air 13,Tecnologia,Sudeste,Campinas,Bruno Costa,Venda Corporativa,Pessoa Física,10,3654.95,0.2,29239.6,27664.9,1574.7
PED-01739,2025-09-11,Monitor 27,Tecnologia,Centro-Oeste,Brasília,Eduarda Rocha,Marketplace,Média Empresa,1,1501.54,0.1,1351.39,988.71,362.68
PED-01740,2026-04-14,Monitor 24,Tecnologia,Sudeste,São Paulo,Ana Lima,Loja Física,Pequena Empresa,1,923.76,0.15,785.2,616.19,169.01
PED-01741,2025-05-26,Notebook Air 13,Tecnologia,Sudeste,Campinas,Bruno Costa,Venda Corporativa,Pessoa Física,1,3696.52,0,3696.52,2780.61,915.91
PED-01742,2025-06-30,Headset Pro,Acessórios,Centro-Oeste,Cuiabá,Henrique Dias,E-commerce,Média Empresa,3,320.25,0.1,864.68,520.59,344.09
PED-01743,2025-06-17,SSD 500GB,Componentes,Centro-Oeste,Cuiabá,Ana Lima,Marketplace,Pessoa Física,1,283.32,0.1,254.99,185.72,69.27
PED-01744,2026-04-19,Webcam HD,Acessórios,Sudeste,Campinas,Gabriela Souza,Marketplace,Pessoa Física,1,246.39,0,246.39,124.03,122.36
PED-01745,2025-02-17,SSD 500GB,Componentes,Nordeste,Salvador,Henrique Dias,Venda Corporativa,Pessoa Física,6,293.46,0,1760.76,1095.84,664.92
PED-01746,2025-02-16,Notebook Pro 14,Tecnologia,Sudeste,Rio de Janeiro,Henrique Dias,Venda Corporativa,Pessoa Física,1,4861.7,0,4861.7,3746.29,1115.41
PED-01747,2025-07-19,Notebook Air 13,Tecnologia,Sudeste,Belo Horizonte,Diego Alves,Venda Corporativa,Pequena Empresa,1,3683.27,0.15,3130.78,2756.17,374.61
PED-01748,2025-03-30,Webcam HD,Acessórios,Centro-Oeste,Brasília,Diego Alves,E-commerce,Pessoa Física,1,250.56,0.1,225.5,126.93,98.57
PED-01749,2025-01-28,SSD 1TB,Componentes,Sul,Florianópolis,Henrique Dias,Marketplace,Pessoa Física,3,456.55,0.2,1095.72,913.26,182.46
PED-01750,2025-08-07,Monitor 24,Tecnologia,Sudeste,Rio de Janeiro,Henrique Dias,E-commerce,Pequena Empresa,5,883.0,0.05,4194.25,2950.35,1243.9
PED-01751,2026-05-01,Memória 16GB,Componentes,Nordeste,Salvador,Felipe Martins,E-commerce,Pessoa Física,2,331.13,0.05,629.15,386.92,242.23
PED-01752,2025-04-04,Notebook Pro 14,Tecnologia,Sul,Porto Alegre,Ana Lima,Loja Física,Pessoa Física,2,5014.2,0.2,8022.72,7566.34,456.38
PED-01753,2025-07-24,Headset Pro,Acessórios,Sudeste,São Paulo,Henrique Dias,E-commerce,Pessoa Física,1,338.1,0.15,287.38,174.21,113.17
PED-01754,2026-07-26,SSD 500GB,Componentes,Sul,Curitiba,Bruno Costa,Venda Corporativa,Pessoa Física,4,299.0,0.1,1076.4,735.76,340.64
PED-01755,2026-07-01,Teclado Mecânico,Acessórios,Nordeste,Recife,Diego Alves,E-commerce,Pequena Empresa,1,414.12,0,414.12,213.96,200.16
PED-01756,2025-06-06,Monitor 27,Tecnologia,Centro-Oeste,Cuiabá,Isabela Freitas,E-commerce,Pessoa Física,2,1470.19,0,2940.38,1997.66,942.72
PED-01757,2026-08-03,Monitor 27,Tecnologia,Nordeste,Fortaleza,Carla Mendes,E-commerce,Grande Empresa,2,1540.18,0,3080.36,2005.58,1074.78
PED-01758,2025-12-12,Monitor 24,Tecnologia,Sudeste,São Paulo,Gabriela Souza,E-commerce,Média Empresa,4,922.29,0.05,3504.7,2323.8,1180.9
PED-01759,2025-04-28,Dock Station,Acessórios,Sudeste,Campinas,Henrique Dias,E-commerce,Média Empresa,1,541.33,0.1,487.2,315.93,171.27
PED-01760,2025-11-09,Notebook Air 13,Tecnologia,Sul,Porto Alegre,Carla Mendes,E-commerce,Pequena Empresa,1,3592.13,0.05,3412.52,2666.68,745.84
PED-01761,2025-10-21,SSD 500GB,Componentes,Sudeste,Campinas,Felipe Martins,E-commerce,Pessoa Física,1,287.64,0.05,273.26,177.57,95.69
PED-01762,2025-03-16,Monitor 27,Tecnologia,Centro-Oeste,Cuiabá,Bruno Costa,E-commerce,Pessoa Física,3,1513.44,0,4540.32,3070.2,1470.12
PED-01763,2025-12-17,Mouse Wireless,Acessórios,Sudeste,São Paulo,João Ribeiro,Venda Corporativa,Pessoa Física,3,176.28,0.05,502.4,246.6,255.8
PED-01764,2026-07-15,Webcam HD,Acessórios,Sudeste,Rio de Janeiro,Ana Lima,Loja Física,Pessoa Física,1,249.11,0,249.11,124.88,124.23
PED-01765,2025-01-16,Notebook Air 13,Tecnologia,Sul,Florianópolis,Henrique Dias,E-commerce,Pequena Empresa,1,3728.05,0,3728.05,2764.23,963.82
PED-01766,2026-03-17,SSD 1TB,Componentes,Sudeste,Campinas,Gabriela Souza,E-commerce,Grande Empresa,2,458.93,0,917.86,608.84,309.02
PED-01767,2025-08-25,Notebook Air 13,Tecnologia,Nordeste,Salvador,Carla Mendes,Loja Física,Pessoa Física,3,3576.46,0.05,10192.91,8295.63,1897.28
PED-01768,2026-06-28,Dock Station,Acessórios,Sul,Florianópolis,Isabela Freitas,Loja Física,Pessoa Física,3,556.78,0,1670.34,948.63,721.71
PED-01769,2025-11-13,Monitor 24,Tecnologia,Sudeste,São Paulo,Gabriela Souza,E-commerce,Pessoa Física,8,921.47,0.1,6634.58,4836.08,1798.5
PED-01770,2025-07-06,Monitor 24,Tecnologia,Sudeste,São Paulo,Carla Mendes,E-commerce,Pessoa Física,4,902.63,0.1,3249.47,2375.28,874.19
PED-01771,2025-10-17,SSD 1TB,Componentes,Sul,Porto Alegre,Henrique Dias,E-commerce,Pessoa Física,1,460.15,0.2,368.12,292.42,75.7
PED-01772,2026-07-12,SSD 500GB,Componentes,Nordeste,Recife,Gabriela Souza,E-commerce,Pessoa Física,2,299.37,0,598.74,359.34,239.4
PED-01773,2025-07-26,Headset Pro,Acessórios,Centro-Oeste,Goiânia,Ana Lima,E-commerce,Pessoa Física,1,326.38,0,326.38,170.22,156.16
PED-01774,2025-07-23,Notebook Pro 14,Tecnologia,Sul,Porto Alegre,Eduarda Rocha,Loja Física,Pequena Empresa,8,4789.72,0.05,36401.87,29913.92,6487.95
PED-01775,2026-01-02,Monitor 27,Tecnologia,Sul,Porto Alegre,Diego Alves,E-commerce,Pessoa Física,1,1454.86,0.05,1382.12,985.65,396.47
PED-01776,2025-04-23,Monitor 27,Tecnologia,Sul,Porto Alegre,Gabriela Souza,Marketplace,Pessoa Física,1,1486.98,0,1486.98,980.29,506.69
PED-01777,2026-06-22,SSD 1TB,Componentes,Nordeste,Fortaleza,Felipe Martins,Loja Física,Pessoa Física,1,453.2,0.1,407.88,306.04,101.84
PED-01778,2025-09-26,Teclado Mecânico,Acessórios,Nordeste,Recife,Eduarda Rocha,Marketplace,Pequena Empresa,1,402.93,0,402.93,219.78,183.15
PED-01779,2025-09-08,SSD 1TB,Componentes,Sudeste,Belo Horizonte,Eduarda Rocha,Loja Física,Pessoa Física,2,458.4,0,916.8,573.02,343.78
PED-01780,2026-07-29,Monitor 27,Tecnologia,Sudeste,São Paulo,João Ribeiro,E-commerce,Pessoa Física,2,1552.16,0.05,2949.1,2056.4,892.7
PED-01781,2026-06-30,SSD 500GB,Componentes,Nordeste,Fortaleza,João Ribeiro,Venda Corporativa,Pessoa Física,1,280.49,0,280.49,185.58,94.91
PED-01782,2026-08-08,Webcam HD,Acessórios,Sudeste,Rio de Janeiro,Bruno Costa,Venda Corporativa,Pequena Empresa,2,256.37,0,512.74,253.1,259.64
PED-01783,2025-10-21,SSD 500GB,Componentes,Nordeste,Recife,Felipe Martins,E-commerce,Média Empresa,1,281.08,0.1,252.97,174.57,78.4
PED-01784,2025-11-06,Teclado Mecânico,Acessórios,Sul,Porto Alegre,Gabriela Souza,Venda Corporativa,Pessoa Física,2,410.02,0.05,779.04,425.66,353.38
PED-01785,2025-12-31,Notebook Air 13,Tecnologia,Sudeste,São Paulo,Diego Alves,Marketplace,Pessoa Física,5,3624.24,0.15,15403.02,13843.25,1559.77
PED-01786,2025-07-14,Mouse Wireless,Acessórios,Sul,Florianópolis,Henrique Dias,Venda Corporativa,Pessoa Física,2,185.19,0.1,333.34,167.72,165.62
PED-01787,2025-03-12,Teclado Mecânico,Acessórios,Nordeste,Fortaleza,Eduarda Rocha,E-commerce,Pequena Empresa,2,389.05,0,778.1,449.52,328.58
PED-01788,2026-07-18,Mouse Wireless,Acessórios,Sudeste,Rio de Janeiro,Eduarda Rocha,Venda Corporativa,Pessoa Física,2,182.91,0.15,310.95,161.1,149.85
PED-01789,2025-09-12,Monitor 24,Tecnologia,Sudeste,Belo Horizonte,Carla Mendes,E-commerce,Pessoa Física,1,913.77,0,913.77,607.7,306.07
PED-01790,2026-03-02,Dock Station,Acessórios,Nordeste,Fortaleza,Gabriela Souza,Marketplace,Pessoa Física,1,567.18,0.05,538.82,324.41,214.41
PED-01791,2025-11-18,Memória 16GB,Componentes,Nordeste,Salvador,João Ribeiro,Venda Corporativa,Pessoa Física,2,329.22,0,658.44,391.84,266.6
PED-01792,2026-05-14,Webcam HD,Acessórios,Centro-Oeste,Brasília,Henrique Dias,E-commerce,Grande Empresa,1,242.55,0.15,206.17,125.49,80.68
PED-01793,2026-01-11,Notebook Pro 14,Tecnologia,Sudeste,Belo Horizonte,Gabriela Souza,E-commerce,Pessoa Física,3,5010.56,0.1,13528.51,11312.61,2215.9
PED-01794,2025-07-23,Monitor 24,Tecnologia,Sudeste,Rio de Janeiro,João Ribeiro,Marketplace,Pessoa Física,1,908.13,0,908.13,582.65,325.48
PED-01795,2025-07-29,Notebook Pro 14,Tecnologia,Sudeste,Rio de Janeiro,Diego Alves,E-commerce,Pessoa Física,1,4981.91,0.1,4483.72,3686.3,797.42
PED-01796,2026-04-13,Mouse Wireless,Acessórios,Centro-Oeste,Brasília,Henrique Dias,Venda Corporativa,Pessoa Física,2,183.04,0.05,347.78,164.34,183.44
PED-01797,2025-02-28,Monitor 27,Tecnologia,Sudeste,Belo Horizonte,Diego Alves,E-commerce,Grande Empresa,1,1515.07,0,1515.07,1013.19,501.88
PED-01798,2026-05-15,Monitor 27,Tecnologia,Sudeste,Rio de Janeiro,Eduarda Rocha,Marketplace,Grande Empresa,1,1485.09,0,1485.09,965.07,520.02
PED-01799,2026-08-19,Memória 16GB,Componentes,Nordeste,Salvador,Bruno Costa,Loja Física,Pessoa Física,1,315.97,0.1,284.37,198.96,85.41
PED-01800,2025-03-01,Webcam HD,Acessórios,Nordeste,Fortaleza,Gabriela Souza,Venda Corporativa,Pessoa Física,5,255.06,0.05,1211.53,621.9,589.63
PED-01801,2026-05-03,SSD 500GB,Componentes,Sul,Porto Alegre,Felipe Martins,Marketplace,Pessoa Física,2,299.26,0.15,508.74,353.44,155.3
PED-01802,2025-09-28,Notebook Pro 14,Tecnologia,Sudeste,Rio de Janeiro,Isabela Freitas,Venda Corporativa,Pessoa Física,4,4802.9,0.05,18251.02,14824.92,3426.1
PED-01803,2025-03-07,Monitor 27,Tecnologia,Sudeste,São Paulo,João Ribeiro,Marketplace,Pessoa Física,2,1528.8,0.05,2904.72,2046.32,858.4
PED-01804,2025-05-31,Monitor 24,Tecnologia,Sul,Florianópolis,Diego Alves,Loja Física,Pequena Empresa,1,880.21,0,880.21,581.75,298.46
PED-01805,2025-02-18,Notebook Air 13,Tecnologia,Sul,Florianópolis,Ana Lima,E-commerce,Pessoa Física,3,3722.36,0.05,10608.73,8316.93,2291.8
PED-01806,2025-03-17,Webcam HD,Acessórios,Nordeste,Recife,Eduarda Rocha,Marketplace,Pequena Empresa,6,247.67,0.05,1411.72,771.96,639.76
PED-01807,2026-09-27,SSD 1TB,Componentes,Sudeste,Belo Horizonte,Carla Mendes,Loja Física,Pequena Empresa,5,448.51,0,2242.55,1448.75,793.8
PED-01808,2026-05-20,Headset Pro,Acessórios,Nordeste,Salvador,Diego Alves,Loja Física,Pessoa Física,1,322.58,0.15,274.19,168.93,105.26
PED-01809,2025-06-30,Headset Pro,Acessórios,Sul,Florianópolis,Eduarda Rocha,Loja Física,Pequena Empresa,4,323.63,0,1294.52,705.56,588.96
PED-01810,2026-07-07,Monitor 24,Tecnologia,Sudeste,Belo Horizonte,Eduarda Rocha,E-commerce,Média Empresa,4,924.93,0,3699.72,2395.24,1304.48
PED-01811,2026-09-06,SSD 1TB,Componentes,Centro-Oeste,Brasília,Eduarda Rocha,Loja Física,Média Empresa,1,467.18,0,467.18,301.82,165.36
PED-01812,2025-12-24,Notebook Air 13,Tecnologia,Sul,Porto Alegre,Diego Alves,Marketplace,Pessoa Física,1,3536.8,0.1,3183.12,2736.83,446.29
PED-01813,2025-08-03,Monitor 27,Tecnologia,Centro-Oeste,Cuiabá,Felipe Martins,Loja Física,Pessoa Física,2,1487.49,0.05,2826.23,1944.2,882.03
PED-01814,2026-01-03,SSD 1TB,Componentes,Sudeste,Campinas,Bruno Costa,Venda Corporativa,Pessoa Física,1,449.53,0.1,404.58,299.53,105.05
PED-01815,2026-08-10,Memória 16GB,Componentes,Centro-Oeste,Brasília,João Ribeiro,E-commerce,Pessoa Física,6,326.59,0.2,1567.63,1140.6,427.03
PED-01816,2025-06-05,SSD 1TB,Componentes,Sudeste,Campinas,Diego Alves,Loja Física,Pessoa Física,3,458.36,0,1375.08,909.18,465.9
PED-01817,2025-10-31,SSD 500GB,Componentes,Nordeste,Salvador,Ana Lima,Loja Física,Pessoa Física,3,280.88,0.05,800.51,548.31,252.2
PED-01818,2025-12-14,Notebook Air 13,Tecnologia,Sudeste,São Paulo,Diego Alves,Marketplace,Pequena Empresa,1,3625.67,0,3625.67,2817.23,808.44
PED-01819,2025-06-10,Notebook Air 13,Tecnologia,Nordeste,Salvador,Carla Mendes,Venda Corporativa,Pessoa Física,4,3584.78,0.1,12905.21,10847.84,2057.37
PED-01820,2025-04-26,Memória 16GB,Componentes,Sudeste,Rio de Janeiro,Gabriela Souza,Loja Física,Pessoa Física,10,309.62,0,3096.2,1973.9,1122.3
PED-01821,2025-04-23,Dock Station,Acessórios,Sudeste,São Paulo,Gabriela Souza,E-commerce,Pessoa Física,1,532.57,0.15,452.68,321.04,131.64
PED-01822,2025-07-01,SSD 1TB,Componentes,Centro-Oeste,Goiânia,Henrique Dias,Loja Física,Pessoa Física,4,470.16,0.05,1786.61,1223.12,563.49
PED-01823,2026-02-16,Teclado Mecânico,Acessórios,Centro-Oeste,Goiânia,Eduarda Rocha,Marketplace,Pessoa Física,2,395.3,0,790.6,426.82,363.78
PED-01824,2026-09-18,Monitor 27,Tecnologia,Nordeste,Recife,Carla Mendes,E-commerce,Pessoa Física,1,1458.8,0.1,1312.92,971.59,341.33
PED-01825,2025-09-17,Dock Station,Acessórios,Sudeste,São Paulo,Eduarda Rocha,Marketplace,Média Empresa,6,565.65,0.05,3224.2,1935.54,1288.66
PED-01826,2025-04-03,Webcam HD,Acessórios,Centro-Oeste,Goiânia,Carla Mendes,Marketplace,Pessoa Física,2,246.37,0.2,394.19,259.14,135.05
PED-01827,2025-04-09,SSD 500GB,Componentes,Sudeste,Rio de Janeiro,Bruno Costa,Marketplace,Pessoa Física,1,288.62,0.05,274.19,183.63,90.56
PED-01828,2025-06-22,Memória 16GB,Componentes,Sudeste,São Paulo,Felipe Martins,Venda Corporativa,Pequena Empresa,2,318.27,0,636.54,397.7,238.84
PED-01829,2025-01-04,Mouse Wireless,Acessórios,Sul,Porto Alegre,Carla Mendes,E-commerce,Média Empresa,5,173.65,0.05,824.84,412.0,412.84
PED-01830,2025-06-15,Headset Pro,Acessórios,Nordeste,Fortaleza,Carla Mendes,Marketplace,Pessoa Física,2,328.3,0,656.6,351.86,304.74
PED-01831,2025-06-17,Webcam HD,Acessórios,Nordeste,Salvador,Diego Alves,E-commerce,Pessoa Física,5,250.27,0.15,1063.65,656.8,406.85
PED-01832,2025-07-28,Monitor 24,Tecnologia,Nordeste,Recife,Bruno Costa,Loja Física,Pequena Empresa,5,929.49,0.2,3717.96,3045.9,672.06
PED-01833,2026-02-17,Monitor 27,Tecnologia,Sudeste,São Paulo,Diego Alves,Loja Física,Pessoa Física,4,1461.84,0,5847.36,3884.16,1963.2
PED-01834,2026-06-02,Monitor 27,Tecnologia,Sudeste,Rio de Janeiro,João Ribeiro,E-commerce,Pequena Empresa,4,1477.51,0.1,5319.04,4087.92,1231.12
PED-01835,2026-04-18,Memória 16GB,Componentes,Sul,Curitiba,Isabela Freitas,Loja Física,Pequena Empresa,3,309.87,0.15,790.17,599.76,190.41
PED-01836,2026-05-09,Webcam HD,Acessórios,Sudeste,São Paulo,Gabriela Souza,Marketplace,Pequena Empresa,4,252.59,0,1010.36,526.88,483.48
PED-01837,2026-06-20,Notebook Air 13,Tecnologia,Nordeste,Recife,Diego Alves,Marketplace,Pequena Empresa,2,3594.26,0.05,6829.09,5486.36,1342.73
PED-01838,2026-05-31,Memória 16GB,Componentes,Sudeste,Campinas,João Ribeiro,Venda Corporativa,Pequena Empresa,2,324.18,0,648.36,379.12,269.24
PED-01839,2025-01-18,Memória 16GB,Componentes,Nordeste,Salvador,Gabriela Souza,E-commerce,Pequena Empresa,4,326.48,0.05,1240.62,781.44,459.18
PED-01840,2025-12-29,SSD 1TB,Componentes,Nordeste,Salvador,Felipe Martins,Loja Física,Pessoa Física,2,475.83,0.05,904.08,586.36,317.72
PED-01841,2025-08-17,SSD 1TB,Componentes,Sudeste,Campinas,Ana Lima,Marketplace,Pequena Empresa,5,464.76,0.05,2207.61,1476.3,731.31
PED-01842,2026-05-02,Monitor 27,Tecnologia,Nordeste,Recife,Gabriela Souza,Loja Física,Grande Empresa,1,1518.95,0.05,1443.0,993.63,449.37
PED-01843,2026-07-30,Notebook Pro 14,Tecnologia,Sul,Florianópolis,Henrique Dias,E-commerce,Pequena Empresa,1,4963.89,0,4963.89,3722.89,1241.0
PED-01844,2026-02-20,Teclado Mecânico,Acessórios,Sudeste,Rio de Janeiro,João Ribeiro,Marketplace,Média Empresa,1,395.1,0.05,375.35,217.6,157.75
PED-01845,2025-12-18,Monitor 24,Tecnologia,Sudeste,São Paulo,Gabriela Souza,E-commerce,Pequena Empresa,1,872.65,0,872.65,603.18,269.47
PED-01846,2026-06-12,Headset Pro,Acessórios,Centro-Oeste,Goiânia,Carla Mendes,E-commerce,Média Empresa,1,341.27,0.05,324.21,168.05,156.16
PED-01847,2026-02-14,Teclado Mecânico,Acessórios,Sul,Curitiba,Ana Lima,Marketplace,Pessoa Física,2,401.56,0,803.12,444.58,358.54
PED-01848,2025-01-01,Dock Station,Acessórios,Centro-Oeste,Cuiabá,Isabela Freitas,E-commerce,Pequena Empresa,1,558.15,0.05,530.24,315.54,214.7
PED-01849,2025-08-31,SSD 1TB,Componentes,Sul,Porto Alegre,Eduarda Rocha,Marketplace,Pequena Empresa,1,476.85,0,476.85,291.0,185.85
PED-01850,2025-06-02,Webcam HD,Acessórios,Nordeste,Salvador,Ana Lima,E-commerce,Pessoa Física,1,253.36,0.05,240.69,124.38,116.31
PED-01851,2026-09-03,Mouse Wireless,Acessórios,Sul,Curitiba,Felipe Martins,E-commerce,Pessoa Física,1,183.97,0.05,174.77,85.98,88.79
PED-01852,2025-10-29,Headset Pro,Acessórios,Sudeste,São Paulo,Isabela Freitas,Marketplace,Média Empresa,6,331.35,0.1,1789.29,1017.12,772.17
PED-01853,2025-02-05,Notebook Pro 14,Tecnologia,Sudeste,Rio de Janeiro,Gabriela Souza,E-commerce,Pequena Empresa,1,4853.41,0,4853.41,3819.65,1033.76
PED-01854,2025-09-16,Monitor 27,Tecnologia,Sul,Curitiba,Gabriela Souza,Loja Física,Pequena Empresa,8,1551.52,0.05,11791.55,8132.4,3659.15
PED-01855,2026-01-19,Monitor 27,Tecnologia,Sudeste,São Paulo,Gabriela Souza,E-commerce,Pequena Empresa,1,1518.17,0.15,1290.44,990.32,300.12
PED-01856,2026-05-05,Monitor 27,Tecnologia,Sudeste,Campinas,Carla Mendes,E-commerce,Média Empresa,1,1478.78,0,1478.78,1024.33,454.45
PED-01857,2025-10-29,Webcam HD,Acessórios,Nordeste,Recife,Henrique Dias,E-commerce,Média Empresa,1,255.22,0,255.22,126.76,128.46
PED-01858,2025-08-17,SSD 1TB,Componentes,Sudeste,Rio de Janeiro,Bruno Costa,Marketplace,Média Empresa,2,460.94,0,921.88,575.66,346.22
PED-01859,2025-05-21,Teclado Mecânico,Acessórios,Sudeste,Belo Horizonte,Diego Alves,E-commerce,Pequena Empresa,5,387.12,0.05,1838.82,1072.25,766.57
PED-01860,2025-05-11,SSD 500GB,Componentes,Sudeste,São Paulo,Bruno Costa,Venda Corporativa,Pequena Empresa,1,283.23,0.1,254.91,186.53,68.38
PED-01861,2026-05-22,Monitor 27,Tecnologia,Sudeste,Belo Horizonte,Isabela Freitas,Loja Física,Pequena Empresa,2,1528.78,0.05,2904.68,1964.88,939.8
PED-01862,2025-11-29,Monitor 27,Tecnologia,Sudeste,Belo Horizonte,Carla Mendes,Marketplace,Pessoa Física,3,1496.64,0,4489.92,3082.38,1407.54
PED-01863,2025-12-02,Webcam HD,Acessórios,Sudeste,São Paulo,Henrique Dias,E-commerce,Pessoa Física,1,242.35,0.15,206.0,126.2,79.8
PED-01864,2025-04-05,Teclado Mecânico,Acessórios,Sudeste,Belo Horizonte,Eduarda Rocha,Loja Física,Pequena Empresa,3,390.97,0,1172.91,651.9,521.01
PED-01865,2026-06-26,Memória 16GB,Componentes,Nordeste,Fortaleza,Eduarda Rocha,E-commerce,Pequena Empresa,2,316.14,0,632.28,395.9,236.38
PED-01866,2026-08-08,Webcam HD,Acessórios,Sudeste,Belo Horizonte,João Ribeiro,E-commerce,Pessoa Física,2,245.4,0.05,466.26,249.16,217.1
PED-01867,2025-08-11,Headset Pro,Acessórios,Sudeste,São Paulo,Diego Alves,E-commerce,Pequena Empresa,6,328.97,0.2,1579.06,1008.18,570.88
PED-01868,2026-05-01,Dock Station,Acessórios,Sul,Curitiba,Isabela Freitas,E-commerce,Pequena Empresa,2,532.9,0.05,1012.51,643.5,369.01
PED-01869,2026-03-22,Monitor 27,Tecnologia,Sudeste,São Paulo,Felipe Martins,E-commerce,Pessoa Física,1,1523.38,0,1523.38,1023.96,499.42
PED-01870,2025-08-20,Webcam HD,Acessórios,Nordeste,Fortaleza,Ana Lima,E-commerce,Pessoa Física,1,249.87,0.05,237.38,126.06,111.32
PED-01871,2026-01-26,Webcam HD,Acessórios,Sudeste,Campinas,Henrique Dias,Marketplace,Média Empresa,2,257.78,0.05,489.78,264.36,225.42
PED-01872,2025-08-18,Monitor 24,Tecnologia,Nordeste,Salvador,João Ribeiro,Loja Física,Pessoa Física,1,888.52,0.1,799.67,615.62,184.05
PED-01873,2025-02-23,SSD 1TB,Componentes,Sul,Florianópolis,Ana Lima,Marketplace,Pessoa Física,2,460.64,0.05,875.22,595.92,279.3
PED-01874,2026-06-29,Monitor 24,Tecnologia,Nordeste,Fortaleza,Felipe Martins,E-commerce,Pequena Empresa,2,904.88,0.05,1719.27,1231.12,488.15
PED-01875,2025-06-24,SSD 500GB,Componentes,Sudeste,Belo Horizonte,Isabela Freitas,Marketplace,Pessoa Física,3,293.88,0.15,749.39,550.38,199.01
PED-01876,2026-08-20,Mouse Wireless,Acessórios,Sudeste,Belo Horizonte,Henrique Dias,E-commerce,Pequena Empresa,1,185.48,0.05,176.21,84.62,91.59
PED-01877,2026-08-30,Notebook Pro 14,Tecnologia,Sudeste,São Paulo,Henrique Dias,Marketplace,Pessoa Física,2,4979.25,0.1,8962.65,7476.54,1486.11
PED-01878,2025-03-17,Monitor 27,Tecnologia,Sudeste,Rio de Janeiro,João Ribeiro,Venda Corporativa,Pessoa Física,1,1488.46,0,1488.46,1000.23,488.23
PED-01879,2025-11-03,Teclado Mecânico,Acessórios,Centro-Oeste,Brasília,Eduarda Rocha,Marketplace,Pessoa Física,2,401.64,0.15,682.79,433.18,249.61
PED-01880,2026-06-20,Notebook Air 13,Tecnologia,Sudeste,Rio de Janeiro,Ana Lima,E-commerce,Pessoa Física,3,3519.77,0.15,8975.41,8014.02,961.39
PED-01881,2025-09-09,SSD 1TB,Componentes,Centro-Oeste,Goiânia,Isabela Freitas,E-commerce,Grande Empresa,1,471.61,0,471.61,301.24,170.37
PED-01882,2026-09-25,SSD 500GB,Componentes,Centro-Oeste,Cuiabá,João Ribeiro,Loja Física,Pessoa Física,1,281.28,0.05,267.22,178.37,88.85
PED-01883,2026-07-28,Headset Pro,Acessórios,Centro-Oeste,Cuiabá,Diego Alves,E-commerce,Pequena Empresa,1,326.34,0.1,293.71,173.62,120.09
PED-01884,2025-01-22,Memória 16GB,Componentes,Sudeste,São Paulo,Felipe Martins,E-commerce,Pequena Empresa,1,312.15,0.1,280.94,190.4,90.54
PED-01885,2026-08-22,Notebook Air 13,Tecnologia,Sudeste,Rio de Janeiro,João Ribeiro,Venda Corporativa,Pessoa Física,3,3521.58,0,10564.74,8379.15,2185.59
PED-01886,2025-02-13,SSD 1TB,Componentes,Sudeste,Belo Horizonte,Isabela Freitas,Marketplace,Média Empresa,3,455.76,0,1367.28,912.39,454.89
PED-01887,2025-11-03,Monitor 24,Tecnologia,Nordeste,Salvador,Gabriela Souza,E-commerce,Pessoa Física,3,903.26,0.1,2438.8,1781.58,657.22
PED-01888,2026-02-16,Monitor 27,Tecnologia,Centro-Oeste,Brasília,Diego Alves,Marketplace,Pessoa Física,2,1475.96,0.05,2804.32,1954.0,850.32
PED-01889,2026-09-26,Notebook Pro 14,Tecnologia,Nordeste,Fortaleza,Felipe Martins,Loja Física,Grande Empresa,8,4899.56,0.15,33317.01,29365.6,3951.41
PED-01890,2025-10-26,Webcam HD,Acessórios,Sul,Curitiba,Felipe Martins,Venda Corporativa,Média Empresa,1,244.77,0.05,232.53,126.54,105.99
PED-01891,2025-04-29,Notebook Air 13,Tecnologia,Sudeste,Rio de Janeiro,Gabriela Souza,Venda Corporativa,Pequena Empresa,3,3720.54,0.15,9487.38,8235.75,1251.63
PED-01892,2025-07-06,Webcam HD,Acessórios,Sudeste,Rio de Janeiro,Isabela Freitas,Loja Física,Grande Empresa,3,247.51,0.05,705.4,377.04,328.36
PED-01893,2025-07-01,Dock Station,Acessórios,Sudeste,Belo Horizonte,Eduarda Rocha,E-commerce,Pequena Empresa,2,536.56,0,1073.12,650.96,422.16
PED-01894,2026-04-18,Mouse Wireless,Acessórios,Sul,Curitiba,Felipe Martins,Loja Física,Média Empresa,6,176.96,0.05,1008.67,515.76,492.91
PED-01895,2025-05-08,Notebook Pro 14,Tecnologia,Sudeste,São Paulo,Carla Mendes,Loja Física,Pessoa Física,1,4823.54,0.05,4582.36,3611.32,971.04
PED-01896,2026-06-06,Notebook Air 13,Tecnologia,Sudeste,Belo Horizonte,Eduarda Rocha,Loja Física,Pessoa Física,2,3691.12,0.05,7013.13,5663.14,1349.99
PED-01897,2026-08-13,Headset Pro,Acessórios,Sul,Curitiba,Gabriela Souza,Loja Física,Pessoa Física,3,338.94,0.15,864.3,525.24,339.06
PED-01898,2025-01-04,SSD 1TB,Componentes,Sudeste,Belo Horizonte,João Ribeiro,Loja Física,Pequena Empresa,5,456.49,0.1,2054.2,1518.25,535.95
PED-01899,2025-08-31,Mouse Wireless,Acessórios,Sul,Porto Alegre,Carla Mendes,Marketplace,Pessoa Física,1,181.67,0,181.67,82.8,98.87
PED-01900,2026-07-21,Dock Station,Acessórios,Centro-Oeste,Brasília,Gabriela Souza,Marketplace,Média Empresa,4,533.88,0.1,1921.97,1241.68,680.29
PED-01901,2025-08-02,SSD 1TB,Componentes,Sul,Florianópolis,Bruno Costa,Loja Física,Pessoa Física,2,456.77,0.1,822.19,593.24,228.95
PED-01902,2025-08-28,Monitor 24,Tecnologia,Sudeste,Campinas,Henrique Dias,E-commerce,Pessoa Física,1,872.81,0,872.81,615.91,256.9
PED-01903,2025-12-24,Monitor 24,Tecnologia,Sul,Florianópolis,Gabriela Souza,Venda Corporativa,Pessoa Física,1,888.68,0,888.68,585.09,303.59
PED-01904,2025-02-10,Teclado Mecânico,Acessórios,Sudeste,Rio de Janeiro,Diego Alves,Venda Corporativa,Pequena Empresa,3,399.93,0,1199.79,632.43,567.36
PED-01905,2025-10-14,Notebook Air 13,Tecnologia,Sudeste,Campinas,João Ribeiro,Marketplace,Pessoa Física,2,3584.55,0,7169.1,5607.82,1561.28
PED-01906,2026-07-19,SSD 500GB,Componentes,Sudeste,Campinas,João Ribeiro,E-commerce,Grande Empresa,6,285.93,0,1715.58,1117.8,597.78
PED-01907,2025-01-29,SSD 1TB,Componentes,Nordeste,Fortaleza,Henrique Dias,E-commerce,Pessoa Física,1,458.3,0.15,389.56,289.91,99.65
PED-01908,2026-01-18,Notebook Air 13,Tecnologia,Centro-Oeste,Goiânia,Carla Mendes,E-commerce,Pessoa Física,4,3660.69,0.1,13178.48,10754.0,2424.48
PED-01909,2025-04-13,Notebook Air 13,Tecnologia,Sul,Florianópolis,Ana Lima,E-commerce,Pessoa Física,2,3587.14,0,7174.28,5330.66,1843.62
PED-01910,2025-01-13,Monitor 27,Tecnologia,Sul,Porto Alegre,Carla Mendes,E-commerce,Média Empresa,4,1489.2,0,5956.8,4059.04,1897.76
PED-01911,2026-02-05,Headset Pro,Acessórios,Nordeste,Salvador,João Ribeiro,E-commerce,Pessoa Física,2,326.94,0,653.88,346.56,307.32
PED-01912,2025-11-17,Notebook Pro 14,Tecnologia,Sudeste,Campinas,Diego Alves,E-commerce,Grande Empresa,2,5025.87,0,10051.74,7264.48,2787.26
PED-01913,2026-04-18,Notebook Air 13,Tecnologia,Sudeste,São Paulo,Henrique Dias,E-commerce,Pessoa Física,1,3633.72,0.1,3270.35,2796.79,473.56
PED-01914,2026-04-29,Notebook Air 13,Tecnologia,Sul,Porto Alegre,Carla Mendes,E-commerce,Pessoa Física,4,3723.32,0,14893.28,11210.12,3683.16
PED-01915,2026-02-22,Notebook Air 13,Tecnologia,Centro-Oeste,Brasília,João Ribeiro,E-commerce,Média Empresa,8,3492.61,0.05,26543.84,21636.16,4907.68
PED-01916,2025-09-08,Headset Pro,Acessórios,Sudeste,Rio de Janeiro,Diego Alves,Marketplace,Pessoa Física,4,323.36,0.15,1099.42,677.24,422.18
PED-01917,2026-02-11,Notebook Pro 14,Tecnologia,Sudeste,Rio de Janeiro,Diego Alves,Venda Corporativa,Pessoa Física,1,5065.42,0.2,4052.34,3746.73,305.61
PED-01918,2025-01-18,SSD 1TB,Componentes,Sudeste,Campinas,Henrique Dias,Venda Corporativa,Pessoa Física,1,458.75,0.1,412.88,298.95,113.93
PED-01919,2025-11-20,Notebook Air 13,Tecnologia,Sudeste,Rio de Janeiro,Henrique Dias,Loja Física,Pequena Empresa,2,3631.4,0,7262.8,5679.82,1582.98
PED-01920,2025-05-18,Teclado Mecânico,Acessórios,Centro-Oeste,Cuiabá,Felipe Martins,Loja Física,Pessoa Física,2,390.0,0,780.0,441.48,338.52
PED-01921,2025-11-24,Dock Station,Acessórios,Sul,Curitiba,Carla Mendes,Marketplace,Pessoa Física,2,543.5,0.1,978.3,633.92,344.38
PED-01922,2026-07-03,Headset Pro,Acessórios,Sudeste,Campinas,Isabela Freitas,Marketplace,Pessoa Física,2,340.04,0.2,544.06,347.14,196.92
PED-01923,2025-10-03,Teclado Mecânico,Acessórios,Sudeste,São Paulo,Isabela Freitas,Marketplace,Pessoa Física,3,414.31,0.2,994.34,637.05,357.29
PED-01924,2025-02-03,Webcam HD,Acessórios,Sudeste,Rio de Janeiro,Bruno Costa,Loja Física,Pessoa Física,2,254.85,0.1,458.73,263.42,195.31
PED-01925,2025-07-26,Headset Pro,Acessórios,Sul,Florianópolis,Carla Mendes,Marketplace,Pequena Empresa,8,325.33,0,2602.64,1382.48,1220.16
PED-01926,2026-04-05,Notebook Pro 14,Tecnologia,Sul,Curitiba,Diego Alves,Loja Física,Pessoa Física,1,4802.8,0.05,4562.66,3795.63,767.03
PED-01927,2025-06-22,Notebook Air 13,Tecnologia,Centro-Oeste,Brasília,Henrique Dias,Marketplace,Pequena Empresa,5,3573.88,0,17869.4,14112.4,3757.0
PED-01928,2025-08-12,Notebook Pro 14,Tecnologia,Sudeste,São Paulo,Isabela Freitas,Loja Física,Pessoa Física,1,4890.34,0.1,4401.31,3638.13,763.18
PED-01929,2025-04-24,SSD 1TB,Componentes,Sudeste,São Paulo,Bruno Costa,E-commerce,Pessoa Física,1,472.73,0.05,449.09,288.05,161.04
PED-01930,2026-08-05,Memória 16GB,Componentes,Sul,Curitiba,Carla Mendes,Marketplace,Pessoa Física,2,324.46,0.15,551.58,399.64,151.94
PED-01931,2026-08-15,Memória 16GB,Componentes,Sudeste,São Paulo,Gabriela Souza,E-commerce,Pequena Empresa,1,328.25,0.05,311.84,188.28,123.56
PED-01932,2026-07-15,Headset Pro,Acessórios,Sul,Porto Alegre,Gabriela Souza,E-commerce,Pessoa Física,6,341.53,0.1,1844.26,1042.5,801.76
PED-01933,2025-08-13,Monitor 24,Tecnologia,Sudeste,São Paulo,Diego Alves,Venda Corporativa,Pessoa Física,1,892.06,0.15,758.25,605.55,152.7
PED-01934,2026-07-23,SSD 500GB,Componentes,Sudeste,Belo Horizonte,Felipe Martins,Loja Física,Pequena Empresa,8,300.01,0,2400.08,1414.4,985.68
PED-01935,2025-09-24,SSD 500GB,Componentes,Sudeste,Belo Horizonte,Diego Alves,E-commerce,Pessoa Física,2,286.84,0,573.68,372.4,201.28
PED-01936,2026-09-14,SSD 1TB,Componentes,Sudeste,Belo Horizonte,Gabriela Souza,Loja Física,Pessoa Física,1,449.66,0,449.66,304.17,145.49
PED-01937,2025-01-17,Monitor 27,Tecnologia,Nordeste,Fortaleza,Bruno Costa,Marketplace,Pessoa Física,1,1500.91,0,1500.91,1023.68,477.23
PED-01938,2025-10-23,Notebook Pro 14,Tecnologia,Sudeste,Campinas,Carla Mendes,E-commerce,Pessoa Física,5,4988.25,0.05,23694.19,19040.95,4653.24
PED-01939,2026-04-24,Monitor 24,Tecnologia,Nordeste,Recife,Diego Alves,Loja Física,Pessoa Física,6,900.63,0,5403.78,3471.3,1932.48
PED-01940,2025-03-31,Monitor 27,Tecnologia,Sul,Florianópolis,Carla Mendes,Loja Física,Pessoa Física,2,1552.48,0.1,2794.46,2007.0,787.46
PED-01941,2025-12-02,Mouse Wireless,Acessórios,Sul,Porto Alegre,Gabriela Souza,E-commerce,Pessoa Física,2,174.32,0,348.64,165.62,183.02
PED-01942,2025-01-25,Notebook Pro 14,Tecnologia,Sudeste,Rio de Janeiro,Isabela Freitas,E-commerce,Pessoa Física,1,5063.2,0.15,4303.72,3628.23,675.49
PED-01943,2025-05-11,SSD 1TB,Componentes,Nordeste,Fortaleza,Gabriela Souza,E-commerce,Pessoa Física,1,475.64,0.15,404.29,300.78,103.51
PED-01944,2025-01-12,Webcam HD,Acessórios,Nordeste,Recife,Felipe Martins,E-commerce,Média Empresa,5,254.67,0.15,1082.35,631.15,451.2
PED-01945,2025-02-17,Teclado Mecânico,Acessórios,Sul,Curitiba,Henrique Dias,Loja Física,Pessoa Física,3,414.02,0.05,1179.96,636.93,543.03
PED-01946,2025-04-01,Mouse Wireless,Acessórios,Sudeste,Belo Horizonte,Henrique Dias,Marketplace,Pequena Empresa,10,177.5,0.2,1420.0,852.1,567.9
PED-01947,2025-09-23,Monitor 24,Tecnologia,Sudeste,Campinas,Bruno Costa,Loja Física,Pessoa Física,1,919.66,0.15,781.71,609.15,172.56
PED-01948,2025-05-10,Webcam HD,Acessórios,Sul,Curitiba,Gabriela Souza,Loja Física,Pessoa Física,2,255.64,0.05,485.72,263.46,222.26
PED-01949,2026-02-14,Monitor 27,Tecnologia,Nordeste,Recife,Bruno Costa,Venda Corporativa,Pequena Empresa,2,1543.46,0.2,2469.54,1981.44,488.1
PED-01950,2025-10-04,SSD 1TB,Componentes,Sudeste,Campinas,Bruno Costa,Marketplace,Pessoa Física,3,446.4,0,1339.2,918.27,420.93
PED-01951,2025-04-22,Dock Station,Acessórios,Sudeste,Campinas,Eduarda Rocha,Venda Corporativa,Pessoa Física,1,540.58,0,540.58,304.96,235.62
PED-01952,2026-03-06,Memória 16GB,Componentes,Nordeste,Fortaleza,Carla Mendes,Venda Corporativa,Pessoa Física,1,328.26,0.1,295.43,195.26,100.17
PED-01953,2025-12-31,Monitor 27,Tecnologia,Sudeste,Rio de Janeiro,Ana Lima,Venda Corporativa,Pequena Empresa,1,1539.9,0,1539.9,1012.98,526.92
PED-01954,2025-04-14,SSD 500GB,Componentes,Nordeste,Recife,Diego Alves,Loja Física,Pessoa Física,1,297.67,0,297.67,179.79,117.88
PED-01955,2025-11-11,Monitor 24,Tecnologia,Sudeste,Belo Horizonte,Isabela Freitas,Venda Corporativa,Pessoa Física,1,904.55,0,904.55,602.43,302.12
PED-01956,2026-03-06,Dock Station,Acessórios,Sudeste,Campinas,Gabriela Souza,E-commerce,Pequena Empresa,1,536.4,0,536.4,304.75,231.65
PED-01957,2025-04-04,Monitor 27,Tecnologia,Nordeste,Recife,Eduarda Rocha,E-commerce,Pequena Empresa,1,1479.96,0.1,1331.96,962.41,369.55
PED-01958,2026-02-16,Notebook Pro 14,Tecnologia,Sudeste,Campinas,Ana Lima,Marketplace,Pessoa Física,1,4972.14,0.1,4474.93,3706.09,768.84
PED-01959,2025-02-24,Notebook Pro 14,Tecnologia,Sudeste,São Paulo,Diego Alves,E-commerce,Pessoa Física,4,5064.93,0.05,19246.73,14358.6,4888.13
PED-01960,2025-04-02,Teclado Mecânico,Acessórios,Sudeste,São Paulo,Diego Alves,E-commerce,Média Empresa,4,407.98,0,1631.92,872.68,759.24
PED-01961,2025-04-12,SSD 1TB,Componentes,Nordeste,Fortaleza,Isabela Freitas,Loja Física,Pequena Empresa,1,457.69,0.1,411.92,305.11,106.81
PED-01962,2025-12-30,SSD 500GB,Componentes,Nordeste,Salvador,Isabela Freitas,E-commerce,Pequena Empresa,1,289.77,0.2,231.82,180.97,50.85
PED-01963,2026-01-09,Notebook Pro 14,Tecnologia,Sul,Curitiba,Diego Alves,Venda Corporativa,Pessoa Física,1,4792.97,0,4792.97,3697.74,1095.23
PED-01964,2025-06-20,Dock Station,Acessórios,Sul,Porto Alegre,Isabela Freitas,Marketplace,Pessoa Física,4,534.69,0.05,2031.82,1234.88,796.94
PED-01965,2025-04-25,Headset Pro,Acessórios,Sudeste,São Paulo,Isabela Freitas,Marketplace,Pessoa Física,2,322.69,0.2,516.3,356.56,159.74
PED-01966,2026-09-03,SSD 1TB,Componentes,Sul,Porto Alegre,Eduarda Rocha,Loja Física,Pequena Empresa,2,472.14,0.05,897.07,573.96,323.11
PED-01967,2026-03-06,Dock Station,Acessórios,Centro-Oeste,Brasília,Carla Mendes,Marketplace,Pessoa Física,3,546.61,0.1,1475.85,934.32,541.53
PED-01968,2026-05-28,Notebook Pro 14,Tecnologia,Sudeste,Belo Horizonte,Eduarda Rocha,E-commerce,Pequena Empresa,1,4815.89,0.05,4575.1,3824.91,750.19
PED-01969,2025-05-05,Headset Pro,Acessórios,Sul,Porto Alegre,João Ribeiro,Marketplace,Pessoa Física,1,328.31,0.05,311.89,173.23,138.66
PED-01970,2026-02-03,Webcam HD,Acessórios,Nordeste,Recife,Bruno Costa,Loja Física,Pequena Empresa,1,257.47,0.15,218.85,126.7,92.15
PED-01971,2025-05-26,Notebook Air 13,Tecnologia,Sudeste,São Paulo,Gabriela Souza,Venda Corporativa,Média Empresa,2,3724.76,0,7449.52,5394.16,2055.36
PED-01972,2026-01-08,Notebook Pro 14,Tecnologia,Centro-Oeste,Cuiabá,Isabela Freitas,Marketplace,Média Empresa,1,4993.05,0.15,4244.09,3754.53,489.56
PED-01973,2026-09-27,Dock Station,Acessórios,Centro-Oeste,Cuiabá,Carla Mendes,E-commerce,Média Empresa,2,532.92,0,1065.84,647.22,418.62
PED-01974,2026-03-12,SSD 1TB,Componentes,Nordeste,Salvador,Ana Lima,E-commerce,Pessoa Física,1,447.52,0,447.52,295.89,151.63
PED-01975,2026-01-09,Memória 16GB,Componentes,Sul,Porto Alegre,Eduarda Rocha,Loja Física,Pequena Empresa,1,323.15,0.15,274.68,191.59,83.09
PED-01976,2025-11-14,Dock Station,Acessórios,Sudeste,São Paulo,Felipe Martins,E-commerce,Pessoa Física,3,548.69,0.15,1399.16,961.44,437.72
PED-01977,2025-06-09,Webcam HD,Acessórios,Sul,Florianópolis,Gabriela Souza,Venda Corporativa,Pessoa Física,2,247.12,0.05,469.53,260.46,209.07
PED-01978,2025-04-24,Monitor 27,Tecnologia,Sul,Curitiba,Henrique Dias,Venda Corporativa,Pessoa Física,1,1493.08,0,1493.08,999.01,494.07
PED-01979,2026-06-03,Notebook Air 13,Tecnologia,Sudeste,Belo Horizonte,Carla Mendes,E-commerce,Média Empresa,1,3641.82,0.1,3277.64,2686.3,591.34
PED-01980,2026-01-28,Notebook Pro 14,Tecnologia,Sudeste,Belo Horizonte,Gabriela Souza,Marketplace,Média Empresa,1,5017.17,0,5017.17,3696.72,1320.45
PED-01981,2025-02-07,Mouse Wireless,Acessórios,Sudeste,São Paulo,Ana Lima,Loja Física,Pessoa Física,2,178.44,0,356.88,163.74,193.14
PED-01982,2026-05-08,Dock Station,Acessórios,Centro-Oeste,Brasília,Henrique Dias,Marketplace,Pessoa Física,1,570.14,0,570.14,315.3,254.84
PED-01983,2025-07-10,Webcam HD,Acessórios,Sudeste,São Paulo,Eduarda Rocha,Loja Física,Pessoa Física,2,242.4,0,484.8,256.88,227.92
PED-01984,2025-12-07,Teclado Mecânico,Acessórios,Nordeste,Recife,Isabela Freitas,Loja Física,Pessoa Física,2,410.32,0.05,779.61,451.42,328.19
PED-01985,2026-04-05,Headset Pro,Acessórios,Sudeste,Rio de Janeiro,Ana Lima,Loja Física,Média Empresa,3,340.91,0,1022.73,533.61,489.12
PED-01986,2025-07-31,Mouse Wireless,Acessórios,Sudeste,Campinas,Henrique Dias,Loja Física,Pessoa Física,2,180.26,0,360.52,169.0,191.52
PED-01987,2026-05-02,SSD 1TB,Componentes,Sudeste,São Paulo,Eduarda Rocha,Loja Física,Média Empresa,10,452.74,0.05,4301.03,2873.4,1427.63
PED-01988,2025-12-09,Mouse Wireless,Acessórios,Nordeste,Recife,Ana Lima,E-commerce,Pessoa Física,2,183.3,0.15,311.61,166.16,145.45
PED-01989,2026-08-15,Headset Pro,Acessórios,Nordeste,Recife,João Ribeiro,Venda Corporativa,Pessoa Física,1,323.55,0,323.55,175.44,148.11
PED-01990,2025-11-26,Headset Pro,Acessórios,Sudeste,Campinas,Isabela Freitas,Loja Física,Pessoa Física,3,322.79,0,968.37,533.28,435.09
PED-01991,2026-08-24,Memória 16GB,Componentes,Centro-Oeste,Brasília,Isabela Freitas,E-commerce,Média Empresa,2,326.17,0.15,554.49,377.84,176.65
PED-01992,2025-07-31,Monitor 27,Tecnologia,Sudeste,Rio de Janeiro,Carla Mendes,Venda Corporativa,Pessoa Física,1,1541.74,0.1,1387.57,1017.35,370.22
PED-01993,2026-05-17,Headset Pro,Acessórios,Sul,Porto Alegre,Bruno Costa,Loja Física,Pessoa Física,1,331.64,0.05,315.06,168.94,146.12
PED-01994,2025-10-02,Dock Station,Acessórios,Sudeste,Rio de Janeiro,Ana Lima,E-commerce,Média Empresa,4,532.83,0.2,1705.06,1265.92,439.14
PED-01995,2025-07-03,Monitor 27,Tecnologia,Sudeste,Rio de Janeiro,Gabriela Souza,Venda Corporativa,Grande Empresa,4,1558.63,0,6234.52,4085.96,2148.56
PED-01996,2025-07-08,SSD 500GB,Componentes,Sudeste,Campinas,Bruno Costa,E-commerce,Pessoa Física,5,298.2,0.05,1416.45,919.5,496.95
PED-01997,2025-08-10,Notebook Air 13,Tecnologia,Sudeste,Rio de Janeiro,Henrique Dias,Venda Corporativa,Pessoa Física,1,3499.32,0,3499.32,2766.45,732.87
PED-01998,2025-08-02,Monitor 27,Tecnologia,Sudeste,Campinas,Carla Mendes,E-commerce,Pessoa Física,2,1544.59,0.15,2625.8,1981.24,644.56
PED-01999,2026-07-31,Teclado Mecânico,Acessórios,Nordeste,Recife,Diego Alves,Venda Corporativa,Pessoa Física,1,407.74,0.05,387.35,222.08,165.27
PED-02000,2025-11-29,Teclado Mecânico,Acessórios,Sudeste,Belo Horizonte,João Ribeiro,Marketplace,Média Empresa,2,403.89,0,807.78,443.62,364.16
PED-02001,2025-08-19,Monitor 27,Tecnologia,Sudeste,Rio de Janeiro,Henrique Dias,E-commerce,Média Empresa,1,1540.31,0.05,1463.29,975.64,487.65
PED-02002,2025-02-18,Teclado Mecânico,Acessórios,Centro-Oeste,Cuiabá,Gabriela Souza,E-commerce,Média Empresa,3,405.07,0.05,1154.45,669.3,485.15
PED-02003,2026-04-10,Monitor 27,Tecnologia,Sul,Porto Alegre,Felipe Martins,Venda Corporativa,Pequena Empresa,1,1515.56,0.1,1364.0,962.0,402.0
PED-02004,2025-01-01,Dock Station,Acessórios,Nordeste,Recife,Eduarda Rocha,Marketplace,Pessoa Física,2,548.39,0,1096.78,645.4,451.38
PED-02005,2025-06-23,Notebook Pro 14,Tecnologia,Sul,Florianópolis,Bruno Costa,Loja Física,Média Empresa,1,4815.87,0,4815.87,3596.87,1219.0
PED-02006,2026-01-16,Teclado Mecânico,Acessórios,Centro-Oeste,Brasília,João Ribeiro,E-commerce,Pessoa Física,2,393.32,0,786.64,448.46,338.18
PED-02007,2025-12-23,Monitor 24,Tecnologia,Sudeste,Rio de Janeiro,Ana Lima,Venda Corporativa,Pessoa Física,1,895.58,0,895.58,605.13,290.45
PED-02008,2025-12-06,Mouse Wireless,Acessórios,Nordeste,Salvador,Bruno Costa,Loja Física,Pequena Empresa,10,183.61,0,1836.1,842.8,993.3
PED-02009,2025-02-04,Monitor 24,Tecnologia,Nordeste,Fortaleza,Isabela Freitas,Marketplace,Média Empresa,1,911.28,0.1,820.15,609.38,210.77
PED-02010,2025-09-09,Monitor 24,Tecnologia,Centro-Oeste,Goiânia,Diego Alves,E-commerce,Pessoa Física,2,905.85,0,1811.7,1185.04,626.66
PED-02011,2026-07-06,SSD 500GB,Componentes,Sudeste,Rio de Janeiro,Eduarda Rocha,Marketplace,Pessoa Física,5,296.11,0,1480.55,919.0,561.55
PED-02012,2026-02-07,Mouse Wireless,Acessórios,Centro-Oeste,Cuiabá,João Ribeiro,Loja Física,Grande Empresa,1,179.85,0,179.85,81.5,98.35
PED-02013,2026-05-08,Webcam HD,Acessórios,Sudeste,Belo Horizonte,Eduarda Rocha,E-commerce,Média Empresa,2,256.64,0.05,487.62,258.26,229.36
PED-02014,2026-08-03,Monitor 24,Tecnologia,Centro-Oeste,Goiânia,João Ribeiro,Venda Corporativa,Pessoa Física,1,876.81,0.05,832.97,587.66,245.31
PED-02015,2026-05-09,Mouse Wireless,Acessórios,Sudeste,Campinas,Carla Mendes,Venda Corporativa,Média Empresa,1,182.0,0,182.0,83.28,98.72
PED-02016,2026-02-13,Teclado Mecânico,Acessórios,Sudeste,Rio de Janeiro,Ana Lima,Venda Corporativa,Pessoa Física,2,387.77,0.1,697.99,438.58,259.41
PED-02017,2025-06-12,SSD 500GB,Componentes,Nordeste,Fortaleza,Eduarda Rocha,E-commerce,Pessoa Física,1,282.47,0,282.47,178.85,103.62
PED-02018,2025-08-24,Mouse Wireless,Acessórios,Sudeste,Belo Horizonte,Bruno Costa,E-commerce,Pequena Empresa,1,174.95,0.05,166.2,81.72,84.48
PED-02019,2025-02-20,Dock Station,Acessórios,Nordeste,Recife,João Ribeiro,Loja Física,Pessoa Física,2,546.92,0.2,875.07,639.78,235.29
PED-02020,2025-05-15,Monitor 27,Tecnologia,Centro-Oeste,Cuiabá,Isabela Freitas,E-commerce,Média Empresa,2,1527.52,0.1,2749.54,1994.84,754.7
PED-02021,2025-04-23,SSD 1TB,Componentes,Sudeste,São Paulo,Eduarda Rocha,Marketplace,Pessoa Física,1,457.51,0.05,434.63,297.9,136.73
PED-02022,2025-08-02,Monitor 24,Tecnologia,Nordeste,Fortaleza,João Ribeiro,Venda Corporativa,Pessoa Física,1,931.36,0.15,791.66,585.05,206.61
PED-02023,2026-04-24,Memória 16GB,Componentes,Sul,Porto Alegre,Gabriela Souza,E-commerce,Média Empresa,1,326.95,0.05,310.6,197.01,113.59
PED-02024,2026-06-28,Monitor 24,Tecnologia,Nordeste,Fortaleza,Carla Mendes,Venda Corporativa,Pessoa Física,2,880.52,0.1,1584.94,1221.54,363.4
PED-02025,2025-01-19,Memória 16GB,Componentes,Sul,Porto Alegre,Henrique Dias,E-commerce,Pequena Empresa,1,314.27,0,314.27,197.61,116.66
PED-02026,2025-11-23,Memória 16GB,Componentes,Sudeste,Campinas,Carla Mendes,Loja Física,Pessoa Física,5,311.8,0,1559.0,948.15,610.85
PED-02027,2026-02-20,Monitor 27,Tecnologia,Nordeste,Recife,Henrique Dias,E-commerce,Pessoa Física,2,1472.95,0,2945.9,1922.54,1023.36
PED-02028,2025-06-23,Monitor 27,Tecnologia,Sudeste,Belo Horizonte,Bruno Costa,E-commerce,Pessoa Física,2,1517.56,0.1,2731.61,2010.68,720.93
PED-02029,2026-02-08,Monitor 27,Tecnologia,Nordeste,Recife,Ana Lima,E-commerce,Pessoa Física,1,1489.99,0.15,1266.49,1017.97,248.52
PED-02030,2026-08-18,Mouse Wireless,Acessórios,Sudeste,Rio de Janeiro,Bruno Costa,Loja Física,Pessoa Física,1,181.33,0.1,163.2,80.65,82.55
PED-02031,2025-03-28,SSD 1TB,Componentes,Sudeste,Belo Horizonte,Diego Alves,Loja Física,Pessoa Física,1,448.24,0.15,381.0,305.57,75.43
PED-02032,2025-08-16,Headset Pro,Acessórios,Nordeste,Fortaleza,Ana Lima,Loja Física,Pessoa Física,2,334.31,0.05,635.19,342.82,292.37
PED-02033,2025-10-15,Headset Pro,Acessórios,Sudeste,Campinas,Ana Lima,Loja Física,Pessoa Física,1,335.45,0,335.45,176.12,159.33
PED-02034,2025-12-29,Notebook Pro 14,Tecnologia,Sudeste,Belo Horizonte,Diego Alves,Loja Física,Pessoa Física,2,4897.98,0.05,9306.16,7228.92,2077.24
PED-02035,2025-08-17,SSD 500GB,Componentes,Sudeste,Rio de Janeiro,Gabriela Souza,E-commerce,Pequena Empresa,4,294.74,0,1178.96,745.84,433.12
PED-02036,2025-11-03,Monitor 27,Tecnologia,Centro-Oeste,Cuiabá,Bruno Costa,E-commerce,Pessoa Física,4,1532.61,0,6130.44,3967.76,2162.68
PED-02037,2026-04-21,Webcam HD,Acessórios,Sul,Porto Alegre,Isabela Freitas,E-commerce,Grande Empresa,5,248.89,0.1,1120.01,647.95,472.06
PED-02038,2025-09-15,SSD 1TB,Componentes,Sudeste,São Paulo,Eduarda Rocha,Venda Corporativa,Média Empresa,2,448.45,0.15,762.37,594.82,167.55
PED-02039,2025-01-21,Notebook Air 13,Tecnologia,Nordeste,Recife,João Ribeiro,Loja Física,Pessoa Física,1,3713.28,0,3713.28,2710.25,1003.03
PED-02040,2025-08-13,Webcam HD,Acessórios,Sudeste,Belo Horizonte,Bruno Costa,Marketplace,Pessoa Física,1,247.37,0.05,235.0,125.21,109.79
PED-02041,2026-02-03,SSD 1TB,Componentes,Sudeste,São Paulo,Carla Mendes,E-commerce,Pessoa Física,2,457.39,0.1,823.3,603.44,219.86
PED-02042,2026-03-05,Dock Station,Acessórios,Sul,Porto Alegre,Henrique Dias,E-commerce,Pessoa Física,3,557.62,0,1672.86,975.15,697.71
PED-02043,2025-01-04,SSD 1TB,Componentes,Sudeste,Belo Horizonte,Felipe Martins,Loja Física,Grande Empresa,1,454.18,0.05,431.47,292.73,138.74
PED-02044,2026-08-28,SSD 1TB,Componentes,Sudeste,São Paulo,João Ribeiro,Marketplace,Pessoa Física,1,446.83,0.1,402.15,296.15,106.0
PED-02045,2026-02-25,Memória 16GB,Componentes,Sudeste,Rio de Janeiro,Henrique Dias,Loja Física,Média Empresa,1,310.57,0,310.57,196.91,113.66
PED-02046,2025-03-26,Dock Station,Acessórios,Nordeste,Fortaleza,Felipe Martins,Venda Corporativa,Pessoa Física,2,558.64,0.05,1061.42,624.42,437.0
PED-02047,2025-08-28,Headset Pro,Acessórios,Sul,Curitiba,Felipe Martins,Marketplace,Média Empresa,1,331.05,0,331.05,174.87,156.18
PED-02048,2025-02-04,Notebook Pro 14,Tecnologia,Sudeste,Campinas,Carla Mendes,Loja Física,Pessoa Física,4,4766.09,0,19064.36,14772.4,4291.96
PED-02049,2026-07-30,Headset Pro,Acessórios,Sudeste,Rio de Janeiro,Felipe Martins,Loja Física,Média Empresa,1,324.38,0.15,275.72,170.55,105.17
PED-02050,2025-10-01,Headset Pro,Acessórios,Sul,Curitiba,Diego Alves,E-commerce,Pessoa Física,2,337.96,0,675.92,346.44,329.48
PED-02051,2025-05-04,Dock Station,Acessórios,Centro-Oeste,Brasília,Carla Mendes,Loja Física,Média Empresa,2,543.34,0.05,1032.35,611.12,421.23
PED-02052,2025-01-17,Dock Station,Acessórios,Sudeste,Campinas,Felipe Martins,E-commerce,Pequena Empresa,3,534.32,0.1,1442.66,942.03,500.63
PED-02053,2025-07-30,SSD 1TB,Componentes,Sudeste,Belo Horizonte,Carla Mendes,Marketplace,Pequena Empresa,5,460.7,0.05,2188.32,1471.65,716.67
PED-02054,2025-11-19,SSD 500GB,Componentes,Sudeste,São Paulo,Eduarda Rocha,Loja Física,Pessoa Física,1,285.64,0.05,271.36,185.11,86.25
PED-02055,2026-03-09,Memória 16GB,Componentes,Nordeste,Fortaleza,Gabriela Souza,Marketplace,Pessoa Física,2,328.16,0,656.32,394.76,261.56
PED-02056,2026-02-16,Monitor 27,Tecnologia,Sul,Florianópolis,Ana Lima,Loja Física,Grande Empresa,2,1541.85,0,3083.7,2035.96,1047.74
PED-02057,2025-03-24,SSD 500GB,Componentes,Centro-Oeste,Cuiabá,Carla Mendes,Loja Física,Pessoa Física,2,298.2,0,596.4,353.96,242.44
PED-02058,2025-08-27,Webcam HD,Acessórios,Sudeste,São Paulo,Isabela Freitas,Loja Física,Média Empresa,2,251.77,0,503.54,249.74,253.8
PED-02059,2025-07-31,Memória 16GB,Componentes,Nordeste,Fortaleza,Diego Alves,Venda Corporativa,Pessoa Física,4,316.18,0.2,1011.78,801.64,210.14
PED-02060,2026-09-08,Memória 16GB,Componentes,Sudeste,Belo Horizonte,Felipe Martins,Marketplace,Pequena Empresa,2,317.92,0,635.84,379.16,256.68
PED-02061,2026-09-24,Mouse Wireless,Acessórios,Nordeste,Recife,Diego Alves,E-commerce,Pessoa Física,2,186.15,0,372.3,163.38,208.92
PED-02062,2026-06-09,Memória 16GB,Componentes,Nordeste,Fortaleza,Diego Alves,Marketplace,Pequena Empresa,4,327.79,0.1,1180.04,752.76,427.28
PED-02063,2026-07-06,Notebook Air 13,Tecnologia,Sudeste,São Paulo,Gabriela Souza,Loja Física,Grande Empresa,1,3519.72,0,3519.72,2823.31,696.41
PED-02064,2026-06-25,SSD 1TB,Componentes,Centro-Oeste,Brasília,Bruno Costa,E-commerce,Média Empresa,5,468.45,0.05,2225.14,1445.3,779.84
PED-02065,2026-06-08,Notebook Air 13,Tecnologia,Sudeste,Rio de Janeiro,Henrique Dias,Marketplace,Pessoa Física,1,3530.35,0.05,3353.83,2775.46,578.37
PED-02066,2025-02-13,Webcam HD,Acessórios,Centro-Oeste,Brasília,Ana Lima,Loja Física,Pessoa Física,2,258.28,0.15,439.08,248.12,190.96
PED-02067,2025-06-13,Headset Pro,Acessórios,Sudeste,Rio de Janeiro,João Ribeiro,Venda Corporativa,Pessoa Física,3,338.31,0.1,913.44,532.98,380.46
PED-02068,2025-12-01,Notebook Pro 14,Tecnologia,Sul,Curitiba,Henrique Dias,E-commerce,Pessoa Física,2,4945.77,0,9891.54,7481.86,2409.68
PED-02069,2026-04-24,SSD 500GB,Componentes,Sudeste,São Paulo,Gabriela Souza,Loja Física,Pessoa Física,2,292.46,0,584.92,371.16,213.76
PED-02070,2025-04-23,Monitor 27,Tecnologia,Nordeste,Recife,Gabriela Souza,E-commerce,Pessoa Física,2,1479.22,0.15,2514.67,1937.28,577.39
PED-02071,2025-02-28,SSD 500GB,Componentes,Nordeste,Salvador,Gabriela Souza,E-commerce,Média Empresa,1,286.93,0,286.93,181.85,105.08
PED-02072,2025-07-08,SSD 500GB,Componentes,Sudeste,Campinas,Ana Lima,E-commerce,Pessoa Física,3,299.15,0.1,807.71,528.66,279.05
PED-02073,2025-06-16,SSD 500GB,Componentes,Centro-Oeste,Brasília,Gabriela Souza,Loja Física,Pequena Empresa,6,284.84,0,1709.04,1073.88,635.16
PED-02074,2025-01-10,Monitor 27,Tecnologia,Sul,Porto Alegre,João Ribeiro,Loja Física,Média Empresa,6,1518.04,0,9108.24,6029.52,3078.72
PED-02075,2026-04-05,Notebook Pro 14,Tecnologia,Sudeste,Belo Horizonte,Diego Alves,E-commerce,Pessoa Física,3,4766.44,0.1,12869.39,11003.01,1866.38
PED-02076,2026-03-12,Teclado Mecânico,Acessórios,Sul,Curitiba,Isabela Freitas,Marketplace,Pequena Empresa,4,387.48,0,1549.92,857.44,692.48
PED-02077,2026-02-14,Memória 16GB,Componentes,Sudeste,Rio de Janeiro,Bruno Costa,E-commerce,Pequena Empresa,2,320.99,0.05,609.88,381.76,228.12
PED-02078,2026-02-14,Headset Pro,Acessórios,Sudeste,Rio de Janeiro,Carla Mendes,E-commerce,Pessoa Física,2,336.99,0.05,640.28,358.38,281.9
PED-02079,2026-02-22,Teclado Mecânico,Acessórios,Sul,Curitiba,Felipe Martins,Loja Física,Pessoa Física,2,411.82,0.15,700.09,448.64,251.45
PED-02080,2025-05-19,Memória 16GB,Componentes,Sudeste,Belo Horizonte,Carla Mendes,Loja Física,Pessoa Física,1,323.27,0.05,307.11,187.33,119.78
PED-02081,2026-03-03,Headset Pro,Acessórios,Sudeste,Campinas,João Ribeiro,Loja Física,Pessoa Física,5,341.82,0,1709.1,892.3,816.8
PED-02082,2026-09-08,SSD 500GB,Componentes,Nordeste,Fortaleza,João Ribeiro,Marketplace,Pequena Empresa,1,291.51,0,291.51,180.39,111.12
PED-02083,2026-02-14,Dock Station,Acessórios,Sul,Florianópolis,Henrique Dias,Loja Física,Pessoa Física,6,544.1,0.05,3101.37,1854.96,1246.41
PED-02084,2026-06-22,Monitor 27,Tecnologia,Sudeste,Belo Horizonte,João Ribeiro,Marketplace,Pessoa Física,1,1473.92,0.05,1400.22,1012.84,387.38
PED-02085,2025-03-28,Monitor 27,Tecnologia,Centro-Oeste,Goiânia,Ana Lima,E-commerce,Média Empresa,1,1556.74,0,1556.74,1008.31,548.43
PED-02086,2026-02-13,Monitor 27,Tecnologia,Nordeste,Fortaleza,Bruno Costa,Venda Corporativa,Pessoa Física,3,1457.57,0,4372.71,2939.7,1433.01
PED-02087,2026-08-01,Notebook Air 13,Tecnologia,Sudeste,São Paulo,Ana Lima,E-commerce,Média Empresa,2,3651.15,0,7302.3,5517.82,1784.48
PED-02088,2025-05-16,Notebook Pro 14,Tecnologia,Sul,Florianópolis,Gabriela Souza,Loja Física,Média Empresa,2,5021.54,0,10043.08,7634.24,2408.84
PED-02089,2025-05-19,Teclado Mecânico,Acessórios,Centro-Oeste,Goiânia,João Ribeiro,Venda Corporativa,Pequena Empresa,1,396.44,0,396.44,214.19,182.25
PED-02090,2026-08-07,Webcam HD,Acessórios,Centro-Oeste,Goiânia,João Ribeiro,Venda Corporativa,Pessoa Física,6,252.34,0.05,1438.34,747.48,690.86
PED-02091,2026-08-06,Dock Station,Acessórios,Centro-Oeste,Brasília,Felipe Martins,Loja Física,Pessoa Física,1,546.54,0.05,519.21,317.43,201.78
PED-02092,2025-01-03,Webcam HD,Acessórios,Sul,Porto Alegre,Bruno Costa,Venda Corporativa,Pessoa Física,1,254.74,0.05,242.0,129.23,112.77
PED-02093,2025-10-25,Notebook Pro 14,Tecnologia,Sudeste,Belo Horizonte,Henrique Dias,E-commerce,Pequena Empresa,1,4977.21,0.2,3981.77,3700.19,281.58
PED-02094,2026-09-26,Mouse Wireless,Acessórios,Nordeste,Salvador,Ana Lima,E-commerce,Pessoa Física,1,179.85,0,179.85,85.93,93.92
PED-02095,2025-03-05,Monitor 24,Tecnologia,Sudeste,Rio de Janeiro,Ana Lima,E-commerce,Pessoa Física,2,909.64,0.15,1546.39,1162.26,384.13
PED-02096,2025-07-23,Dock Station,Acessórios,Sul,Curitiba,Henrique Dias,E-commerce,Pessoa Física,1,570.82,0,570.82,309.77,261.05
PED-02097,2026-04-05,Teclado Mecânico,Acessórios,Sul,Curitiba,Eduarda Rocha,Loja Física,Pessoa Física,3,411.22,0.05,1171.98,667.08,504.9
PED-02098,2025-11-19,Notebook Air 13,Tecnologia,Centro-Oeste,Brasília,Henrique Dias,Loja Física,Pessoa Física,3,3609.74,0,10829.22,7986.81,2842.41
PED-02099,2026-07-25,Mouse Wireless,Acessórios,Sudeste,Rio de Janeiro,Carla Mendes,Venda Corporativa,Pequena Empresa,1,176.04,0,176.04,81.83,94.21
PED-02100,2026-09-12,Notebook Air 13,Tecnologia,Sul,Porto Alegre,Isabela Freitas,E-commerce,Pessoa Física,3,3694.53,0.1,9975.23,8150.07,1825.16
PED-02101,2026-04-08,Teclado Mecânico,Acessórios,Sudeste,Campinas,Felipe Martins,E-commerce,Pequena Empresa,6,400.77,0,2404.62,1306.92,1097.7
PED-02102,2025-02-21,Teclado Mecânico,Acessórios,Sudeste,Rio de Janeiro,Ana Lima,Marketplace,Pessoa Física,1,414.53,0.05,393.8,225.67,168.13
PED-02103,2025-09-12,SSD 1TB,Componentes,Centro-Oeste,Cuiabá,Isabela Freitas,E-commerce,Pessoa Física,2,464.14,0.1,835.45,588.42,247.03
PED-02104,2025-06-14,Memória 16GB,Componentes,Nordeste,Salvador,Isabela Freitas,E-commerce,Média Empresa,2,315.65,0.1,568.17,400.36,167.81
PED-02105,2025-01-22,SSD 500GB,Componentes,Sudeste,São Paulo,Carla Mendes,E-commerce,Pessoa Física,3,298.56,0,895.68,533.88,361.8
PED-02106,2026-03-24,Memória 16GB,Componentes,Sul,Curitiba,Diego Alves,E-commerce,Pessoa Física,1,322.94,0.15,274.5,193.44,81.06
PED-02107,2025-09-27,Notebook Pro 14,Tecnologia,Sul,Florianópolis,Ana Lima,Marketplace,Média Empresa,2,5082.94,0.05,9657.59,7439.34,2218.25
PED-02108,2025-02-13,SSD 1TB,Componentes,Sudeste,São Paulo,João Ribeiro,Marketplace,Pessoa Física,4,465.45,0.1,1675.62,1224.68,450.94
PED-02109,2025-08-16,Notebook Air 13,Tecnologia,Sudeste,Rio de Janeiro,Gabriela Souza,E-commerce,Pessoa Física,2,3632.33,0.05,6901.43,5441.7,1459.73
PED-02110,2026-02-13,Monitor 24,Tecnologia,Sudeste,São Paulo,Bruno Costa,Loja Física,Pessoa Física,1,915.06,0.05,869.31,619.0,250.31
PED-02111,2025-05-31,Notebook Pro 14,Tecnologia,Sudeste,Campinas,Ana Lima,Loja Física,Grande Empresa,1,4916.72,0,4916.72,3755.4,1161.32
PED-02112,2025-02-28,Dock Station,Acessórios,Sul,Florianópolis,Carla Mendes,Venda Corporativa,Média Empresa,1,543.65,0.1,489.28,319.99,169.29
PED-02113,2026-09-25,SSD 1TB,Componentes,Sudeste,Rio de Janeiro,João Ribeiro,E-commerce,Média Empresa,2,458.34,0.05,870.85,608.0,262.85
PED-02114,2025-07-04,Monitor 24,Tecnologia,Sudeste,Campinas,Ana Lima,E-commerce,Grande Empresa,1,918.59,0.05,872.66,590.64,282.02
PED-02115,2025-05-13,Mouse Wireless,Acessórios,Sul,Florianópolis,Henrique Dias,E-commerce,Média Empresa,2,185.26,0,370.52,161.32,209.2
PED-02116,2025-08-31,Notebook Pro 14,Tecnologia,Sudeste,Rio de Janeiro,Gabriela Souza,Marketplace,Pessoa Física,1,4971.87,0.05,4723.28,3742.3,980.98
PED-02117,2026-03-16,Teclado Mecânico,Acessórios,Nordeste,Fortaleza,Isabela Freitas,Loja Física,Pessoa Física,1,390.33,0,390.33,213.18,177.15
PED-02118,2025-08-31,SSD 500GB,Componentes,Sudeste,Belo Horizonte,Carla Mendes,E-commerce,Pessoa Física,1,299.4,0,299.4,183.87,115.53
PED-02119,2026-08-06,Webcam HD,Acessórios,Nordeste,Recife,Diego Alves,Venda Corporativa,Pessoa Física,4,242.26,0.2,775.23,515.92,259.31
PED-02120,2026-07-01,Headset Pro,Acessórios,Sudeste,Campinas,Felipe Martins,Venda Corporativa,Grande Empresa,6,325.07,0.1,1755.38,1025.1,730.28
PED-02121,2026-08-28,Monitor 27,Tecnologia,Sudeste,Belo Horizonte,Isabela Freitas,Venda Corporativa,Pessoa Física,1,1507.94,0,1507.94,968.93,539.01
PED-02122,2025-01-17,SSD 500GB,Componentes,Sul,Florianópolis,Isabela Freitas,Loja Física,Pessoa Física,1,298.26,0,298.26,184.97,113.29
PED-02123,2025-12-05,Headset Pro,Acessórios,Centro-Oeste,Brasília,Carla Mendes,Loja Física,Pequena Empresa,1,330.53,0.05,314.0,171.35,142.65
PED-02124,2026-02-22,Headset Pro,Acessórios,Sudeste,Campinas,Bruno Costa,Marketplace,Média Empresa,1,329.44,0.05,312.97,171.13,141.84
PED-02125,2025-06-07,Headset Pro,Acessórios,Centro-Oeste,Goiânia,Ana Lima,E-commerce,Pessoa Física,10,327.54,0,3275.4,1684.3,1591.1
PED-02126,2025-07-23,SSD 500GB,Componentes,Sudeste,Campinas,Diego Alves,Marketplace,Pequena Empresa,1,282.23,0.05,268.12,179.71,88.41
PED-02127,2025-12-22,Dock Station,Acessórios,Sudeste,São Paulo,Felipe Martins,E-commerce,Pessoa Física,1,545.07,0,545.07,313.4,231.67
PED-02128,2025-09-29,Notebook Pro 14,Tecnologia,Nordeste,Recife,Felipe Martins,E-commerce,Pequena Empresa,1,5066.81,0.15,4306.79,3726.09,580.7
PED-02129,2025-11-23,Memória 16GB,Componentes,Sudeste,São Paulo,Isabela Freitas,Loja Física,Pessoa Física,2,316.14,0.1,569.05,393.58,175.47
PED-02130,2026-08-18,Monitor 24,Tecnologia,Sudeste,Campinas,Bruno Costa,Loja Física,Pessoa Física,1,888.63,0.05,844.2,605.89,238.31
PED-02131,2026-04-17,Headset Pro,Acessórios,Sul,Curitiba,Felipe Martins,Marketplace,Pessoa Física,1,336.31,0,336.31,173.3,163.01
PED-02132,2026-05-01,Memória 16GB,Componentes,Sudeste,Belo Horizonte,Diego Alves,Venda Corporativa,Média Empresa,1,310.0,0,310.0,191.99,118.01
PED-02133,2026-05-16,Monitor 24,Tecnologia,Sudeste,Rio de Janeiro,João Ribeiro,Marketplace,Pessoa Física,3,934.85,0,2804.55,1784.76,1019.79
PED-02134,2025-09-23,Notebook Pro 14,Tecnologia,Sudeste,Rio de Janeiro,Felipe Martins,E-commerce,Pessoa Física,2,5082.67,0.1,9148.81,7346.16,1802.65
PED-02135,2026-08-31,SSD 500GB,Componentes,Sudeste,Rio de Janeiro,Henrique Dias,Loja Física,Pessoa Física,6,294.91,0,1769.46,1111.5,657.96
PED-02136,2025-05-25,Notebook Pro 14,Tecnologia,Sudeste,Rio de Janeiro,Ana Lima,Loja Física,Pessoa Física,10,4963.57,0,49635.7,36352.4,13283.3
PED-02137,2025-06-29,Dock Station,Acessórios,Sudeste,Rio de Janeiro,Diego Alves,Venda Corporativa,Pessoa Física,1,538.27,0.05,511.36,317.0,194.36
PED-02138,2026-05-10,Mouse Wireless,Acessórios,Nordeste,Salvador,Felipe Martins,Marketplace,Pequena Empresa,1,185.09,0.05,175.84,82.9,92.94
PED-02139,2026-03-23,SSD 1TB,Componentes,Nordeste,Fortaleza,Bruno Costa,E-commerce,Grande Empresa,1,471.97,0,471.97,302.28,169.69
PED-02140,2025-09-09,Monitor 24,Tecnologia,Sul,Curitiba,Gabriela Souza,Venda Corporativa,Pequena Empresa,1,900.31,0,900.31,597.48,302.83
PED-02141,2025-07-28,Notebook Air 13,Tecnologia,Sudeste,São Paulo,Gabriela Souza,Loja Física,Pessoa Física,2,3602.62,0.15,6124.45,5390.26,734.19
PED-02142,2026-01-06,Notebook Pro 14,Tecnologia,Sudeste,São Paulo,Felipe Martins,Loja Física,Pessoa Física,2,4968.14,0,9936.28,7197.34,2738.94
PED-02143,2025-02-08,SSD 500GB,Componentes,Sudeste,Belo Horizonte,Ana Lima,E-commerce,Pessoa Física,1,289.12,0.1,260.21,184.18,76.03
PED-02144,2026-01-11,Dock Station,Acessórios,Sudeste,Campinas,Gabriela Souza,E-commerce,Pessoa Física,1,564.44,0.15,479.77,304.1,175.67
PED-02145,2025-02-10,Monitor 24,Tecnologia,Nordeste,Salvador,Isabela Freitas,Marketplace,Pessoa Física,4,897.42,0.1,3230.71,2470.6,760.11
PED-02146,2025-09-26,Headset Pro,Acessórios,Nordeste,Recife,João Ribeiro,Loja Física,Pessoa Física,2,321.54,0.05,610.93,357.32,253.61
PED-02147,2026-08-25,Memória 16GB,Componentes,Nordeste,Fortaleza,Henrique Dias,Marketplace,Média Empresa,3,322.79,0.15,823.11,564.63,258.48
PED-02148,2026-09-06,Memória 16GB,Componentes,Sul,Curitiba,João Ribeiro,Marketplace,Média Empresa,4,315.73,0,1262.92,786.28,476.64
PED-02149,2025-08-01,Monitor 27,Tecnologia,Nordeste,Recife,Eduarda Rocha,E-commerce,Pessoa Física,1,1547.75,0.05,1470.36,967.36,503.0
PED-02150,2025-04-14,Monitor 27,Tecnologia,Nordeste,Fortaleza,Isabela Freitas,Marketplace,Pessoa Física,5,1518.66,0,7593.3,4994.9,2598.4
PED-02151,2025-12-14,Monitor 24,Tecnologia,Sudeste,São Paulo,Bruno Costa,E-commerce,Pessoa Física,3,927.14,0.2,2225.14,1751.64,473.5
PED-02152,2025-07-17,SSD 1TB,Componentes,Centro-Oeste,Cuiabá,Eduarda Rocha,Venda Corporativa,Pessoa Física,4,450.42,0.15,1531.43,1177.16,354.27
PED-02153,2026-04-18,Memória 16GB,Componentes,Sul,Porto Alegre,Bruno Costa,Marketplace,Pequena Empresa,2,312.31,0.15,530.93,386.4,144.53
PED-02154,2026-07-14,SSD 500GB,Componentes,Sul,Porto Alegre,Isabela Freitas,Venda Corporativa,Pessoa Física,2,294.44,0,588.88,373.48,215.4
PED-02155,2025-07-24,Memória 16GB,Componentes,Nordeste,Fortaleza,Felipe Martins,Loja Física,Pessoa Física,8,331.15,0.05,2516.74,1601.04,915.7
PED-02156,2026-02-05,Notebook Pro 14,Tecnologia,Nordeste,Recife,Isabela Freitas,Loja Física,Pessoa Física,1,4884.68,0.1,4396.21,3802.76,593.45
PED-02157,2026-07-09,Monitor 24,Tecnologia,Centro-Oeste,Cuiabá,Henrique Dias,E-commerce,Pessoa Física,1,875.77,0.15,744.4,614.55,129.85
PED-02158,2026-03-04,Notebook Air 13,Tecnologia,Sudeste,Rio de Janeiro,Ana Lima,E-commerce,Pessoa Física,5,3663.45,0.1,16485.53,13664.4,2821.13
PED-02159,2025-10-12,Mouse Wireless,Acessórios,Sul,Florianópolis,Gabriela Souza,E-commerce,Pequena Empresa,1,174.88,0.05,166.14,85.91,80.23
PED-02160,2025-09-18,Webcam HD,Acessórios,Sudeste,São Paulo,Ana Lima,E-commerce,Pessoa Física,1,248.76,0.1,223.88,128.16,95.72
PED-02161,2025-05-16,Teclado Mecânico,Acessórios,Nordeste,Recife,Bruno Costa,Loja Física,Pessoa Física,1,411.94,0,411.94,223.67,188.27
PED-02162,2025-09-24,Notebook Air 13,Tecnologia,Nordeste,Fortaleza,João Ribeiro,Loja Física,Pessoa Física,1,3541.85,0.15,3010.57,2756.21,254.36
PED-02163,2026-07-02,Headset Pro,Acessórios,Sudeste,Rio de Janeiro,Felipe Martins,Marketplace,Média Empresa,3,341.2,0.05,972.42,517.41,455.01
PED-02164,2025-02-16,SSD 1TB,Componentes,Sudeste,Belo Horizonte,Carla Mendes,Venda Corporativa,Pessoa Física,2,470.85,0,941.7,585.92,355.78
PED-02165,2025-02-19,Dock Station,Acessórios,Sul,Florianópolis,Diego Alves,E-commerce,Pequena Empresa,5,540.7,0.1,2433.15,1591.5,841.65
PED-02166,2025-01-13,SSD 1TB,Componentes,Nordeste,Fortaleza,Bruno Costa,Marketplace,Pessoa Física,2,471.62,0.15,801.75,595.86,205.89
PED-02167,2026-05-14,Monitor 27,Tecnologia,Nordeste,Recife,Carla Mendes,Loja Física,Pessoa Física,1,1509.29,0.05,1433.83,980.9,452.93
PED-02168,2025-02-13,Webcam HD,Acessórios,Sudeste,Campinas,Henrique Dias,E-commerce,Pessoa Física,10,250.21,0.05,2376.99,1291.2,1085.79
PED-02169,2025-08-17,SSD 1TB,Componentes,Sudeste,São Paulo,Felipe Martins,Loja Física,Pequena Empresa,2,476.8,0,953.6,572.36,381.24
PED-02170,2026-09-24,Teclado Mecânico,Acessórios,Sudeste,São Paulo,Diego Alves,Venda Corporativa,Pessoa Física,2,390.94,0.2,625.5,437.06,188.44
PED-02171,2026-09-18,Notebook Pro 14,Tecnologia,Sudeste,Belo Horizonte,Carla Mendes,E-commerce,Pessoa Física,3,4913.61,0.1,13266.75,11139.24,2127.51
PED-02172,2026-04-17,Mouse Wireless,Acessórios,Sul,Curitiba,Eduarda Rocha,E-commerce,Média Empresa,3,182.23,0.2,437.35,253.5,183.85
PED-02173,2025-07-26,Notebook Pro 14,Tecnologia,Sul,Florianópolis,Carla Mendes,Marketplace,Pessoa Física,3,4990.82,0.15,12726.59,11348.79,1377.8
PED-02174,2025-10-11,Notebook Air 13,Tecnologia,Sul,Curitiba,Diego Alves,Loja Física,Pessoa Física,8,3676.66,0.05,27942.62,21793.6,6149.02
PED-02175,2026-07-16,Headset Pro,Acessórios,Nordeste,Recife,Carla Mendes,Loja Física,Média Empresa,1,321.4,0.05,305.33,179.34,125.99
PED-02176,2025-07-17,Memória 16GB,Componentes,Sudeste,Campinas,Carla Mendes,Marketplace,Pessoa Física,8,311.36,0.15,2117.25,1507.28,609.97
PED-02177,2026-06-27,Notebook Air 13,Tecnologia,Sudeste,Rio de Janeiro,Eduarda Rocha,Marketplace,Média Empresa,4,3632.9,0.1,13078.44,10937.6,2140.84
PED-02178,2026-07-16,SSD 1TB,Componentes,Nordeste,Recife,Carla Mendes,E-commerce,Pessoa Física,1,449.05,0.1,404.15,298.93,105.22
PED-02179,2026-08-17,Notebook Pro 14,Tecnologia,Centro-Oeste,Brasília,Diego Alves,Loja Física,Média Empresa,1,5025.2,0.1,4522.68,3827.01,695.67
PED-02180,2025-11-20,Teclado Mecânico,Acessórios,Centro-Oeste,Cuiabá,Isabela Freitas,Loja Física,Pessoa Física,3,409.65,0.05,1167.5,676.56,490.94
PED-02181,2026-08-18,Mouse Wireless,Acessórios,Nordeste,Salvador,Henrique Dias,Loja Física,Pessoa Física,1,186.02,0.05,176.72,85.4,91.32
PED-02182,2026-07-12,Dock Station,Acessórios,Sul,Curitiba,Henrique Dias,Marketplace,Pessoa Física,1,544.84,0.05,517.6,316.87,200.73
PED-02183,2026-07-26,SSD 1TB,Componentes,Sudeste,Campinas,Carla Mendes,Loja Física,Pessoa Física,2,459.47,0.05,872.99,580.72,292.27
PED-02184,2025-01-24,Monitor 27,Tecnologia,Centro-Oeste,Cuiabá,Henrique Dias,E-commerce,Pessoa Física,2,1472.96,0.1,2651.33,2049.18,602.15
PED-02185,2026-09-10,Notebook Pro 14,Tecnologia,Sul,Porto Alegre,Bruno Costa,Loja Física,Média Empresa,1,4973.92,0.15,4227.83,3714.98,512.85
PED-02186,2026-02-01,SSD 500GB,Componentes,Nordeste,Salvador,Isabela Freitas,Marketplace,Média Empresa,1,280.47,0.1,252.42,179.45,72.97
PED-02187,2026-09-03,Notebook Pro 14,Tecnologia,Centro-Oeste,Brasília,Henrique Dias,Loja Física,Pessoa Física,4,4801.4,0.05,18245.32,14873.44,3371.88
PED-02188,2025-08-25,Monitor 24,Tecnologia,Sudeste,Campinas,Eduarda Rocha,Loja Física,Pessoa Física,1,874.81,0.1,787.33,598.47,188.86
PED-02189,2026-04-17,Dock Station,Acessórios,Sul,Florianópolis,Diego Alves,Venda Corporativa,Pessoa Física,1,563.29,0.05,535.13,313.4,221.73
PED-02190,2025-04-14,Monitor 27,Tecnologia,Nordeste,Fortaleza,Diego Alves,E-commerce,Pessoa Física,3,1534.58,0.1,4143.37,2971.74,1171.63
PED-02191,2025-02-03,Mouse Wireless,Acessórios,Sudeste,São Paulo,Isabela Freitas,Loja Física,Pequena Empresa,5,177.06,0,885.3,425.4,459.9
PED-02192,2025-09-27,Notebook Pro 14,Tecnologia,Sudeste,Rio de Janeiro,Bruno Costa,Venda Corporativa,Pessoa Física,1,4769.66,0.05,4531.18,3812.0,719.18
PED-02193,2025-04-15,Monitor 27,Tecnologia,Centro-Oeste,Cuiabá,Felipe Martins,Venda Corporativa,Pessoa Física,2,1488.06,0.05,2827.31,2023.7,803.61
PED-02194,2026-07-01,SSD 1TB,Componentes,Sudeste,São Paulo,João Ribeiro,Loja Física,Média Empresa,2,446.95,0.05,849.2,608.4,240.8
PED-02195,2025-08-26,SSD 500GB,Componentes,Centro-Oeste,Cuiabá,Eduarda Rocha,E-commerce,Pessoa Física,1,291.95,0.2,233.56,178.1,55.46
PED-02196,2025-08-26,Headset Pro,Acessórios,Nordeste,Recife,Eduarda Rocha,Marketplace,Pessoa Física,1,326.48,0,326.48,170.2,156.28
PED-02197,2026-05-26,Dock Station,Acessórios,Sul,Curitiba,Felipe Martins,Loja Física,Pessoa Física,2,555.64,0.15,944.59,638.12,306.47
PED-02198,2025-05-31,SSD 500GB,Componentes,Sudeste,São Paulo,Isabela Freitas,E-commerce,Pessoa Física,3,283.1,0.1,764.37,554.34,210.03
PED-02199,2025-12-06,Dock Station,Acessórios,Sudeste,Belo Horizonte,Carla Mendes,Venda Corporativa,Pessoa Física,1,565.37,0,565.37,319.78,245.59
PED-02200,2025-03-12,Dock Station,Acessórios,Sudeste,Belo Horizonte,Isabela Freitas,E-commerce,Pessoa Física,2,567.52,0.15,964.78,620.62,344.16
PED-02201,2026-01-29,Webcam HD,Acessórios,Nordeste,Recife,Carla Mendes,Marketplace,Pessoa Física,3,246.47,0,739.41,372.63,366.78
PED-02202,2026-05-14,Teclado Mecânico,Acessórios,Nordeste,Fortaleza,Bruno Costa,Loja Física,Pessoa Física,1,412.1,0.15,350.29,211.86,138.43
PED-02203,2025-04-07,Headset Pro,Acessórios,Sul,Curitiba,Eduarda Rocha,Venda Corporativa,Pessoa Física,4,325.43,0,1301.72,693.28,608.44
PED-02204,2025-03-01,Memória 16GB,Componentes,Sul,Florianópolis,Diego Alves,Marketplace,Média Empresa,1,312.3,0.1,281.07,198.01,83.06
PED-02205,2025-05-09,Dock Station,Acessórios,Sudeste,Rio de Janeiro,Diego Alves,Marketplace,Pessoa Física,1,556.91,0.2,445.53,324.83,120.7
PED-02206,2025-01-31,SSD 1TB,Componentes,Nordeste,Fortaleza,Gabriela Souza,Marketplace,Pessoa Física,2,457.35,0,914.7,591.12,323.58
PED-02207,2026-09-07,Memória 16GB,Componentes,Sudeste,Campinas,Gabriela Souza,Loja Física,Pessoa Física,1,318.23,0,318.23,190.4,127.83
PED-02208,2025-06-28,Notebook Pro 14,Tecnologia,Sudeste,Rio de Janeiro,Carla Mendes,Marketplace,Grande Empresa,1,4765.62,0.05,4527.34,3806.86,720.48
PED-02209,2025-08-02,Memória 16GB,Componentes,Sudeste,Campinas,Isabela Freitas,E-commerce,Pessoa Física,1,311.52,0.1,280.37,198.73,81.64
PED-02210,2026-09-22,Notebook Air 13,Tecnologia,Sudeste,Belo Horizonte,Eduarda Rocha,Marketplace,Pessoa Física,1,3544.26,0.05,3367.05,2803.17,563.88
PED-02211,2025-12-25,Notebook Air 13,Tecnologia,Sudeste,Campinas,Felipe Martins,Loja Física,Pessoa Física,5,3504.27,0,17521.35,13800.3,3721.05
PED-02212,2025-09-10,Webcam HD,Acessórios,Nordeste,Recife,Diego Alves,E-commerce,Pequena Empresa,3,252.73,0.1,682.37,394.08,288.29
PED-02213,2025-12-09,Mouse Wireless,Acessórios,Sul,Curitiba,Carla Mendes,Loja Física,Pessoa Física,5,174.79,0,873.95,419.25,454.7
PED-02214,2025-01-27,Monitor 24,Tecnologia,Centro-Oeste,Cuiabá,Felipe Martins,E-commerce,Pessoa Física,4,917.88,0,3671.52,2474.48,1197.04
PED-02215,2025-10-05,Teclado Mecânico,Acessórios,Centro-Oeste,Goiânia,Isabela Freitas,E-commerce,Pessoa Física,2,403.02,0.05,765.74,430.46,335.28
PED-02216,2025-09-04,Monitor 24,Tecnologia,Sudeste,Belo Horizonte,Eduarda Rocha,E-commerce,Pequena Empresa,1,890.43,0.1,801.39,612.46,188.93
PED-02217,2025-06-02,Mouse Wireless,Acessórios,Sudeste,Belo Horizonte,João Ribeiro,Loja Física,Pessoa Física,2,174.43,0,348.86,170.76,178.1
PED-02218,2025-01-09,Teclado Mecânico,Acessórios,Sudeste,Belo Horizonte,Eduarda Rocha,E-commerce,Pessoa Física,2,392.46,0,784.92,442.42,342.5
PED-02219,2026-01-18,Dock Station,Acessórios,Sudeste,São Paulo,Isabela Freitas,Loja Física,Pessoa Física,1,545.0,0.05,517.75,324.16,193.59
PED-02220,2025-09-14,Monitor 24,Tecnologia,Sudeste,Campinas,Carla Mendes,Loja Física,Grande Empresa,1,876.91,0.1,789.22,597.04,192.18
PED-02221,2025-02-16,SSD 1TB,Componentes,Sul,Florianópolis,Isabela Freitas,E-commerce,Pessoa Física,1,446.93,0.05,424.58,299.29,125.29
PED-02222,2025-01-03,Monitor 27,Tecnologia,Centro-Oeste,Cuiabá,Diego Alves,E-commerce,Média Empresa,1,1472.83,0.15,1251.91,1011.37,240.54
PED-02223,2025-01-13,Headset Pro,Acessórios,Sudeste,Rio de Janeiro,Diego Alves,E-commerce,Grande Empresa,2,334.03,0,668.06,357.72,310.34
PED-02224,2025-01-20,SSD 500GB,Componentes,Sudeste,Rio de Janeiro,Carla Mendes,E-commerce,Pessoa Física,1,288.5,0,288.5,180.43,108.07
PED-02225,2025-04-16,Mouse Wireless,Acessórios,Sudeste,Belo Horizonte,João Ribeiro,Loja Física,Pessoa Física,10,184.82,0.05,1755.79,815.4,940.39
PED-02226,2026-06-16,Monitor 27,Tecnologia,Sudeste,Rio de Janeiro,Eduarda Rocha,E-commerce,Grande Empresa,1,1467.72,0.2,1174.18,1006.01,168.17
PED-02227,2025-02-18,Mouse Wireless,Acessórios,Sudeste,São Paulo,Bruno Costa,Venda Corporativa,Pequena Empresa,3,175.06,0.15,446.4,244.65,201.75
PED-02228,2026-07-02,Teclado Mecânico,Acessórios,Sudeste,São Paulo,Diego Alves,E-commerce,Pessoa Física,1,414.2,0,414.2,222.69,191.51
PED-02229,2025-06-12,Monitor 24,Tecnologia,Nordeste,Recife,Felipe Martins,Marketplace,Pessoa Física,1,891.18,0,891.18,598.87,292.31
PED-02230,2025-11-02,Teclado Mecânico,Acessórios,Sul,Porto Alegre,Ana Lima,E-commerce,Pequena Empresa,2,391.89,0,783.78,423.04,360.74
PED-02231,2026-08-21,Mouse Wireless,Acessórios,Sudeste,Campinas,Henrique Dias,Loja Física,Média Empresa,1,180.52,0.1,162.47,83.95,78.52
PED-02232,2025-07-01,SSD 1TB,Componentes,Sudeste,Rio de Janeiro,Felipe Martins,Loja Física,Pequena Empresa,1,457.56,0,457.56,305.78,151.78
PED-02233,2026-01-15,Mouse Wireless,Acessórios,Sul,Curitiba,Eduarda Rocha,Loja Física,Média Empresa,8,176.72,0,1413.76,672.24,741.52
PED-02234,2025-03-04,SSD 1TB,Componentes,Centro-Oeste,Goiânia,Eduarda Rocha,E-commerce,Pessoa Física,10,458.22,0,4582.2,2980.5,1601.7
PED-02235,2026-01-15,Monitor 27,Tecnologia,Sudeste,Campinas,Eduarda Rocha,Venda Corporativa,Pessoa Física,3,1489.5,0.1,4021.65,2996.7,1024.95
PED-02236,2026-02-22,Monitor 27,Tecnologia,Nordeste,Fortaleza,Isabela Freitas,Venda Corporativa,Pequena Empresa,1,1549.6,0,1549.6,1012.19,537.41
PED-02237,2026-02-02,Webcam HD,Acessórios,Centro-Oeste,Brasília,Eduarda Rocha,E-commerce,Pessoa Física,1,252.77,0.05,240.13,131.72,108.41
PED-02238,2025-07-21,Memória 16GB,Componentes,Sul,Curitiba,Felipe Martins,E-commerce,Grande Empresa,1,320.6,0.05,304.57,192.92,111.65
PED-02239,2026-08-15,Notebook Pro 14,Tecnologia,Sudeste,São Paulo,Gabriela Souza,Marketplace,Pessoa Física,2,4833.09,0.05,9182.87,7464.9,1717.97
PED-02240,2026-07-14,SSD 500GB,Componentes,Sudeste,São Paulo,Felipe Martins,Venda Corporativa,Pequena Empresa,2,298.48,0,596.96,361.72,235.24
PED-02241,2025-07-21,Memória 16GB,Componentes,Sudeste,São Paulo,Diego Alves,E-commerce,Média Empresa,2,319.96,0,639.92,378.8,261.12
PED-02242,2025-01-05,Notebook Air 13,Tecnologia,Sudeste,Campinas,Henrique Dias,Venda Corporativa,Média Empresa,1,3588.43,0.15,3050.17,2707.99,342.18
PED-02243,2025-08-01,Notebook Air 13,Tecnologia,Sudeste,São Paulo,Eduarda Rocha,E-commerce,Pessoa Física,3,3602.39,0.1,9726.45,8072.07,1654.38
PED-02244,2025-10-12,Monitor 27,Tecnologia,Nordeste,Fortaleza,Carla Mendes,E-commerce,Pequena Empresa,1,1550.27,0.05,1472.76,973.52,499.24
PED-02245,2025-04-22,Webcam HD,Acessórios,Sudeste,Belo Horizonte,Ana Lima,E-commerce,Média Empresa,1,242.92,0.15,206.48,129.37,77.11
PED-02246,2025-07-05,SSD 500GB,Componentes,Sudeste,Campinas,Eduarda Rocha,Loja Física,Pessoa Física,2,280.85,0.2,449.36,365.88,83.48
PED-02247,2026-07-18,Monitor 24,Tecnologia,Sudeste,Rio de Janeiro,João Ribeiro,E-commerce,Pessoa Física,2,921.45,0,1842.9,1203.58,639.32
PED-02248,2025-04-27,Headset Pro,Acessórios,Nordeste,Salvador,João Ribeiro,Loja Física,Pequena Empresa,1,323.61,0.1,291.25,170.35,120.9
PED-02249,2025-10-06,Monitor 24,Tecnologia,Sudeste,Campinas,Henrique Dias,Marketplace,Pessoa Física,3,878.35,0.05,2503.3,1740.24,763.06
PED-02250,2026-07-31,Dock Station,Acessórios,Nordeste,Recife,Bruno Costa,Marketplace,Grande Empresa,5,540.85,0.05,2569.04,1527.0,1042.04
PED-02251,2025-09-15,Dock Station,Acessórios,Sudeste,Campinas,Ana Lima,Venda Corporativa,Pessoa Física,3,535.72,0.1,1446.44,913.02,533.42
PED-02252,2025-11-16,SSD 500GB,Componentes,Centro-Oeste,Brasília,Ana Lima,E-commerce,Pessoa Física,5,299.06,0.15,1271.0,897.4,373.6
PED-02253,2026-07-12,Notebook Pro 14,Tecnologia,Nordeste,Salvador,João Ribeiro,Loja Física,Pessoa Física,1,5015.99,0.2,4012.79,3642.87,369.92
PED-02254,2025-12-04,Teclado Mecânico,Acessórios,Sul,Curitiba,Ana Lima,E-commerce,Pessoa Física,2,402.82,0.1,725.08,441.6,283.48
PED-02255,2026-05-13,SSD 1TB,Componentes,Sudeste,Campinas,Ana Lima,E-commerce,Pequena Empresa,1,448.01,0.1,403.21,296.29,106.92
PED-02256,2025-07-28,Monitor 27,Tecnologia,Nordeste,Salvador,João Ribeiro,Marketplace,Média Empresa,4,1485.87,0.2,4754.78,3968.92,785.86
PED-02257,2025-01-05,Monitor 27,Tecnologia,Centro-Oeste,Cuiabá,Isabela Freitas,Marketplace,Pessoa Física,1,1510.02,0,1510.02,1018.78,491.24
PED-02258,2025-11-03,Mouse Wireless,Acessórios,Sudeste,Campinas,Bruno Costa,Marketplace,Pequena Empresa,8,180.02,0.05,1368.15,665.44,702.71
PED-02259,2025-10-29,Headset Pro,Acessórios,Sudeste,São Paulo,Diego Alves,Loja Física,Grande Empresa,1,326.08,0.1,293.47,179.2,114.27
PED-02260,2026-01-24,Notebook Air 13,Tecnologia,Nordeste,Recife,Carla Mendes,E-commerce,Pessoa Física,1,3510.21,0.15,2983.68,2700.85,282.83
PED-02261,2025-12-10,Monitor 24,Tecnologia,Sudeste,Campinas,João Ribeiro,Marketplace,Grande Empresa,1,906.51,0,906.51,611.82,294.69
PED-02262,2025-12-12,Monitor 27,Tecnologia,Centro-Oeste,Brasília,Henrique Dias,Marketplace,Média Empresa,1,1483.72,0.1,1335.35,1009.84,325.51
PED-02263,2025-03-08,Memória 16GB,Componentes,Sudeste,Belo Horizonte,Isabela Freitas,Loja Física,Média Empresa,2,320.74,0.05,609.41,400.62,208.79
PED-02264,2026-09-05,Monitor 24,Tecnologia,Centro-Oeste,Brasília,Felipe Martins,E-commerce,Grande Empresa,3,900.44,0,2701.32,1850.94,850.38
PED-02265,2026-02-16,Monitor 24,Tecnologia,Sudeste,Belo Horizonte,Carla Mendes,Venda Corporativa,Pessoa Física,3,881.85,0,2645.55,1784.67,860.88
PED-02266,2026-01-06,Headset Pro,Acessórios,Sudeste,Belo Horizonte,Gabriela Souza,Venda Corporativa,Pessoa Física,3,338.91,0,1016.73,526.23,490.5
PED-02267,2025-10-09,Notebook Air 13,Tecnologia,Nordeste,Salvador,Gabriela Souza,Loja Física,Grande Empresa,2,3501.24,0,7002.48,5577.34,1425.14
PED-02268,2026-04-01,Notebook Air 13,Tecnologia,Centro-Oeste,Brasília,Gabriela Souza,Loja Física,Pequena Empresa,3,3693.63,0.2,8864.71,8024.49,840.22
PED-02269,2025-05-19,Dock Station,Acessórios,Sudeste,Campinas,Gabriela Souza,E-commerce,Pessoa Física,1,563.0,0,563.0,307.3,255.7
PED-02270,2025-08-23,Monitor 27,Tecnologia,Sul,Curitiba,Carla Mendes,Loja Física,Pessoa Física,2,1544.93,0.05,2935.37,1992.96,942.41
PED-02271,2026-01-02,SSD 1TB,Componentes,Sul,Porto Alegre,Ana Lima,E-commerce,Pessoa Física,3,459.76,0.05,1310.32,907.68,402.64
PED-02272,2025-08-22,Mouse Wireless,Acessórios,Centro-Oeste,Brasília,Bruno Costa,Venda Corporativa,Pessoa Física,1,183.33,0.15,155.83,81.47,74.36
PED-02273,2026-03-30,Monitor 27,Tecnologia,Sudeste,Rio de Janeiro,Ana Lima,Marketplace,Pessoa Física,1,1523.8,0.1,1371.42,1026.02,345.4
PED-02274,2026-07-24,Notebook Pro 14,Tecnologia,Sul,Porto Alegre,Isabela Freitas,E-commerce,Pessoa Física,2,4760.17,0.15,8092.29,7307.36,784.93
PED-02275,2026-09-29,Teclado Mecânico,Acessórios,Centro-Oeste,Cuiabá,Felipe Martins,E-commerce,Pessoa Física,1,409.0,0.1,368.1,218.38,149.72
PED-02276,2025-04-08,SSD 500GB,Componentes,Sudeste,Campinas,Isabela Freitas,Loja Física,Pessoa Física,3,291.47,0.05,830.69,529.86,300.83
PED-02277,2026-06-07,SSD 500GB,Componentes,Sul,Florianópolis,Diego Alves,E-commerce,Pessoa Física,1,291.64,0.2,233.31,183.29,50.02
PED-02278,2025-01-26,SSD 500GB,Componentes,Centro-Oeste,Goiânia,Isabela Freitas,Loja Física,Pessoa Física,1,293.7,0,293.7,183.48,110.22
PED-02279,2026-04-01,Teclado Mecânico,Acessórios,Centro-Oeste,Brasília,Gabriela Souza,Loja Física,Pessoa Física,4,413.78,0.05,1572.36,897.88,674.48
PED-02280,2026-01-17,SSD 1TB,Componentes,Sul,Florianópolis,Ana Lima,Loja Física,Pessoa Física,2,472.03,0.1,849.65,596.96,252.69
PED-02281,2026-03-17,SSD 1TB,Componentes,Sul,Florianópolis,Eduarda Rocha,E-commerce,Pessoa Física,2,445.7,0.05,846.83,575.04,271.79
PED-02282,2025-02-19,Headset Pro,Acessórios,Sudeste,Campinas,Diego Alves,E-commerce,Pequena Empresa,1,321.04,0.15,272.88,171.39,101.49
PED-02283,2026-03-31,Headset Pro,Acessórios,Sudeste,Rio de Janeiro,Gabriela Souza,Marketplace,Pessoa Física,2,322.35,0.05,612.47,340.42,272.05
PED-02284,2025-01-21,Dock Station,Acessórios,Sudeste,Campinas,Gabriela Souza,Loja Física,Pessoa Física,2,542.88,0.05,1031.47,627.56,403.91
PED-02285,2026-05-26,Monitor 27,Tecnologia,Sudeste,São Paulo,Isabela Freitas,E-commerce,Pessoa Física,3,1472.3,0.15,3754.36,2943.24,811.12
PED-02286,2025-01-05,Notebook Pro 14,Tecnologia,Sudeste,Campinas,Carla Mendes,E-commerce,Pequena Empresa,1,4888.63,0.15,4155.34,3604.6,550.74
PED-02287,2026-07-02,Mouse Wireless,Acessórios,Sudeste,Belo Horizonte,João Ribeiro,Venda Corporativa,Pessoa Física,4,178.38,0.05,677.84,325.16,352.68
PED-02288,2025-06-18,Mouse Wireless,Acessórios,Sudeste,Rio de Janeiro,Diego Alves,E-commerce,Pessoa Física,4,177.28,0.1,638.21,325.6,312.61
PED-02289,2025-08-16,Notebook Air 13,Tecnologia,Sudeste,Rio de Janeiro,Isabela Freitas,E-commerce,Pessoa Física,1,3643.47,0.1,3279.12,2730.22,548.9
PED-02290,2026-09-25,SSD 1TB,Componentes,Sudeste,Rio de Janeiro,Bruno Costa,Loja Física,Grande Empresa,2,446.08,0.1,802.94,575.88,227.06
PED-02291,2026-04-21,Dock Station,Acessórios,Centro-Oeste,Brasília,Bruno Costa,E-commerce,Pessoa Física,1,555.75,0.05,527.96,314.1,213.86
PED-02292,2025-01-06,Headset Pro,Acessórios,Sudeste,Rio de Janeiro,Felipe Martins,Marketplace,Grande Empresa,1,322.74,0,322.74,168.12,154.62
PED-02293,2026-06-29,Mouse Wireless,Acessórios,Sudeste,Rio de Janeiro,Ana Lima,Loja Física,Pequena Empresa,1,181.69,0.05,172.61,81.57,91.04
PED-02294,2026-09-26,Monitor 24,Tecnologia,Sul,Porto Alegre,Bruno Costa,Loja Física,Pessoa Física,3,908.64,0,2725.92,1776.93,948.99
PED-02295,2025-04-12,Headset Pro,Acessórios,Sudeste,Belo Horizonte,Gabriela Souza,Marketplace,Pequena Empresa,3,336.17,0,1008.51,515.46,493.05
PED-02296,2026-09-07,Teclado Mecânico,Acessórios,Sudeste,Campinas,João Ribeiro,Venda Corporativa,Média Empresa,1,409.2,0,409.2,215.88,193.32
PED-02297,2025-08-11,Monitor 27,Tecnologia,Nordeste,Salvador,Gabriela Souza,Marketplace,Pessoa Física,6,1461.95,0.05,8333.11,5898.84,2434.27
PED-02298,2025-10-24,Webcam HD,Acessórios,Nordeste,Salvador,Henrique Dias,E-commerce,Pequena Empresa,2,247.68,0.15,421.06,258.92,162.14
PED-02299,2025-04-17,Notebook Air 13,Tecnologia,Sul,Porto Alegre,Gabriela Souza,Venda Corporativa,Pequena Empresa,1,3657.01,0,3657.01,2778.75,878.26
PED-02300,2026-03-05,Notebook Air 13,Tecnologia,Sudeste,Rio de Janeiro,Isabela Freitas,E-commerce,Pequena Empresa,1,3593.51,0.05,3413.83,2669.87,743.96
PED-02301,2025-03-03,Monitor 27,Tecnologia,Sudeste,São Paulo,Bruno Costa,E-commerce,Pequena Empresa,3,1494.57,0.05,4259.52,3051.18,1208.34
PED-02302,2026-03-14,Monitor 24,Tecnologia,Sudeste,Rio de Janeiro,Carla Mendes,E-commerce,Pessoa Física,2,876.54,0.05,1665.43,1167.8,497.63
PED-02303,2026-06-14,Memória 16GB,Componentes,Sudeste,Belo Horizonte,Gabriela Souza,E-commerce,Pessoa Física,1,322.97,0.15,274.52,189.75,84.77
PED-02304,2025-02-11,Notebook Pro 14,Tecnologia,Centro-Oeste,Brasília,Henrique Dias,Marketplace,Pequena Empresa,1,4945.65,0.1,4451.09,3755.06,696.03
PED-02305,2025-09-07,Memória 16GB,Componentes,Nordeste,Salvador,Carla Mendes,E-commerce,Pessoa Física,3,317.92,0.05,906.07,586.11,319.96
PED-02306,2025-05-10,Webcam HD,Acessórios,Nordeste,Fortaleza,Eduarda Rocha,E-commerce,Pequena Empresa,1,248.72,0.1,223.85,128.51,95.34
PED-02307,2025-12-16,Monitor 24,Tecnologia,Centro-Oeste,Brasília,Ana Lima,E-commerce,Pequena Empresa,3,896.44,0,2689.32,1778.34,910.98
PED-02308,2026-03-15,Headset Pro,Acessórios,Sudeste,Campinas,Henrique Dias,Venda Corporativa,Média Empresa,5,337.68,0,1688.4,867.1,821.3
PED-02309,2025-10-14,Mouse Wireless,Acessórios,Centro-Oeste,Brasília,Diego Alves,Loja Física,Média Empresa,3,183.04,0,549.12,251.64,297.48
PED-02310,2026-02-25,Teclado Mecânico,Acessórios,Sul,Florianópolis,Eduarda Rocha,Loja Física,Pessoa Física,1,395.07,0.1,355.56,216.23,139.33
PED-02311,2025-05-04,Notebook Pro 14,Tecnologia,Sudeste,Rio de Janeiro,Felipe Martins,E-commerce,Pessoa Física,1,4864.17,0.05,4620.96,3713.39,907.57
PED-02312,2025-12-08,Notebook Air 13,Tecnologia,Sudeste,São Paulo,Gabriela Souza,Marketplace,Pequena Empresa,5,3536.21,0.1,15912.94,14175.0,1737.94
PED-02313,2025-11-24,Memória 16GB,Componentes,Sudeste,Campinas,João Ribeiro,Marketplace,Pessoa Física,5,311.06,0.15,1322.0,974.35,347.65
PED-02314,2025-11-05,Headset Pro,Acessórios,Centro-Oeste,Cuiabá,Felipe Martins,Venda Corporativa,Pessoa Física,4,330.49,0,1321.96,696.64,625.32
PED-02315,2025-01-07,Teclado Mecânico,Acessórios,Centro-Oeste,Goiânia,João Ribeiro,Loja Física,Média Empresa,1,395.17,0.15,335.89,220.56,115.33
PED-02316,2026-04-15,Notebook Pro 14,Tecnologia,Sudeste,Rio de Janeiro,Bruno Costa,E-commerce,Pessoa Física,4,5076.96,0.15,17261.66,15099.2,2162.46
PED-02317,2025-07-17,Webcam HD,Acessórios,Sul,Curitiba,Ana Lima,Venda Corporativa,Pequena Empresa,1,257.61,0,257.61,127.79,129.82
PED-02318,2026-04-01,Notebook Pro 14,Tecnologia,Sudeste,Campinas,Diego Alves,Marketplace,Média Empresa,4,4898.23,0.1,17633.63,14312.44,3321.19
PED-02319,2025-03-10,Monitor 27,Tecnologia,Centro-Oeste,Brasília,Ana Lima,Marketplace,Média Empresa,5,1508.38,0.1,6787.71,4974.65,1813.06
PED-02320,2025-10-02,Monitor 27,Tecnologia,Sudeste,Belo Horizonte,Isabela Freitas,E-commerce,Grande Empresa,1,1524.93,0.15,1296.19,986.54,309.65
PED-02321,2026-06-06,Monitor 27,Tecnologia,Centro-Oeste,Cuiabá,Isabela Freitas,Loja Física,Pessoa Física,3,1475.73,0,4427.19,2883.0,1544.19
PED-02322,2025-12-10,SSD 500GB,Componentes,Sul,Florianópolis,Eduarda Rocha,Venda Corporativa,Média Empresa,2,300.26,0,600.52,371.74,228.78
PED-02323,2025-10-14,SSD 1TB,Componentes,Nordeste,Salvador,Bruno Costa,Venda Corporativa,Pessoa Física,2,448.24,0.1,806.83,595.38,211.45
PED-02324,2025-08-09,Mouse Wireless,Acessórios,Sudeste,São Paulo,Bruno Costa,E-commerce,Pessoa Física,2,183.49,0.05,348.63,166.82,181.81
PED-02325,2025-03-03,Dock Station,Acessórios,Centro-Oeste,Brasília,Isabela Freitas,Marketplace,Pessoa Física,3,543.51,0.1,1467.48,952.95,514.53
PED-02326,2025-03-04,Teclado Mecânico,Acessórios,Sudeste,Rio de Janeiro,Bruno Costa,E-commerce,Pessoa Física,2,393.0,0,786.0,431.34,354.66
PED-02327,2026-06-19,SSD 500GB,Componentes,Sul,Porto Alegre,Isabela Freitas,Loja Física,Pessoa Física,2,281.34,0,562.68,349.92,212.76
PED-02328,2025-01-13,Notebook Air 13,Tecnologia,Centro-Oeste,Cuiabá,Felipe Martins,E-commerce,Pessoa Física,2,3629.32,0.1,6532.78,5325.3,1207.48
PED-02329,2026-09-15,Notebook Pro 14,Tecnologia,Sudeste,Campinas,Bruno Costa,Loja Física,Pequena Empresa,3,4822.06,0.1,13019.56,11268.87,1750.69
PED-02330,2026-03-23,Notebook Air 13,Tecnologia,Sudeste,Campinas,Gabriela Souza,Venda Corporativa,Pessoa Física,2,3634.95,0,7269.9,5625.22,1644.68
PED-02331,2026-01-30,Webcam HD,Acessórios,Sudeste,Rio de Janeiro,Diego Alves,E-commerce,Pessoa Física,5,256.6,0.1,1154.7,632.1,522.6
PED-02332,2026-07-04,Monitor 24,Tecnologia,Sudeste,Belo Horizonte,Felipe Martins,Loja Física,Pessoa Física,1,916.43,0,916.43,600.73,315.7
PED-02333,2025-09-10,Mouse Wireless,Acessórios,Centro-Oeste,Brasília,João Ribeiro,Marketplace,Pequena Empresa,2,178.49,0,356.98,168.3,188.68
PED-02334,2025-04-07,Webcam HD,Acessórios,Centro-Oeste,Cuiabá,Henrique Dias,E-commerce,Pessoa Física,3,246.2,0.05,701.67,381.69,319.98
PED-02335,2026-07-16,Webcam HD,Acessórios,Sul,Curitiba,Ana Lima,Marketplace,Pequena Empresa,1,247.47,0.1,222.72,124.87,97.85
PED-02336,2026-04-19,Monitor 27,Tecnologia,Sudeste,Campinas,Gabriela Souza,Loja Física,Média Empresa,1,1520.97,0,1520.97,1016.04,504.93
PED-02337,2025-03-04,Monitor 27,Tecnologia,Sudeste,Belo Horizonte,Eduarda Rocha,Loja Física,Grande Empresa,1,1539.88,0.05,1462.89,1024.98,437.91
PED-02338,2025-01-08,Dock Station,Acessórios,Centro-Oeste,Goiânia,Carla Mendes,Venda Corporativa,Média Empresa,3,541.13,0.1,1461.05,967.71,493.34
PED-02339,2025-06-20,Webcam HD,Acessórios,Nordeste,Recife,Henrique Dias,Venda Corporativa,Grande Empresa,1,250.27,0.15,212.73,124.72,88.01
PED-02340,2025-05-12,Memória 16GB,Componentes,Nordeste,Fortaleza,Isabela Freitas,Venda Corporativa,Pessoa Física,4,319.31,0,1277.24,753.16,524.08
PED-02341,2025-03-16,Notebook Pro 14,Tecnologia,Nordeste,Fortaleza,Eduarda Rocha,E-commerce,Pessoa Física,1,4984.47,0,4984.47,3590.24,1394.23
PED-02342,2026-05-11,Memória 16GB,Componentes,Sul,Porto Alegre,Bruno Costa,Marketplace,Média Empresa,4,330.3,0.15,1123.02,784.96,338.06
PED-02343,2026-08-20,SSD 500GB,Componentes,Sudeste,Campinas,Felipe Martins,Marketplace,Pessoa Física,4,289.54,0.05,1100.25,712.52,387.73
PED-02344,2026-09-14,SSD 1TB,Componentes,Nordeste,Recife,Isabela Freitas,Venda Corporativa,Pessoa Física,4,464.99,0,1859.96,1174.6,685.36
PED-02345,2025-06-15,Teclado Mecânico,Acessórios,Centro-Oeste,Cuiabá,Gabriela Souza,Marketplace,Pessoa Física,4,413.76,0.05,1572.29,853.76,718.53
PED-02346,2025-04-01,SSD 1TB,Componentes,Sudeste,Belo Horizonte,Diego Alves,Venda Corporativa,Pequena Empresa,2,454.37,0,908.74,599.78,308.96
PED-02347,2026-03-08,Notebook Pro 14,Tecnologia,Nordeste,Recife,Henrique Dias,Marketplace,Pequena Empresa,1,4764.77,0.15,4050.05,3756.39,293.66
PED-02348,2025-02-14,Notebook Air 13,Tecnologia,Sudeste,Rio de Janeiro,Gabriela Souza,E-commerce,Pessoa Física,1,3635.09,0,3635.09,2695.43,939.66
PED-02349,2025-09-25,Webcam HD,Acessórios,Centro-Oeste,Cuiabá,Henrique Dias,Venda Corporativa,Média Empresa,1,250.38,0,250.38,129.78,120.6
PED-02350,2026-01-02,Webcam HD,Acessórios,Centro-Oeste,Cuiabá,Carla Mendes,E-commerce,Pessoa Física,2,245.92,0,491.84,251.24,240.6
PED-02351,2026-06-02,Headset Pro,Acessórios,Centro-Oeste,Goiânia,Eduarda Rocha,Marketplace,Pessoa Física,1,321.24,0.15,273.05,179.49,93.56
PED-02352,2026-05-22,Memória 16GB,Componentes,Sudeste,Campinas,Gabriela Souza,E-commerce,Pequena Empresa,1,316.87,0.05,301.03,198.66,102.37
PED-02353,2026-08-30,Monitor 27,Tecnologia,Centro-Oeste,Goiânia,Carla Mendes,E-commerce,Pessoa Física,1,1524.89,0.15,1296.16,970.09,326.07
PED-02354,2026-07-14,Headset Pro,Acessórios,Sul,Curitiba,Eduarda Rocha,Marketplace,Pessoa Física,1,319.68,0,319.68,176.75,142.93
PED-02355,2025-10-14,Monitor 24,Tecnologia,Nordeste,Recife,Bruno Costa,Loja Física,Pequena Empresa,3,915.83,0.15,2335.37,1759.14,576.23
PED-02356,2025-08-29,Mouse Wireless,Acessórios,Centro-Oeste,Cuiabá,Diego Alves,E-commerce,Pequena Empresa,4,173.79,0,695.16,342.28,352.88
PED-02357,2025-02-28,Memória 16GB,Componentes,Sudeste,São Paulo,Isabela Freitas,Marketplace,Pequena Empresa,1,311.97,0.05,296.37,187.23,109.14
PED-02358,2025-11-14,Dock Station,Acessórios,Centro-Oeste,Brasília,Isabela Freitas,Loja Física,Grande Empresa,1,535.01,0.2,428.01,315.6,112.41
PED-02359,2026-09-07,Monitor 27,Tecnologia,Sul,Curitiba,João Ribeiro,Marketplace,Pessoa Física,1,1500.56,0,1500.56,989.53,511.03
PED-02360,2025-09-06,Headset Pro,Acessórios,Sudeste,São Paulo,Isabela Freitas,Marketplace,Pessoa Física,10,329.01,0.1,2961.09,1683.8,1277.29
PED-02361,2026-08-09,Teclado Mecânico,Acessórios,Nordeste,Fortaleza,Eduarda Rocha,Marketplace,Média Empresa,5,393.18,0.15,1671.02,1128.25,542.77
PED-02362,2025-04-01,Notebook Pro 14,Tecnologia,Centro-Oeste,Cuiabá,Isabela Freitas,Venda Corporativa,Pequena Empresa,3,4962.2,0,14886.6,11112.09,3774.51
PED-02363,2025-07-27,SSD 1TB,Componentes,Sudeste,Belo Horizonte,Carla Mendes,E-commerce,Pequena Empresa,1,466.67,0,466.67,298.55,168.12
PED-02364,2026-05-01,Headset Pro,Acessórios,Nordeste,Recife,Ana Lima,Marketplace,Pessoa Física,4,335.02,0.05,1273.08,675.04,598.04
PED-02365,2026-05-23,Webcam HD,Acessórios,Sudeste,Rio de Janeiro,Isabela Freitas,Loja Física,Grande Empresa,2,251.02,0,502.04,262.94,239.1
PED-02366,2026-01-02,Notebook Pro 14,Tecnologia,Sudeste,Campinas,Carla Mendes,Loja Física,Pessoa Física,2,4900.26,0,9800.52,7380.8,2419.72
PED-02367,2026-06-12,Notebook Pro 14,Tecnologia,Sul,Florianópolis,Diego Alves,Loja Física,Pessoa Física,6,4863.44,0.2,23344.51,21749.1,1595.41
PED-02368,2026-09-09,SSD 500GB,Componentes,Centro-Oeste,Cuiabá,João Ribeiro,E-commerce,Pessoa Física,2,291.77,0.1,525.19,351.52,173.67
PED-02369,2025-11-28,Mouse Wireless,Acessórios,Sul,Porto Alegre,Henrique Dias,E-commerce,Pessoa Física,2,177.34,0.05,336.95,167.02,169.93
PED-02370,2025-07-12,Dock Station,Acessórios,Sudeste,São Paulo,Felipe Martins,E-commerce,Pessoa Física,3,537.33,0.15,1370.19,940.11,430.08
PED-02371,2026-02-01,Mouse Wireless,Acessórios,Sul,Florianópolis,Diego Alves,Loja Física,Grande Empresa,1,184.44,0.2,147.55,85.34,62.21
PED-02372,2025-12-26,Notebook Air 13,Tecnologia,Sul,Porto Alegre,Bruno Costa,Loja Física,Média Empresa,1,3505.16,0.05,3329.9,2779.39,550.51
PED-02373,2025-02-14,Notebook Pro 14,Tecnologia,Nordeste,Salvador,Eduarda Rocha,E-commerce,Pequena Empresa,1,4944.47,0.15,4202.8,3804.14,398.66
PED-02374,2025-12-24,SSD 500GB,Componentes,Sudeste,São Paulo,Diego Alves,Loja Física,Pequena Empresa,2,282.39,0,564.78,370.74,194.04
PED-02375,2025-12-15,SSD 500GB,Componentes,Sudeste,Campinas,Ana Lima,Loja Física,Pessoa Física,3,293.71,0,881.13,545.79,335.34
PED-02376,2025-06-02,Monitor 27,Tecnologia,Sudeste,Rio de Janeiro,Gabriela Souza,Loja Física,Média Empresa,3,1471.67,0,4415.01,2889.81,1525.2
PED-02377,2026-05-26,SSD 500GB,Componentes,Sudeste,Rio de Janeiro,Eduarda Rocha,Marketplace,Média Empresa,3,285.58,0.05,813.9,553.41,260.49
PED-02378,2026-04-08,Mouse Wireless,Acessórios,Sudeste,Belo Horizonte,Ana Lima,Marketplace,Pessoa Física,5,183.74,0.1,826.83,423.7,403.13
PED-02379,2025-11-09,Headset Pro,Acessórios,Centro-Oeste,Cuiabá,Felipe Martins,Venda Corporativa,Pequena Empresa,5,335.72,0,1678.6,870.4,808.2
PED-02380,2026-05-20,Monitor 24,Tecnologia,Sudeste,Belo Horizonte,Eduarda Rocha,Venda Corporativa,Pessoa Física,1,895.99,0,895.99,595.92,300.07
PED-02381,2026-07-17,Dock Station,Acessórios,Sul,Porto Alegre,Felipe Martins,Venda Corporativa,Pessoa Física,3,552.0,0.15,1407.6,962.61,444.99
PED-02382,2026-07-30,Memória 16GB,Componentes,Nordeste,Fortaleza,Felipe Martins,Marketplace,Grande Empresa,2,328.01,0.15,557.62,380.14,177.48
PED-02383,2026-02-06,Teclado Mecânico,Acessórios,Sul,Curitiba,Carla Mendes,E-commerce,Pequena Empresa,2,400.19,0,800.38,449.22,351.16
PED-02384,2026-09-16,Teclado Mecânico,Acessórios,Sudeste,Campinas,João Ribeiro,Loja Física,Pequena Empresa,3,411.36,0,1234.08,665.01,569.07
PED-02385,2026-09-04,Memória 16GB,Componentes,Sudeste,São Paulo,Felipe Martins,E-commerce,Pequena Empresa,1,317.5,0.1,285.75,196.82,88.93
PED-02386,2026-09-03,Monitor 27,Tecnologia,Sul,Porto Alegre,Henrique Dias,E-commerce,Média Empresa,1,1472.1,0,1472.1,1028.03,444.07
PED-02387,2026-09-10,Monitor 24,Tecnologia,Sul,Florianópolis,Henrique Dias,Loja Física,Média Empresa,2,933.2,0,1866.4,1182.4,684.0
PED-02388,2025-12-20,SSD 500GB,Componentes,Sul,Florianópolis,Ana Lima,E-commerce,Média Empresa,1,291.64,0,291.64,178.82,112.82
PED-02389,2025-12-29,Notebook Pro 14,Tecnologia,Sul,Florianópolis,Ana Lima,E-commerce,Pessoa Física,3,4784.34,0.2,11482.42,10891.74,590.68
PED-02390,2025-08-21,Notebook Air 13,Tecnologia,Sudeste,Campinas,João Ribeiro,E-commerce,Pequena Empresa,3,3547.41,0,10642.23,8247.09,2395.14
PED-02391,2025-12-05,Monitor 24,Tecnologia,Sudeste,São Paulo,Bruno Costa,E-commerce,Pequena Empresa,2,926.71,0,1853.42,1189.54,663.88
PED-02392,2025-07-09,Webcam HD,Acessórios,Nordeste,Salvador,Isabela Freitas,Loja Física,Pequena Empresa,5,247.52,0.1,1113.84,647.9,465.94
PED-02393,2026-06-21,Mouse Wireless,Acessórios,Sul,Florianópolis,Diego Alves,Loja Física,Pequena Empresa,1,174.64,0,174.64,83.99,90.65
PED-02394,2026-03-18,Notebook Pro 14,Tecnologia,Nordeste,Fortaleza,Bruno Costa,Loja Física,Pessoa Física,1,5068.61,0.1,4561.75,3664.9,896.85
PED-02395,2026-01-02,Mouse Wireless,Acessórios,Nordeste,Salvador,Henrique Dias,Marketplace,Média Empresa,2,180.44,0.05,342.84,161.96,180.88
PED-02396,2026-04-12,Monitor 24,Tecnologia,Sudeste,Belo Horizonte,Gabriela Souza,E-commerce,Média Empresa,4,924.29,0.1,3327.44,2374.68,952.76
PED-02397,2026-03-10,Memória 16GB,Componentes,Nordeste,Fortaleza,Carla Mendes,Marketplace,Pessoa Física,1,310.07,0.1,279.06,190.62,88.44
PED-02398,2025-05-02,Dock Station,Acessórios,Centro-Oeste,Cuiabá,Henrique Dias,E-commerce,Pessoa Física,2,554.47,0,1108.94,611.24,497.7
PED-02399,2026-03-18,Monitor 24,Tecnologia,Sudeste,Rio de Janeiro,João Ribeiro,Loja Física,Grande Empresa,2,875.76,0.05,1663.94,1184.12,479.82
PED-02400,2025-12-04,Memória 16GB,Componentes,Sul,Florianópolis,Isabela Freitas,E-commerce,Média Empresa,6,318.78,0.1,1721.41,1141.32,580.09
PED-02401,2025-04-13,Monitor 27,Tecnologia,Centro-Oeste,Brasília,Eduarda Rocha,Marketplace,Média Empresa,2,1554.48,0.05,2953.51,1963.14,990.37
PED-02402,2025-12-19,Notebook Air 13,Tecnologia,Sul,Florianópolis,Carla Mendes,E-commerce,Pessoa Física,4,3583.3,0.05,13616.54,11275.04,2341.5
PED-02403,2025-05-29,Dock Station,Acessórios,Sudeste,Rio de Janeiro,Bruno Costa,E-commerce,Pessoa Física,1,547.08,0,547.08,307.81,239.27
PED-02404,2026-09-17,Notebook Air 13,Tecnologia,Sudeste,Belo Horizonte,Eduarda Rocha,Loja Física,Pequena Empresa,2,3512.46,0,7024.92,5634.4,1390.52
PED-02405,2025-07-27,SSD 500GB,Componentes,Sudeste,Campinas,João Ribeiro,E-commerce,Média Empresa,1,293.54,0,293.54,176.39,117.15
PED-02406,2026-08-23,Webcam HD,Acessórios,Sul,Florianópolis,Bruno Costa,E-commerce,Pessoa Física,3,253.26,0,759.78,382.83,376.95
PED-02407,2025-05-10,Headset Pro,Acessórios,Centro-Oeste,Goiânia,Bruno Costa,Venda Corporativa,Pessoa Física,1,328.97,0,328.97,175.78,153.19
PED-02408,2025-03-27,Memória 16GB,Componentes,Sudeste,Campinas,Diego Alves,Marketplace,Pessoa Física,1,318.3,0.05,302.38,199.21,103.17
PED-02409,2025-11-26,Webcam HD,Acessórios,Sudeste,Campinas,Gabriela Souza,Marketplace,Pessoa Física,1,250.49,0,250.49,127.46,123.03
PED-02410,2025-01-02,Webcam HD,Acessórios,Sul,Porto Alegre,João Ribeiro,Marketplace,Média Empresa,1,242.51,0.15,206.13,125.9,80.23
PED-02411,2025-02-22,Notebook Pro 14,Tecnologia,Nordeste,Salvador,Ana Lima,E-commerce,Pequena Empresa,3,4944.23,0.05,14091.06,11156.37,2934.69
PED-02412,2025-02-05,Monitor 24,Tecnologia,Nordeste,Recife,Felipe Martins,Venda Corporativa,Pessoa Física,1,919.93,0.05,873.93,580.15,293.78
PED-02413,2025-02-18,Teclado Mecânico,Acessórios,Sudeste,Rio de Janeiro,Eduarda Rocha,Loja Física,Pequena Empresa,3,388.95,0,1166.85,664.2,502.65
PED-02414,2025-05-30,Monitor 24,Tecnologia,Nordeste,Fortaleza,Isabela Freitas,E-commerce,Pessoa Física,1,880.35,0.05,836.33,585.33,251.0
PED-02415,2025-02-19,Mouse Wireless,Acessórios,Sudeste,Rio de Janeiro,Eduarda Rocha,E-commerce,Pessoa Física,1,174.86,0,174.86,83.43,91.43
PED-02416,2026-07-15,Monitor 27,Tecnologia,Sudeste,Rio de Janeiro,Carla Mendes,E-commerce,Pessoa Física,1,1546.52,0.1,1391.87,1006.51,385.36
PED-02417,2026-06-20,Notebook Air 13,Tecnologia,Nordeste,Fortaleza,Gabriela Souza,E-commerce,Média Empresa,1,3659.21,0.05,3476.25,2672.11,804.14
PED-02418,2026-05-06,Monitor 24,Tecnologia,Nordeste,Fortaleza,Ana Lima,Loja Física,Pessoa Física,3,898.99,0.1,2427.27,1757.43,669.84
PED-02419,2025-02-13,Notebook Pro 14,Tecnologia,Sudeste,São Paulo,Eduarda Rocha,Marketplace,Pessoa Física,1,4755.06,0.05,4517.31,3606.16,911.15
PED-02420,2025-09-05,Teclado Mecânico,Acessórios,Sul,Curitiba,Isabela Freitas,Marketplace,Pessoa Física,1,401.81,0.05,381.72,211.92,169.8
PED-02421,2025-04-23,SSD 1TB,Componentes,Nordeste,Fortaleza,Eduarda Rocha,Marketplace,Pessoa Física,1,464.68,0,464.68,289.06,175.62
PED-02422,2026-02-09,Mouse Wireless,Acessórios,Sudeste,São Paulo,João Ribeiro,E-commerce,Pessoa Física,1,182.83,0.05,173.69,85.01,88.68
PED-02423,2026-05-29,Dock Station,Acessórios,Sudeste,Rio de Janeiro,Gabriela Souza,E-commerce,Pessoa Física,1,561.93,0.1,505.74,312.08,193.66
PED-02424,2026-03-28,Dock Station,Acessórios,Sudeste,São Paulo,Felipe Martins,E-commerce,Pessoa Física,1,565.28,0.05,537.02,314.17,222.85
PED-02425,2025-10-21,Notebook Pro 14,Tecnologia,Sudeste,Rio de Janeiro,Diego Alves,Marketplace,Média Empresa,3,4882.61,0,14647.83,10783.77,3864.06
PED-02426,2025-11-01,Headset Pro,Acessórios,Centro-Oeste,Brasília,Henrique Dias,Loja Física,Pequena Empresa,1,321.67,0.2,257.34,177.22,80.12
PED-02427,2026-03-03,Notebook Air 13,Tecnologia,Nordeste,Salvador,Bruno Costa,E-commerce,Pessoa Física,1,3740.53,0.05,3553.5,2795.63,757.87
PED-02428,2025-08-01,Headset Pro,Acessórios,Sudeste,São Paulo,Eduarda Rocha,E-commerce,Pessoa Física,8,330.89,0.05,2514.76,1386.88,1127.88
PED-02429,2025-01-23,Monitor 24,Tecnologia,Sudeste,Rio de Janeiro,Ana Lima,E-commerce,Pessoa Física,2,912.35,0.05,1733.46,1189.56,543.9
PED-02430,2025-08-21,Memória 16GB,Componentes,Nordeste,Recife,João Ribeiro,Venda Corporativa,Pequena Empresa,1,331.49,0.2,265.19,195.12,70.07
PED-02431,2025-06-21,Webcam HD,Acessórios,Centro-Oeste,Goiânia,Felipe Martins,Loja Física,Pessoa Física,1,248.1,0,248.1,131.74,116.36
PED-02432,2025-05-29,SSD 1TB,Componentes,Sudeste,Campinas,Carla Mendes,E-commerce,Pessoa Física,2,445.89,0.05,847.19,594.26,252.93
PED-02433,2026-04-03,Memória 16GB,Componentes,Sul,Porto Alegre,Ana Lima,Marketplace,Pessoa Física,3,325.71,0.05,928.27,595.08,333.19
PED-02434,2026-06-18,SSD 500GB,Componentes,Sudeste,Campinas,Eduarda Rocha,Loja Física,Pessoa Física,2,299.14,0,598.28,352.24,246.04
PED-02435,2026-05-18,Notebook Air 13,Tecnologia,Sudeste,Campinas,Felipe Martins,Venda Corporativa,Pessoa Física,3,3625.7,0.05,10333.24,8025.45,2307.79
PED-02436,2025-01-10,Headset Pro,Acessórios,Sudeste,Rio de Janeiro,Felipe Martins,Loja Física,Pessoa Física,10,321.3,0,3213.0,1747.2,1465.8
PED-02437,2026-01-11,Mouse Wireless,Acessórios,Sudeste,Rio de Janeiro,Gabriela Souza,E-commerce,Pequena Empresa,2,185.08,0,370.16,166.54,203.62
PED-02438,2025-04-01,SSD 1TB,Componentes,Nordeste,Salvador,Isabela Freitas,Venda Corporativa,Pequena Empresa,3,446.95,0.15,1139.72,891.0,248.72
PED-02439,2025-06-20,Memória 16GB,Componentes,Sudeste,Rio de Janeiro,Ana Lima,Loja Física,Pessoa Física,2,324.69,0,649.38,378.96,270.42
PED-02440,2026-02-03,Monitor 24,Tecnologia,Nordeste,Fortaleza,Diego Alves,Loja Física,Pessoa Física,4,910.66,0,3642.64,2399.84,1242.8
PED-02441,2025-10-02,SSD 1TB,Componentes,Sudeste,São Paulo,Eduarda Rocha,Marketplace,Média Empresa,1,464.55,0.1,418.1,301.48,116.62
PED-02442,2026-01-16,Dock Station,Acessórios,Nordeste,Fortaleza,Diego Alves,E-commerce,Pessoa Física,8,558.67,0.15,3798.96,2589.6,1209.36
PED-02443,2026-07-16,Notebook Air 13,Tecnologia,Sudeste,Belo Horizonte,Diego Alves,Loja Física,Pessoa Física,6,3715.75,0.1,20065.05,16055.28,4009.77
PED-02444,2025-10-06,Notebook Air 13,Tecnologia,Nordeste,Fortaleza,Carla Mendes,E-commerce,Média Empresa,1,3738.29,0.1,3364.46,2835.76,528.7
PED-02445,2025-09-18,Webcam HD,Acessórios,Centro-Oeste,Brasília,Bruno Costa,Marketplace,Grande Empresa,3,242.18,0.05,690.21,388.86,301.35
PED-02446,2026-02-09,Monitor 24,Tecnologia,Sul,Porto Alegre,Felipe Martins,E-commerce,Média Empresa,3,892.06,0.05,2542.37,1746.21,796.16
PED-02447,2026-02-03,Monitor 24,Tecnologia,Nordeste,Fortaleza,Diego Alves,E-commerce,Pequena Empresa,2,913.66,0.05,1735.95,1184.3,551.65
PED-02448,2026-09-29,Notebook Pro 14,Tecnologia,Sul,Porto Alegre,Eduarda Rocha,E-commerce,Pequena Empresa,2,4847.22,0,9694.44,7526.72,2167.72
PED-02449,2026-07-30,Memória 16GB,Componentes,Sul,Curitiba,Bruno Costa,Loja Física,Pequena Empresa,5,330.55,0,1652.75,997.8,654.95
PED-02450,2026-03-05,Headset Pro,Acessórios,Sul,Curitiba,Diego Alves,E-commerce,Pequena Empresa,1,319.79,0.05,303.8,175.87,127.93
PED-02451,2025-05-04,Webcam HD,Acessórios,Sul,Florianópolis,Eduarda Rocha,Venda Corporativa,Pequena Empresa,1,244.52,0,244.52,124.99,119.53
PED-02452,2025-10-04,Notebook Air 13,Tecnologia,Nordeste,Fortaleza,Diego Alves,Marketplace,Pessoa Física,3,3675.83,0,11027.49,8214.33,2813.16
PED-02453,2025-11-12,Notebook Pro 14,Tecnologia,Sudeste,São Paulo,Eduarda Rocha,E-commerce,Pessoa Física,3,5044.55,0.05,14376.97,10850.04,3526.93
PED-02454,2025-02-01,Monitor 27,Tecnologia,Nordeste,Salvador,Felipe Martins,E-commerce,Pequena Empresa,2,1547.88,0,3095.76,1933.26,1162.5
PED-02455,2026-06-12,Headset Pro,Acessórios,Sul,Porto Alegre,Gabriela Souza,Venda Corporativa,Pessoa Física,4,326.24,0,1304.96,687.16,617.8
PED-02456,2026-09-28,Dock Station,Acessórios,Sul,Curitiba,Diego Alves,Loja Física,Pessoa Física,4,564.76,0,2259.04,1301.16,957.88
PED-02457,2025-02-27,Dock Station,Acessórios,Centro-Oeste,Brasília,Gabriela Souza,Venda Corporativa,Pequena Empresa,4,557.24,0,2228.96,1242.84,986.12
PED-02458,2025-11-24,SSD 1TB,Componentes,Sudeste,Rio de Janeiro,Ana Lima,Loja Física,Pessoa Física,2,459.14,0.1,826.45,599.46,226.99
PED-02459,2026-03-10,SSD 1TB,Componentes,Sudeste,Rio de Janeiro,João Ribeiro,E-commerce,Pessoa Física,2,448.21,0.05,851.6,575.0,276.6
PED-02460,2026-07-09,Monitor 24,Tecnologia,Sul,Curitiba,João Ribeiro,Marketplace,Pequena Empresa,1,911.73,0,911.73,584.35,327.38
PED-02461,2025-01-03,Headset Pro,Acessórios,Sudeste,Rio de Janeiro,Isabela Freitas,Marketplace,Pessoa Física,1,334.66,0.1,301.19,174.03,127.16
PED-02462,2025-08-24,Monitor 24,Tecnologia,Sudeste,Campinas,Felipe Martins,E-commerce,Grande Empresa,2,910.56,0.05,1730.06,1216.84,513.22
PED-02463,2026-06-04,Headset Pro,Acessórios,Nordeste,Recife,Eduarda Rocha,E-commerce,Pessoa Física,2,333.41,0.05,633.48,338.36,295.12
PED-02464,2025-12-04,Mouse Wireless,Acessórios,Sudeste,Belo Horizonte,Diego Alves,E-commerce,Média Empresa,2,185.84,0,371.68,170.5,201.18
PED-02465,2026-06-20,SSD 1TB,Componentes,Centro-Oeste,Cuiabá,Eduarda Rocha,Venda Corporativa,Média Empresa,4,453.22,0.15,1540.95,1179.56,361.39
PED-02466,2026-09-12,Headset Pro,Acessórios,Sudeste,Rio de Janeiro,Felipe Martins,Loja Física,Média Empresa,2,325.09,0,650.18,338.14,312.04
PED-02467,2026-07-17,Dock Station,Acessórios,Sudeste,São Paulo,João Ribeiro,Marketplace,Pessoa Física,1,550.03,0.05,522.53,324.08,198.45
PED-02468,2025-10-19,Memória 16GB,Componentes,Nordeste,Fortaleza,Gabriela Souza,Marketplace,Pessoa Física,2,321.46,0.05,610.77,389.86,220.91
PED-02469,2026-04-13,Notebook Pro 14,Tecnologia,Sudeste,São Paulo,Henrique Dias,Marketplace,Média Empresa,1,5045.27,0.15,4288.48,3726.27,562.21
PED-02470,2025-03-29,Teclado Mecânico,Acessórios,Sul,Curitiba,Bruno Costa,E-commerce,Pequena Empresa,4,413.6,0,1654.4,885.88,768.52
PED-02471,2026-04-04,Notebook Air 13,Tecnologia,Sudeste,Campinas,Felipe Martins,Loja Física,Pequena Empresa,1,3627.78,0,3627.78,2751.63,876.15
PED-02472,2025-01-21,SSD 500GB,Componentes,Sudeste,Campinas,Eduarda Rocha,E-commerce,Média Empresa,3,294.38,0,883.14,559.56,323.58
PED-02473,2026-01-12,SSD 1TB,Componentes,Centro-Oeste,Goiânia,João Ribeiro,Loja Física,Pessoa Física,8,455.65,0.15,3098.42,2438.0,660.42
PED-02474,2025-12-10,Headset Pro,Acessórios,Sudeste,Rio de Janeiro,Henrique Dias,E-commerce,Pessoa Física,4,325.22,0.1,1170.79,678.84,491.95
PED-02475,2026-07-29,Headset Pro,Acessórios,Sudeste,Rio de Janeiro,Felipe Martins,Marketplace,Pessoa Física,8,326.74,0.15,2221.83,1434.48,787.35
PED-02476,2025-09-04,Dock Station,Acessórios,Sudeste,Campinas,Gabriela Souza,Marketplace,Pequena Empresa,5,570.68,0,2853.4,1526.75,1326.65
PED-02477,2026-02-26,Monitor 24,Tecnologia,Sul,Porto Alegre,João Ribeiro,E-commerce,Pequena Empresa,5,914.27,0.15,3885.65,2931.45,954.2
PED-02478,2026-06-09,Mouse Wireless,Acessórios,Sudeste,São Paulo,Ana Lima,Marketplace,Média Empresa,1,178.36,0.05,169.44,82.27,87.17
PED-02479,2026-09-18,SSD 500GB,Componentes,Sudeste,Belo Horizonte,Isabela Freitas,Venda Corporativa,Pessoa Física,5,289.63,0.1,1303.34,904.85,398.49
PED-02480,2026-05-02,Notebook Pro 14,Tecnologia,Centro-Oeste,Goiânia,Felipe Martins,Loja Física,Pessoa Física,1,4839.04,0.05,4597.09,3750.74,846.35
PED-02481,2025-08-05,SSD 500GB,Componentes,Sul,Porto Alegre,Isabela Freitas,Marketplace,Pessoa Física,3,282.45,0,847.35,526.02,321.33
PED-02482,2025-06-04,Monitor 24,Tecnologia,Sudeste,Campinas,Gabriela Souza,E-commerce,Pequena Empresa,3,927.58,0,2782.74,1838.46,944.28
PED-02483,2026-04-03,Teclado Mecânico,Acessórios,Sudeste,Belo Horizonte,Henrique Dias,Loja Física,Pessoa Física,3,397.87,0.15,1014.57,674.7,339.87
PED-02484,2026-04-01,Dock Station,Acessórios,Sudeste,São Paulo,Isabela Freitas,Loja Física,Média Empresa,6,563.8,0.05,3213.66,1857.3,1356.36
PED-02485,2026-05-23,Mouse Wireless,Acessórios,Sul,Florianópolis,Eduarda Rocha,Marketplace,Grande Empresa,4,175.36,0.1,631.3,329.56,301.74
PED-02486,2025-07-14,Webcam HD,Acessórios,Nordeste,Recife,Ana Lima,Venda Corporativa,Pequena Empresa,2,251.25,0.05,477.38,251.92,225.46
PED-02487,2025-09-29,Monitor 27,Tecnologia,Sudeste,Campinas,Gabriela Souza,Loja Física,Pessoa Física,2,1485.3,0,2970.6,1931.24,1039.36
PED-02488,2026-04-28,Monitor 24,Tecnologia,Sul,Curitiba,Ana Lima,Loja Física,Pessoa Física,1,907.96,0.1,817.16,589.67,227.49
PED-02489,2025-02-04,Headset Pro,Acessórios,Sudeste,Belo Horizonte,Isabela Freitas,E-commerce,Pequena Empresa,3,331.23,0,993.69,537.15,456.54
PED-02490,2025-12-08,SSD 500GB,Componentes,Sul,Porto Alegre,Diego Alves,E-commerce,Pessoa Física,1,299.38,0.1,269.44,179.8,89.64
PED-02491,2025-02-02,SSD 500GB,Componentes,Nordeste,Fortaleza,Ana Lima,Venda Corporativa,Pessoa Física,2,291.87,0.15,496.18,350.84,145.34
PED-02492,2025-03-03,Memória 16GB,Componentes,Sudeste,Belo Horizonte,João Ribeiro,Venda Corporativa,Pequena Empresa,4,322.83,0,1291.32,789.64,501.68
PED-02493,2026-05-29,SSD 1TB,Componentes,Sul,Porto Alegre,Felipe Martins,Venda Corporativa,Pessoa Física,1,461.37,0.15,392.16,301.47,90.69
PED-02494,2026-04-04,Teclado Mecânico,Acessórios,Sudeste,São Paulo,Eduarda Rocha,Marketplace,Pessoa Física,2,404.98,0,809.96,440.9,369.06
PED-02495,2026-06-08,Webcam HD,Acessórios,Sul,Porto Alegre,Henrique Dias,Marketplace,Pessoa Física,3,256.06,0.15,652.95,384.93,268.02
PED-02496,2025-05-31,Memória 16GB,Componentes,Sul,Florianópolis,Felipe Martins,Marketplace,Pessoa Física,1,317.8,0.05,301.91,194.22,107.69
PED-02497,2026-09-26,Notebook Air 13,Tecnologia,Sudeste,Rio de Janeiro,Diego Alves,Marketplace,Pessoa Física,1,3616.08,0.1,3254.47,2828.1,426.37
PED-02498,2025-01-18,Mouse Wireless,Acessórios,Sudeste,Campinas,Diego Alves,Loja Física,Pessoa Física,6,174.32,0,1045.92,484.5,561.42
PED-02499,2025-04-01,Dock Station,Acessórios,Sudeste,São Paulo,Eduarda Rocha,Loja Física,Pessoa Física,1,564.73,0.05,536.49,309.3,227.19
PED-02500,2026-05-28,Mouse Wireless,Acessórios,Sudeste,Campinas,Eduarda Rocha,Venda Corporativa,Média Empresa,1,176.92,0,176.92,80.95,95.97
PED-02501,2025-06-20,Memória 16GB,Componentes,Sudeste,Campinas,Diego Alves,Marketplace,Grande Empresa,2,325.05,0.1,585.09,397.34,187.75
PED-02502,2026-02-28,Teclado Mecânico,Acessórios,Centro-Oeste,Goiânia,Henrique Dias,E-commerce,Pessoa Física,8,389.16,0.15,2646.29,1766.8,879.49
PED-02503,2025-01-09,Monitor 27,Tecnologia,Sudeste,Belo Horizonte,Diego Alves,E-commerce,Grande Empresa,2,1539.52,0,3079.04,1968.72,1110.32
PED-02504,2026-09-29,Dock Station,Acessórios,Nordeste,Recife,Carla Mendes,Marketplace,Pessoa Física,2,556.46,0,1112.92,634.5,478.42
PED-02505,2026-08-15,Dock Station,Acessórios,Sudeste,São Paulo,Carla Mendes,Venda Corporativa,Pessoa Física,1,552.47,0,552.47,323.05,229.42
PED-02506,2025-04-24,Headset Pro,Acessórios,Sudeste,Rio de Janeiro,Diego Alves,Loja Física,Grande Empresa,1,331.39,0,331.39,179.01,152.38
PED-02507,2025-04-04,Dock Station,Acessórios,Centro-Oeste,Brasília,Ana Lima,Venda Corporativa,Grande Empresa,1,547.33,0,547.33,309.42,237.91
PED-02508,2026-09-14,Monitor 27,Tecnologia,Sudeste,Rio de Janeiro,Bruno Costa,Marketplace,Média Empresa,2,1479.44,0.1,2662.99,2025.5,637.49
PED-02509,2025-02-23,SSD 1TB,Componentes,Nordeste,Salvador,Carla Mendes,E-commerce,Pessoa Física,2,448.14,0,896.28,575.88,320.4
PED-02510,2026-02-16,Notebook Air 13,Tecnologia,Sudeste,São Paulo,Felipe Martins,Venda Corporativa,Pessoa Física,1,3506.84,0,3506.84,2698.19,808.65
PED-02511,2025-07-14,Notebook Pro 14,Tecnologia,Nordeste,Recife,Ana Lima,Loja Física,Pessoa Física,3,4768.3,0,14304.9,11497.35,2807.55
PED-02512,2026-02-22,Mouse Wireless,Acessórios,Sul,Porto Alegre,Felipe Martins,E-commerce,Pessoa Física,4,183.02,0.05,695.48,328.44,367.04
PED-02513,2025-11-07,Notebook Air 13,Tecnologia,Nordeste,Fortaleza,Carla Mendes,Loja Física,Pessoa Física,2,3718.99,0.05,7066.08,5412.86,1653.22
PED-02514,2025-06-06,Notebook Pro 14,Tecnologia,Sudeste,São Paulo,João Ribeiro,Venda Corporativa,Média Empresa,1,5066.74,0.2,4053.39,3768.17,285.22
PED-02515,2026-01-25,Memória 16GB,Componentes,Sul,Curitiba,Ana Lima,Venda Corporativa,Média Empresa,4,323.64,0.1,1165.1,757.28,407.82
PED-02516,2025-09-14,Monitor 27,Tecnologia,Nordeste,Salvador,Gabriela Souza,Loja Física,Pessoa Física,2,1526.12,0,3052.24,2007.62,1044.62
PED-02517,2026-05-27,Mouse Wireless,Acessórios,Centro-Oeste,Goiânia,Carla Mendes,Marketplace,Pessoa Física,2,185.59,0.1,334.06,161.06,173.0
PED-02518,2025-07-18,SSD 500GB,Componentes,Sudeste,São Paulo,Ana Lima,E-commerce,Pessoa Física,1,293.14,0.1,263.83,186.11,77.72
PED-02519,2025-12-27,Webcam HD,Acessórios,Sudeste,Rio de Janeiro,Isabela Freitas,Loja Física,Pessoa Física,1,242.34,0,242.34,129.17,113.17
PED-02520,2026-04-20,Teclado Mecânico,Acessórios,Sul,Florianópolis,Henrique Dias,Marketplace,Pessoa Física,1,390.44,0.05,370.92,219.88,151.04
PED-02521,2025-04-01,Teclado Mecânico,Acessórios,Sudeste,São Paulo,Felipe Martins,Marketplace,Pessoa Física,6,406.76,0.1,2196.5,1277.52,918.98
PED-02522,2026-06-13,Headset Pro,Acessórios,Sudeste,Campinas,Ana Lima,E-commerce,Pessoa Física,4,325.17,0.15,1105.58,690.36,415.22
PED-02523,2026-01-03,Teclado Mecânico,Acessórios,Centro-Oeste,Goiânia,Henrique Dias,Venda Corporativa,Pessoa Física,8,388.19,0.2,2484.42,1755.36,729.06
PED-02524,2025-09-21,Notebook Air 13,Tecnologia,Sul,Florianópolis,João Ribeiro,Loja Física,Pessoa Física,8,3499.92,0,27999.36,22613.12,5386.24
PED-02525,2025-12-04,SSD 500GB,Componentes,Nordeste,Recife,Carla Mendes,E-commerce,Pessoa Física,2,289.29,0.15,491.79,370.82,120.97
PED-02526,2025-12-22,Headset Pro,Acessórios,Nordeste,Fortaleza,João Ribeiro,Marketplace,Pessoa Física,2,328.73,0.2,525.97,338.22,187.75
PED-02527,2025-05-22,SSD 1TB,Componentes,Sudeste,São Paulo,Bruno Costa,Marketplace,Média Empresa,2,454.21,0,908.42,606.28,302.14
PED-02528,2025-10-11,SSD 500GB,Componentes,Nordeste,Salvador,João Ribeiro,Loja Física,Pessoa Física,1,295.7,0,295.7,183.54,112.16
PED-02529,2026-06-18,SSD 1TB,Componentes,Nordeste,Recife,Diego Alves,Loja Física,Grande Empresa,2,464.16,0,928.32,603.12,325.2
PED-02530,2025-09-23,Webcam HD,Acessórios,Nordeste,Fortaleza,Ana Lima,Venda Corporativa,Pessoa Física,2,251.79,0.05,478.4,262.54,215.86
PED-02531,2026-02-23,Webcam HD,Acessórios,Sudeste,São Paulo,João Ribeiro,E-commerce,Pessoa Física,3,241.67,0.05,688.76,385.17,303.59
PED-02532,2026-06-07,Dock Station,Acessórios,Sudeste,Campinas,Felipe Martins,E-commerce,Pequena Empresa,2,562.29,0,1124.58,648.36,476.22
PED-02533,2026-07-02,SSD 500GB,Componentes,Sudeste,Rio de Janeiro,Isabela Freitas,Venda Corporativa,Pequena Empresa,5,282.57,0.1,1271.57,885.8,385.77
PED-02534,2025-09-09,Mouse Wireless,Acessórios,Sudeste,Campinas,Isabela Freitas,Loja Física,Pessoa Física,3,184.05,0.1,496.94,249.42,247.52
PED-02535,2026-02-24,SSD 500GB,Componentes,Sul,Curitiba,João Ribeiro,Venda Corporativa,Pessoa Física,4,300.03,0,1200.12,734.36,465.76
PED-02536,2026-08-12,Mouse Wireless,Acessórios,Nordeste,Recife,Felipe Martins,E-commerce,Pessoa Física,3,179.61,0,538.83,256.53,282.3
PED-02537,2025-12-04,SSD 1TB,Componentes,Sul,Florianópolis,João Ribeiro,Loja Física,Pessoa Física,2,476.3,0,952.6,574.96,377.64
PED-02538,2025-10-26,Dock Station,Acessórios,Sudeste,Rio de Janeiro,Gabriela Souza,Loja Física,Pequena Empresa,4,562.89,0.1,2026.4,1268.92,757.48
PED-02539,2026-03-11,Teclado Mecânico,Acessórios,Sudeste,Belo Horizonte,João Ribeiro,Loja Física,Pequena Empresa,1,404.94,0,404.94,215.38,189.56
PED-02540,2025-04-25,SSD 1TB,Componentes,Sudeste,Campinas,Diego Alves,Venda Corporativa,Pessoa Física,4,451.87,0.05,1717.11,1204.84,512.27
PED-02541,2025-07-08,Notebook Pro 14,Tecnologia,Nordeste,Recife,Diego Alves,Marketplace,Pessoa Física,3,4975.69,0.05,14180.72,10849.98,3330.74
PED-02542,2025-10-15,Monitor 27,Tecnologia,Sudeste,Belo Horizonte,Isabela Freitas,Marketplace,Pessoa Física,4,1504.35,0.05,5716.53,3954.16,1762.37
PED-02543,2025-02-19,SSD 1TB,Componentes,Sul,Porto Alegre,Gabriela Souza,Marketplace,Pessoa Física,1,461.49,0.1,415.34,286.85,128.49
PED-02544,2025-01-09,Monitor 24,Tecnologia,Sudeste,Belo Horizonte,Isabela Freitas,E-commerce,Média Empresa,1,919.09,0,919.09,593.68,325.41
PED-02545,2026-06-24,Headset Pro,Acessórios,Sudeste,Campinas,Bruno Costa,Venda Corporativa,Pessoa Física,1,327.08,0.15,278.02,174.59,103.43
PED-02546,2026-02-07,Notebook Pro 14,Tecnologia,Sul,Porto Alegre,Henrique Dias,Venda Corporativa,Média Empresa,4,4992.26,0.05,18970.59,14814.68,4155.91
PED-02547,2025-02-19,SSD 500GB,Componentes,Sudeste,Rio de Janeiro,Gabriela Souza,Venda Corporativa,Média Empresa,1,282.5,0.05,268.38,183.05,85.33
PED-02548,2026-06-28,Mouse Wireless,Acessórios,Sudeste,Rio de Janeiro,Isabela Freitas,E-commerce,Pessoa Física,10,185.52,0.15,1576.92,859.3,717.62
PED-02549,2025-08-11,Dock Station,Acessórios,Sudeste,São Paulo,Henrique Dias,Loja Física,Média Empresa,2,538.63,0,1077.26,615.52,461.74
PED-02550,2025-09-24,Monitor 24,Tecnologia,Centro-Oeste,Goiânia,Gabriela Souza,Loja Física,Pessoa Física,1,900.08,0.05,855.08,603.37,251.71
PED-02551,2025-01-23,Webcam HD,Acessórios,Nordeste,Salvador,João Ribeiro,Marketplace,Média Empresa,2,249.95,0,499.9,253.5,246.4
PED-02552,2025-06-06,SSD 1TB,Componentes,Sul,Porto Alegre,Eduarda Rocha,E-commerce,Pessoa Física,4,466.83,0,1867.32,1179.76,687.56
PED-02553,2025-10-10,SSD 1TB,Componentes,Sul,Florianópolis,Diego Alves,Loja Física,Pequena Empresa,3,459.37,0.05,1309.2,885.12,424.08
PED-02554,2026-01-24,Mouse Wireless,Acessórios,Sul,Curitiba,Henrique Dias,E-commerce,Pessoa Física,3,183.58,0,550.74,244.71,306.03
PED-02555,2025-11-10,Monitor 24,Tecnologia,Centro-Oeste,Goiânia,Isabela Freitas,Loja Física,Pessoa Física,1,907.5,0.05,862.12,617.47,244.65
PED-02556,2025-01-03,SSD 1TB,Componentes,Sudeste,São Paulo,Henrique Dias,Loja Física,Grande Empresa,1,456.34,0.15,387.89,293.52,94.37
PED-02557,2026-04-20,Webcam HD,Acessórios,Sudeste,São Paulo,Ana Lima,E-commerce,Grande Empresa,3,256.5,0.05,731.02,390.72,340.3
PED-02558,2026-09-22,Teclado Mecânico,Acessórios,Sudeste,São Paulo,Eduarda Rocha,Marketplace,Pessoa Física,1,400.11,0.15,340.09,218.23,121.86
PED-02559,2026-02-15,Teclado Mecânico,Acessórios,Sudeste,Belo Horizonte,Eduarda Rocha,Loja Física,Pequena Empresa,2,401.94,0,803.88,447.76,356.12
PED-02560,2026-01-19,Webcam HD,Acessórios,Sudeste,Belo Horizonte,Carla Mendes,E-commerce,Pessoa Física,1,251.16,0,251.16,130.84,120.32
PED-02561,2026-08-20,Mouse Wireless,Acessórios,Sul,Florianópolis,Eduarda Rocha,Marketplace,Pessoa Física,2,178.67,0.1,321.61,162.5,159.11
PED-02562,2026-06-28,Teclado Mecânico,Acessórios,Sul,Curitiba,Diego Alves,Loja Física,Pessoa Física,3,413.91,0.1,1117.56,645.72,471.84
PED-02563,2025-01-02,Teclado Mecânico,Acessórios,Sudeste,São Paulo,Eduarda Rocha,Loja Física,Pequena Empresa,8,389.71,0.1,2805.91,1773.44,1032.47
PED-02564,2026-05-20,SSD 500GB,Componentes,Sul,Florianópolis,Diego Alves,Venda Corporativa,Pessoa Física,1,287.21,0,287.21,174.96,112.25
PED-02565,2025-08-10,Webcam HD,Acessórios,Centro-Oeste,Goiânia,Gabriela Souza,E-commerce,Pessoa Física,1,243.29,0.1,218.96,124.17,94.79
PED-02566,2025-12-23,SSD 1TB,Componentes,Sul,Florianópolis,Ana Lima,Marketplace,Pessoa Física,1,463.63,0.05,440.45,299.37,141.08
PED-02567,2026-08-12,Notebook Pro 14,Tecnologia,Sul,Porto Alegre,João Ribeiro,E-commerce,Pessoa Física,1,5061.99,0,5061.99,3616.88,1445.11
PED-02568,2026-01-09,SSD 1TB,Componentes,Nordeste,Salvador,Isabela Freitas,Marketplace,Média Empresa,2,453.26,0.05,861.19,613.12,248.07
PED-02569,2026-03-15,Webcam HD,Acessórios,Centro-Oeste,Goiânia,Felipe Martins,Marketplace,Pequena Empresa,1,243.76,0,243.76,128.19,115.57
PED-02570,2025-08-08,Teclado Mecânico,Acessórios,Nordeste,Salvador,Diego Alves,Marketplace,Média Empresa,3,389.11,0.05,1108.96,640.65,468.31
PED-02571,2026-09-11,Webcam HD,Acessórios,Centro-Oeste,Goiânia,Carla Mendes,Loja Física,Pessoa Física,2,256.36,0.05,487.08,263.24,223.84
PED-02572,2025-11-18,Webcam HD,Acessórios,Nordeste,Fortaleza,João Ribeiro,Loja Física,Pequena Empresa,5,246.2,0.2,984.8,659.9,324.9
PED-02573,2025-07-20,Memória 16GB,Componentes,Nordeste,Fortaleza,Ana Lima,Marketplace,Média Empresa,3,317.56,0,952.68,586.77,365.91
PED-02574,2026-01-09,Dock Station,Acessórios,Nordeste,Recife,Ana Lima,Loja Física,Grande Empresa,1,558.25,0.15,474.51,308.95,165.56
PED-02575,2026-04-28,SSD 1TB,Componentes,Centro-Oeste,Cuiabá,Bruno Costa,E-commerce,Pessoa Física,3,475.4,0.05,1354.89,864.84,490.05
PED-02576,2025-05-10,SSD 500GB,Componentes,Sudeste,Rio de Janeiro,Carla Mendes,E-commerce,Pequena Empresa,1,296.62,0.15,252.13,175.47,76.66
PED-02577,2025-04-21,SSD 1TB,Componentes,Sul,Florianópolis,Isabela Freitas,Loja Física,Grande Empresa,4,473.03,0.1,1702.91,1176.88,526.03
PED-02578,2025-11-23,Webcam HD,Acessórios,Centro-Oeste,Cuiabá,Eduarda Rocha,E-commerce,Pessoa Física,1,255.8,0,255.8,125.95,129.85
PED-02579,2025-03-20,Notebook Air 13,Tecnologia,Sul,Florianópolis,Isabela Freitas,Marketplace,Pequena Empresa,3,3587.28,0,10761.84,8223.57,2538.27
PED-02580,2026-06-08,Notebook Pro 14,Tecnologia,Nordeste,Salvador,Ana Lima,E-commerce,Média Empresa,3,4955.43,0,14866.29,11071.74,3794.55
PED-02581,2026-03-16,Dock Station,Acessórios,Sudeste,São Paulo,Isabela Freitas,Marketplace,Pessoa Física,2,547.21,0,1094.42,613.44,480.98
PED-02582,2025-01-29,Notebook Air 13,Tecnologia,Sudeste,Rio de Janeiro,Diego Alves,E-commerce,Pessoa Física,1,3537.53,0,3537.53,2687.86,849.67
PED-02583,2025-08-01,Headset Pro,Acessórios,Sudeste,São Paulo,Isabela Freitas,Loja Física,Pequena Empresa,6,330.25,0.05,1882.42,1058.1,824.32
PED-02584,2025-01-11,Headset Pro,Acessórios,Sul,Porto Alegre,Gabriela Souza,E-commerce,Pessoa Física,4,336.18,0,1344.72,688.2,656.52
PED-02585,2026-05-10,Headset Pro,Acessórios,Sul,Florianópolis,Bruno Costa,Loja Física,Pessoa Física,1,325.62,0,325.62,173.85,151.77
PED-02586,2026-06-13,Headset Pro,Acessórios,Sul,Florianópolis,Eduarda Rocha,E-commerce,Pessoa Física,2,339.54,0,679.08,351.24,327.84
PED-02587,2026-02-01,Teclado Mecânico,Acessórios,Sul,Porto Alegre,Eduarda Rocha,Loja Física,Pessoa Física,1,398.24,0.05,378.33,215.56,162.77
PED-02588,2025-08-25,SSD 1TB,Componentes,Nordeste,Recife,Eduarda Rocha,Marketplace,Pessoa Física,8,469.35,0.1,3379.32,2394.8,984.52
PED-02589,2025-08-23,Teclado Mecânico,Acessórios,Sudeste,São Paulo,João Ribeiro,Loja Física,Pessoa Física,2,397.47,0.1,715.45,438.68,276.77
PED-02590,2025-07-12,Headset Pro,Acessórios,Centro-Oeste,Brasília,João Ribeiro,E-commerce,Grande Empresa,2,341.26,0,682.52,357.24,325.28
PED-02591,2025-03-10,SSD 1TB,Componentes,Sudeste,Campinas,Carla Mendes,Marketplace,Pessoa Física,1,449.75,0.1,404.78,288.47,116.31
PED-02592,2026-08-09,Memória 16GB,Componentes,Centro-Oeste,Brasília,Isabela Freitas,Marketplace,Pessoa Física,4,312.59,0.05,1187.84,793.8,394.04
PED-02593,2026-09-10,Monitor 24,Tecnologia,Sudeste,Belo Horizonte,Isabela Freitas,E-commerce,Pessoa Física,1,911.14,0.1,820.03,581.61,238.42
PED-02594,2026-02-23,Mouse Wireless,Acessórios,Sudeste,Belo Horizonte,Bruno Costa,Loja Física,Pessoa Física,1,183.3,0.05,174.13,84.41,89.72
PED-02595,2025-05-06,Notebook Pro 14,Tecnologia,Centro-Oeste,Cuiabá,Bruno Costa,E-commerce,Média Empresa,3,4938.27,0,14814.81,10876.17,3938.64
PED-02596,2026-08-09,Mouse Wireless,Acessórios,Sudeste,Campinas,João Ribeiro,Loja Física,Média Empresa,1,181.18,0.1,163.06,80.93,82.13
PED-02597,2026-05-20,Notebook Air 13,Tecnologia,Nordeste,Fortaleza,Ana Lima,E-commerce,Pessoa Física,2,3716.07,0.15,6317.32,5426.74,890.58
PED-02598,2025-05-13,Teclado Mecânico,Acessórios,Centro-Oeste,Cuiabá,Gabriela Souza,E-commerce,Pessoa Física,2,393.51,0.05,747.67,440.5,307.17
PED-02599,2026-07-23,SSD 1TB,Componentes,Sudeste,Rio de Janeiro,Henrique Dias,E-commerce,Pessoa Física,3,471.99,0.05,1345.17,886.53,458.64
PED-02600,2026-03-23,Notebook Pro 14,Tecnologia,Sudeste,Belo Horizonte,Diego Alves,E-commerce,Grande Empresa,3,4953.37,0.1,13374.1,11279.79,2094.31
PED-02601,2025-08-27,Notebook Air 13,Tecnologia,Sul,Porto Alegre,Diego Alves,E-commerce,Pessoa Física,1,3679.58,0.1,3311.62,2792.87,518.75
PED-02602,2026-04-08,Mouse Wireless,Acessórios,Centro-Oeste,Goiânia,Eduarda Rocha,Venda Corporativa,Pessoa Física,4,177.15,0,708.6,333.68,374.92
PED-02603,2025-02-14,SSD 1TB,Componentes,Sudeste,Campinas,Diego Alves,Marketplace,Pessoa Física,10,472.75,0.05,4491.12,3034.3,1456.82
PED-02604,2025-06-16,Webcam HD,Acessórios,Sudeste,Belo Horizonte,João Ribeiro,Marketplace,Pessoa Física,2,243.36,0.15,413.71,247.86,165.85
PED-02605,2026-08-13,Webcam HD,Acessórios,Sudeste,Campinas,Felipe Martins,E-commerce,Pequena Empresa,2,250.45,0.05,475.85,260.9,214.95
PED-02606,2025-06-05,Monitor 27,Tecnologia,Sudeste,Rio de Janeiro,Eduarda Rocha,Loja Física,Pessoa Física,10,1475.35,0,14753.5,9611.1,5142.4
PED-02607,2026-06-04,Teclado Mecânico,Acessórios,Centro-Oeste,Goiânia,Isabela Freitas,Venda Corporativa,Pequena Empresa,1,407.24,0.05,386.88,221.67,165.21
PED-02608,2025-07-06,SSD 500GB,Componentes,Nordeste,Recife,Bruno Costa,E-commerce,Pessoa Física,2,281.01,0.05,533.92,368.0,165.92
PED-02609,2026-03-30,Webcam HD,Acessórios,Centro-Oeste,Goiânia,João Ribeiro,E-commerce,Pessoa Física,3,257.1,0.05,732.73,381.18,351.55
PED-02610,2026-01-21,Monitor 24,Tecnologia,Sul,Florianópolis,Carla Mendes,Venda Corporativa,Média Empresa,6,921.45,0,5528.7,3482.88,2045.82
PED-02611,2026-03-25,Monitor 24,Tecnologia,Centro-Oeste,Brasília,Carla Mendes,Loja Física,Pessoa Física,1,897.63,0.1,807.87,618.13,189.74
PED-02612,2025-06-21,Teclado Mecânico,Acessórios,Sudeste,Rio de Janeiro,Diego Alves,Marketplace,Pequena Empresa,1,404.26,0,404.26,224.68,179.58
PED-02613,2025-09-16,Teclado Mecânico,Acessórios,Sudeste,Campinas,Ana Lima,Marketplace,Grande Empresa,1,394.25,0.2,315.4,214.11,101.29
PED-02614,2025-01-03,Headset Pro,Acessórios,Sul,Florianópolis,Carla Mendes,E-commerce,Pessoa Física,5,322.37,0,1611.85,856.2,755.65
PED-02615,2025-05-20,Dock Station,Acessórios,Sudeste,Campinas,Ana Lima,E-commerce,Pessoa Física,6,566.57,0,3399.42,1895.16,1504.26
PED-02616,2025-10-22,Dock Station,Acessórios,Sudeste,Belo Horizonte,Diego Alves,E-commerce,Grande Empresa,3,552.52,0.1,1491.8,912.03,579.77
PED-02617,2025-06-20,Mouse Wireless,Acessórios,Sudeste,Belo Horizonte,Carla Mendes,Loja Física,Pessoa Física,1,183.15,0.05,173.99,82.1,91.89
PED-02618,2025-05-16,Mouse Wireless,Acessórios,Sudeste,São Paulo,Henrique Dias,Loja Física,Grande Empresa,2,185.67,0.05,352.77,166.96,185.81
PED-02619,2025-01-29,SSD 500GB,Componentes,Sudeste,Rio de Janeiro,João Ribeiro,Venda Corporativa,Pessoa Física,1,290.05,0,290.05,185.68,104.37
PED-02620,2025-04-06,SSD 1TB,Componentes,Centro-Oeste,Goiânia,Isabela Freitas,Loja Física,Pessoa Física,1,463.76,0.05,440.57,288.85,151.72
PED-02621,2026-04-29,SSD 1TB,Componentes,Sul,Porto Alegre,Carla Mendes,Venda Corporativa,Pessoa Física,1,447.68,0.1,402.91,302.54,100.37
PED-02622,2025-11-14,SSD 1TB,Componentes,Sudeste,Campinas,Carla Mendes,Loja Física,Pessoa Física,6,455.18,0.05,2594.53,1731.06,863.47
PED-02623,2025-01-09,Monitor 24,Tecnologia,Sudeste,Rio de Janeiro,Isabela Freitas,Loja Física,Pessoa Física,1,916.18,0,916.18,585.58,330.6
PED-02624,2026-05-15,Teclado Mecânico,Acessórios,Sudeste,São Paulo,Carla Mendes,Venda Corporativa,Pessoa Física,1,408.04,0.1,367.24,211.94,155.3
PED-02625,2026-05-16,Mouse Wireless,Acessórios,Sudeste,Belo Horizonte,Bruno Costa,E-commerce,Pessoa Física,2,182.35,0.1,328.23,161.36,166.87
PED-02626,2025-10-03,Headset Pro,Acessórios,Sudeste,Campinas,Felipe Martins,Marketplace,Pessoa Física,1,334.81,0,334.81,174.42,160.39
PED-02627,2025-09-16,Teclado Mecânico,Acessórios,Sudeste,São Paulo,Diego Alves,Venda Corporativa,Pessoa Física,2,396.57,0.15,674.17,443.52,230.65
PED-02628,2025-07-13,Monitor 24,Tecnologia,Sudeste,Belo Horizonte,Isabela Freitas,Venda Corporativa,Pessoa Física,1,897.07,0.05,852.22,607.41,244.81
PED-02629,2025-01-11,Headset Pro,Acessórios,Sudeste,São Paulo,Eduarda Rocha,E-commerce,Grande Empresa,1,330.31,0,330.31,170.79,159.52
PED-02630,2026-06-29,Mouse Wireless,Acessórios,Sul,Curitiba,João Ribeiro,Loja Física,Pessoa Física,1,180.72,0.1,162.65,83.21,79.44
PED-02631,2026-05-10,SSD 500GB,Componentes,Sudeste,Rio de Janeiro,Felipe Martins,E-commerce,Pessoa Física,1,291.45,0.05,276.88,183.42,93.46
PED-02632,2025-05-10,Monitor 24,Tecnologia,Sudeste,Rio de Janeiro,João Ribeiro,Loja Física,Pessoa Física,1,884.47,0.1,796.02,597.88,198.14
PED-02633,2025-12-15,Dock Station,Acessórios,Sudeste,São Paulo,Felipe Martins,Loja Física,Média Empresa,5,563.68,0.15,2395.64,1527.4,868.24
PED-02634,2025-08-05,SSD 1TB,Componentes,Sul,Curitiba,Eduarda Rocha,Loja Física,Grande Empresa,5,471.91,0.05,2241.57,1477.75,763.82
PED-02635,2025-04-24,Teclado Mecânico,Acessórios,Centro-Oeste,Goiânia,Isabela Freitas,Marketplace,Média Empresa,2,390.67,0,781.34,439.5,341.84
PED-02636,2026-06-14,Dock Station,Acessórios,Sudeste,São Paulo,Carla Mendes,E-commerce,Pessoa Física,8,550.59,0.1,3964.25,2508.4,1455.85
PED-02637,2026-03-21,Memória 16GB,Componentes,Nordeste,Recife,Carla Mendes,Venda Corporativa,Pessoa Física,1,323.49,0,323.49,191.76,131.73
PED-02638,2025-11-08,SSD 1TB,Componentes,Centro-Oeste,Cuiabá,Henrique Dias,E-commerce,Grande Empresa,1,456.08,0.05,433.28,294.46,138.82
PED-02639,2025-11-11,Monitor 24,Tecnologia,Centro-Oeste,Cuiabá,Ana Lima,Marketplace,Pequena Empresa,2,886.28,0.1,1595.3,1233.06,362.24
PED-02640,2025-01-20,SSD 500GB,Componentes,Sudeste,Belo Horizonte,Henrique Dias,Loja Física,Pessoa Física,1,281.34,0,281.34,178.02,103.32
PED-02641,2026-09-08,Notebook Air 13,Tecnologia,Sudeste,Belo Horizonte,Henrique Dias,E-commerce,Pessoa Física,1,3587.25,0,3587.25,2803.62,783.63
PED-02642,2025-05-22,Monitor 27,Tecnologia,Sudeste,Rio de Janeiro,Ana Lima,E-commerce,Pequena Empresa,1,1462.9,0.05,1389.76,1026.08,363.68
PED-02643,2025-03-02,Notebook Air 13,Tecnologia,Sul,Curitiba,Henrique Dias,E-commerce,Grande Empresa,1,3697.51,0.05,3512.63,2730.92,781.71
PED-02644,2025-03-09,Teclado Mecânico,Acessórios,Sul,Porto Alegre,Gabriela Souza,Loja Física,Pequena Empresa,5,401.6,0.1,1807.2,1062.95,744.25
PED-02645,2026-09-18,Monitor 24,Tecnologia,Sudeste,Belo Horizonte,João Ribeiro,Loja Física,Pequena Empresa,2,881.97,0,1763.94,1200.9,563.04
PED-02646,2025-09-06,SSD 500GB,Componentes,Nordeste,Fortaleza,Gabriela Souza,Marketplace,Média Empresa,2,299.23,0.05,568.54,373.38,195.16
PED-02647,2025-09-13,SSD 1TB,Componentes,Sudeste,Rio de Janeiro,Carla Mendes,Loja Física,Média Empresa,3,470.27,0.05,1340.27,883.17,457.1
PED-02648,2025-01-11,Notebook Pro 14,Tecnologia,Nordeste,Salvador,João Ribeiro,Loja Física,Pessoa Física,3,4900.29,0.1,13230.78,11376.72,1854.06
PED-02649,2026-02-21,Notebook Air 13,Tecnologia,Centro-Oeste,Cuiabá,Eduarda Rocha,E-commerce,Pessoa Física,2,3668.81,0.15,6236.98,5432.28,804.7
PED-02650,2025-02-23,Memória 16GB,Componentes,Centro-Oeste,Brasília,Diego Alves,E-commerce,Pequena Empresa,2,326.18,0.1,587.12,394.0,193.12
PED-02651,2026-03-30,Mouse Wireless,Acessórios,Nordeste,Recife,João Ribeiro,E-commerce,Pessoa Física,8,178.65,0.1,1286.28,643.76,642.52
PED-02652,2025-11-24,Monitor 24,Tecnologia,Nordeste,Fortaleza,João Ribeiro,Venda Corporativa,Pequena Empresa,3,901.53,0,2704.59,1820.58,884.01
PED-02653,2025-12-09,Webcam HD,Acessórios,Sudeste,São Paulo,Diego Alves,E-commerce,Média Empresa,1,252.49,0,252.49,130.87,121.62
PED-02654,2025-08-02,Notebook Pro 14,Tecnologia,Sudeste,Rio de Janeiro,Gabriela Souza,E-commerce,Média Empresa,1,5072.12,0.1,4564.91,3582.53,982.38
PED-02655,2026-08-07,Dock Station,Acessórios,Sudeste,Campinas,Carla Mendes,E-commerce,Pessoa Física,1,547.89,0.15,465.71,306.52,159.19
PED-02656,2025-05-16,Mouse Wireless,Acessórios,Sudeste,São Paulo,Henrique Dias,Marketplace,Pessoa Física,1,179.88,0.05,170.89,84.97,85.92
PED-02657,2025-10-01,SSD 500GB,Componentes,Centro-Oeste,Brasília,Eduarda Rocha,E-commerce,Média Empresa,4,299.47,0.1,1078.09,717.36,360.73
PED-02658,2025-03-14,Notebook Air 13,Tecnologia,Sul,Curitiba,Felipe Martins,Marketplace,Média Empresa,1,3692.77,0,3692.77,2662.55,1030.22
PED-02659,2026-05-13,Dock Station,Acessórios,Sudeste,São Paulo,Diego Alves,Marketplace,Pequena Empresa,5,545.95,0.15,2320.29,1599.6,720.69
PED-02660,2025-11-14,SSD 1TB,Componentes,Centro-Oeste,Brasília,João Ribeiro,Marketplace,Pessoa Física,1,469.53,0.05,446.05,293.48,152.57
PED-02661,2025-05-05,Headset Pro,Acessórios,Sudeste,Rio de Janeiro,Carla Mendes,Venda Corporativa,Pequena Empresa,1,324.8,0,324.8,177.63,147.17
PED-02662,2026-03-17,Notebook Air 13,Tecnologia,Nordeste,Salvador,Bruno Costa,Marketplace,Média Empresa,3,3671.44,0.15,9362.17,8102.52,1259.65
PED-02663,2025-05-15,Notebook Pro 14,Tecnologia,Centro-Oeste,Brasília,Henrique Dias,Loja Física,Pessoa Física,1,4859.84,0,4859.84,3720.69,1139.15
PED-02664,2026-01-30,Dock Station,Acessórios,Nordeste,Fortaleza,Gabriela Souza,Loja Física,Pessoa Física,1,540.82,0,540.82,324.73,216.09
PED-02665,2025-01-25,Dock Station,Acessórios,Sudeste,São Paulo,Bruno Costa,E-commerce,Média Empresa,3,536.22,0.05,1528.23,914.67,613.56
PED-02666,2025-08-10,SSD 1TB,Componentes,Sudeste,São Paulo,Isabela Freitas,Loja Física,Pessoa Física,4,466.32,0.15,1585.49,1176.2,409.29
PED-02667,2025-09-06,Dock Station,Acessórios,Sul,Porto Alegre,Isabela Freitas,Loja Física,Pessoa Física,1,558.86,0.05,530.92,324.04,206.88
PED-02668,2026-09-03,Notebook Pro 14,Tecnologia,Centro-Oeste,Cuiabá,Ana Lima,Marketplace,Pessoa Física,10,4935.94,0.1,44423.46,36179.6,8243.86
PED-02669,2026-05-06,Monitor 27,Tecnologia,Sul,Curitiba,Henrique Dias,Venda Corporativa,Pequena Empresa,1,1521.01,0,1521.01,998.4,522.61
PED-02670,2025-10-25,Webcam HD,Acessórios,Sudeste,Rio de Janeiro,Henrique Dias,E-commerce,Pessoa Física,1,254.2,0.05,241.49,129.76,111.73
PED-02671,2025-01-30,Dock Station,Acessórios,Sudeste,Campinas,João Ribeiro,Loja Física,Média Empresa,3,570.52,0.05,1625.98,935.58,690.4
PED-02672,2025-09-19,Mouse Wireless,Acessórios,Centro-Oeste,Cuiabá,Isabela Freitas,E-commerce,Pessoa Física,1,176.93,0.05,168.08,80.56,87.52
PED-02673,2026-03-22,Headset Pro,Acessórios,Sul,Florianópolis,Gabriela Souza,Loja Física,Pessoa Física,2,339.7,0.1,611.46,337.18,274.28
PED-02674,2025-11-08,Mouse Wireless,Acessórios,Sudeste,Belo Horizonte,João Ribeiro,Marketplace,Média Empresa,1,185.23,0,185.23,80.87,104.36
PED-02675,2025-02-19,SSD 500GB,Componentes,Sul,Curitiba,João Ribeiro,Venda Corporativa,Pessoa Física,1,297.22,0,297.22,178.75,118.47
PED-02676,2025-12-06,Monitor 24,Tecnologia,Sudeste,Campinas,Henrique Dias,Loja Física,Pessoa Física,3,903.19,0,2709.57,1803.63,905.94
PED-02677,2025-04-21,SSD 1TB,Componentes,Nordeste,Recife,Bruno Costa,E-commerce,Pessoa Física,3,448.56,0,1345.68,874.59,471.09
PED-02678,2025-02-28,Monitor 27,Tecnologia,Centro-Oeste,Goiânia,Felipe Martins,E-commerce,Pequena Empresa,10,1558.18,0,15581.8,9952.0,5629.8
PED-02679,2025-02-07,SSD 500GB,Componentes,Sul,Florianópolis,Diego Alves,Loja Física,Pessoa Física,3,290.65,0,871.95,528.36,343.59
PED-02680,2026-01-22,Notebook Air 13,Tecnologia,Sudeste,São Paulo,Diego Alves,Marketplace,Pequena Empresa,1,3660.14,0,3660.14,2661.02,999.12
PED-02681,2026-08-18,Notebook Air 13,Tecnologia,Sudeste,Belo Horizonte,Carla Mendes,Loja Física,Pequena Empresa,1,3665.28,0,3665.28,2791.22,874.06
PED-02682,2025-04-19,Webcam HD,Acessórios,Centro-Oeste,Cuiabá,Gabriela Souza,E-commerce,Pessoa Física,3,252.32,0,756.96,388.77,368.19
PED-02683,2026-01-03,Notebook Air 13,Tecnologia,Sul,Porto Alegre,Carla Mendes,E-commerce,Pessoa Física,4,3505.06,0.1,12618.22,10749.12,1869.1
PED-02684,2025-09-13,Notebook Pro 14,Tecnologia,Sudeste,Belo Horizonte,Ana Lima,E-commerce,Pequena Empresa,2,5079.0,0.15,8634.3,7248.26,1386.04
PED-02685,2025-03-22,SSD 500GB,Componentes,Sudeste,São Paulo,Eduarda Rocha,E-commerce,Pessoa Física,2,290.58,0.1,523.04,371.52,151.52
PED-02686,2025-12-11,Notebook Air 13,Tecnologia,Sudeste,Campinas,Ana Lima,Marketplace,Média Empresa,4,3523.05,0,14092.2,11023.24,3068.96
PED-02687,2025-10-28,Teclado Mecânico,Acessórios,Sul,Florianópolis,Ana Lima,Loja Física,Pessoa Física,1,390.96,0,390.96,216.58,174.38
PED-02688,2025-11-27,Dock Station,Acessórios,Nordeste,Recife,Eduarda Rocha,E-commerce,Pessoa Física,1,559.2,0.2,447.36,307.04,140.32
PED-02689,2026-07-04,Dock Station,Acessórios,Nordeste,Salvador,Bruno Costa,E-commerce,Pessoa Física,2,534.13,0,1068.26,648.52,419.74
PED-02690,2025-04-23,Dock Station,Acessórios,Sudeste,Rio de Janeiro,Gabriela Souza,Marketplace,Pequena Empresa,4,562.81,0.15,1913.55,1267.64,645.91
PED-02691,2025-09-12,SSD 500GB,Componentes,Sul,Curitiba,Gabriela Souza,E-commerce,Pessoa Física,6,298.0,0.1,1609.2,1089.12,520.08
PED-02692,2025-05-08,Notebook Air 13,Tecnologia,Nordeste,Fortaleza,Carla Mendes,Marketplace,Média Empresa,1,3642.0,0.1,3277.8,2824.33,453.47
PED-02693,2026-05-13,Headset Pro,Acessórios,Sul,Florianópolis,Diego Alves,E-commerce,Grande Empresa,1,321.28,0,321.28,176.62,144.66
PED-02694,2026-06-13,Notebook Air 13,Tecnologia,Sudeste,São Paulo,Eduarda Rocha,E-commerce,Grande Empresa,6,3549.34,0.1,19166.44,16293.18,2873.26
PED-02695,2025-04-29,Webcam HD,Acessórios,Centro-Oeste,Cuiabá,Ana Lima,E-commerce,Pessoa Física,2,251.51,0.05,477.87,251.8,226.07
PED-02696,2025-02-18,Headset Pro,Acessórios,Sudeste,Belo Horizonte,Isabela Freitas,Loja Física,Pessoa Física,1,337.77,0,337.77,171.81,165.96
PED-02697,2026-02-04,Teclado Mecânico,Acessórios,Sudeste,Rio de Janeiro,Carla Mendes,Loja Física,Pequena Empresa,2,388.56,0,777.12,443.24,333.88
PED-02698,2025-01-28,Monitor 24,Tecnologia,Sudeste,Campinas,Eduarda Rocha,E-commerce,Pequena Empresa,2,900.33,0.2,1440.53,1206.32,234.21
PED-02699,2025-08-24,Monitor 24,Tecnologia,Sul,Florianópolis,Diego Alves,E-commerce,Grande Empresa,2,923.37,0,1846.74,1189.82,656.92
PED-02700,2025-11-04,Notebook Air 13,Tecnologia,Sudeste,Campinas,Ana Lima,E-commerce,Pessoa Física,4,3727.92,0,14911.68,11156.52,3755.16
PED-02701,2026-07-24,Notebook Pro 14,Tecnologia,Sudeste,Campinas,Diego Alves,E-commerce,Média Empresa,1,4958.67,0.2,3966.94,3741.54,225.4
PED-02702,2025-10-30,Headset Pro,Acessórios,Nordeste,Salvador,Felipe Martins,E-commerce,Pessoa Física,6,325.6,0,1953.6,1026.36,927.24
PED-02703,2026-06-18,Headset Pro,Acessórios,Sudeste,Belo Horizonte,Isabela Freitas,E-commerce,Pequena Empresa,2,325.39,0.05,618.24,341.2,277.04
PED-02704,2025-03-13,Webcam HD,Acessórios,Sudeste,Rio de Janeiro,Gabriela Souza,Marketplace,Pessoa Física,1,255.44,0.15,217.12,123.51,93.61
PED-02705,2025-03-15,Webcam HD,Acessórios,Sul,Curitiba,Henrique Dias,E-commerce,Média Empresa,2,255.75,0.1,460.35,263.44,196.91
PED-02706,2026-03-31,Dock Station,Acessórios,Sudeste,São Paulo,Henrique Dias,E-commerce,Pequena Empresa,2,533.93,0,1067.86,634.34,433.52
PED-02707,2025-06-24,Notebook Air 13,Tecnologia,Sudeste,Belo Horizonte,Bruno Costa,Venda Corporativa,Média Empresa,1,3603.83,0.05,3423.64,2698.95,724.69
PED-02708,2025-08-27,SSD 500GB,Componentes,Sul,Porto Alegre,João Ribeiro,Marketplace,Grande Empresa,6,283.6,0,1701.6,1089.06,612.54
PED-02709,2025-04-22,Webcam HD,Acessórios,Nordeste,Salvador,Diego Alves,Marketplace,Pessoa Física,5,254.73,0.15,1082.6,631.1,451.5
PED-02710,2026-08-23,SSD 1TB,Componentes,Sudeste,Campinas,Felipe Martins,E-commerce,Pessoa Física,1,460.58,0.1,414.52,303.16,111.36
PED-02711,2025-08-30,Notebook Air 13,Tecnologia,Centro-Oeste,Brasília,João Ribeiro,Venda Corporativa,Pequena Empresa,3,3618.65,0,10855.95,8375.82,2480.13
PED-02712,2025-06-05,Monitor 24,Tecnologia,Nordeste,Fortaleza,Felipe Martins,Marketplace,Pessoa Física,1,924.61,0.1,832.15,584.54,247.61
PED-02713,2026-05-06,SSD 500GB,Componentes,Nordeste,Fortaleza,Henrique Dias,Marketplace,Pessoa Física,1,285.21,0.15,242.43,181.62,60.81
PED-02714,2025-05-08,Webcam HD,Acessórios,Centro-Oeste,Goiânia,Henrique Dias,Venda Corporativa,Pessoa Física,1,243.3,0.05,231.13,131.18,99.95
PED-02715,2025-11-24,Webcam HD,Acessórios,Sul,Curitiba,Bruno Costa,E-commerce,Pessoa Física,2,251.24,0.1,452.23,250.28,201.95
PED-02716,2026-01-15,Teclado Mecânico,Acessórios,Sudeste,Campinas,Diego Alves,Marketplace,Pessoa Física,2,413.25,0,826.5,441.34,385.16
PED-02717,2025-12-02,Mouse Wireless,Acessórios,Sul,Curitiba,João Ribeiro,Marketplace,Pessoa Física,1,185.94,0.1,167.35,84.52,82.83
PED-02718,2026-02-09,Headset Pro,Acessórios,Centro-Oeste,Cuiabá,Carla Mendes,E-commerce,Pessoa Física,4,326.71,0.1,1176.16,700.08,476.08
PED-02719,2025-06-27,Headset Pro,Acessórios,Centro-Oeste,Brasília,Ana Lima,Marketplace,Pequena Empresa,4,336.88,0,1347.52,672.96,674.56
PED-02720,2025-12-01,Headset Pro,Acessórios,Sudeste,São Paulo,João Ribeiro,Loja Física,Pessoa Física,4,336.33,0.2,1076.26,700.32,375.94
PED-02721,2025-03-25,Monitor 27,Tecnologia,Centro-Oeste,Brasília,Ana Lima,E-commerce,Pequena Empresa,2,1474.3,0.1,2653.74,2037.92,615.82
PED-02722,2026-01-20,SSD 1TB,Componentes,Sul,Florianópolis,Isabela Freitas,Venda Corporativa,Pessoa Física,1,447.59,0.15,380.45,291.55,88.9
PED-02723,2025-09-26,Dock Station,Acessórios,Sudeste,Campinas,Diego Alves,Loja Física,Pessoa Física,5,544.71,0,2723.55,1564.45,1159.1
PED-02724,2026-09-13,Monitor 27,Tecnologia,Sudeste,São Paulo,Isabela Freitas,Loja Física,Média Empresa,1,1462.59,0,1462.59,1010.29,452.3
PED-02725,2026-02-12,Teclado Mecânico,Acessórios,Sudeste,Campinas,Bruno Costa,Loja Física,Pequena Empresa,3,391.37,0.1,1056.7,650.76,405.94
PED-02726,2025-04-30,Memória 16GB,Componentes,Sul,Florianópolis,Diego Alves,Loja Física,Pessoa Física,6,310.91,0.05,1772.19,1191.06,581.13
PED-02727,2026-03-21,Teclado Mecânico,Acessórios,Sudeste,Rio de Janeiro,Carla Mendes,E-commerce,Pessoa Física,1,393.4,0.05,373.73,213.4,160.33
PED-02728,2025-12-18,Monitor 27,Tecnologia,Nordeste,Fortaleza,Carla Mendes,Venda Corporativa,Pequena Empresa,2,1464.7,0.05,2782.93,1973.0,809.93
PED-02729,2026-09-09,Monitor 24,Tecnologia,Sudeste,Belo Horizonte,João Ribeiro,Marketplace,Pessoa Física,4,883.77,0,3535.08,2343.36,1191.72
PED-02730,2026-09-22,Headset Pro,Acessórios,Nordeste,Recife,Eduarda Rocha,Marketplace,Pessoa Física,8,336.33,0.1,2421.58,1381.76,1039.82
PED-02731,2026-07-10,Headset Pro,Acessórios,Sul,Curitiba,Bruno Costa,E-commerce,Grande Empresa,1,319.69,0.05,303.71,176.05,127.66
PED-02732,2025-01-26,Mouse Wireless,Acessórios,Sul,Porto Alegre,Bruno Costa,Marketplace,Pessoa Física,1,183.43,0.1,165.09,80.68,84.41
PED-02733,2026-02-02,Memória 16GB,Componentes,Centro-Oeste,Goiânia,Isabela Freitas,Loja Física,Pequena Empresa,1,311.62,0,311.62,189.21,122.41
PED-02734,2025-09-30,Headset Pro,Acessórios,Centro-Oeste,Goiânia,Carla Mendes,E-commerce,Pessoa Física,3,335.82,0.05,957.09,510.51,446.58
PED-02735,2025-07-14,Mouse Wireless,Acessórios,Sul,Curitiba,Isabela Freitas,Marketplace,Pessoa Física,1,181.02,0.1,162.92,85.82,77.1
PED-02736,2026-04-25,Monitor 24,Tecnologia,Nordeste,Fortaleza,Diego Alves,Loja Física,Pessoa Física,2,920.09,0.05,1748.17,1161.98,586.19
PED-02737,2025-05-30,Teclado Mecânico,Acessórios,Nordeste,Recife,Bruno Costa,E-commerce,Pessoa Física,1,412.79,0.05,392.15,210.88,181.27
PED-02738,2026-06-25,Headset Pro,Acessórios,Sudeste,Belo Horizonte,Gabriela Souza,Venda Corporativa,Pessoa Física,2,327.53,0,655.06,348.46,306.6
PED-02739,2025-06-14,Monitor 24,Tecnologia,Sudeste,São Paulo,Isabela Freitas,E-commerce,Pessoa Física,1,904.01,0.1,813.61,584.24,229.37
PED-02740,2025-06-20,SSD 500GB,Componentes,Sudeste,Rio de Janeiro,Isabela Freitas,Loja Física,Grande Empresa,4,282.57,0,1130.28,742.0,388.28
PED-02741,2026-06-19,Dock Station,Acessórios,Sudeste,Rio de Janeiro,Henrique Dias,E-commerce,Pessoa Física,1,553.47,0.15,470.45,307.04,163.41
PED-02742,2025-01-03,Webcam HD,Acessórios,Sudeste,São Paulo,João Ribeiro,Loja Física,Pessoa Física,1,245.95,0.05,233.65,129.42,104.23
PED-02743,2026-03-24,SSD 500GB,Componentes,Nordeste,Recife,João Ribeiro,Marketplace,Pequena Empresa,1,281.67,0.05,267.59,182.22,85.37
PED-02744,2025-12-02,Mouse Wireless,Acessórios,Sudeste,São Paulo,Ana Lima,Venda Corporativa,Média Empresa,1,177.43,0,177.43,83.45,93.98
PED-02745,2025-09-20,Memória 16GB,Componentes,Sudeste,Campinas,Carla Mendes,E-commerce,Pessoa Física,1,319.52,0,319.52,188.9,130.62
PED-02746,2025-11-26,Notebook Pro 14,Tecnologia,Sudeste,Rio de Janeiro,Ana Lima,Marketplace,Pessoa Física,1,5032.98,0,5032.98,3647.18,1385.8
PED-02747,2026-04-13,Mouse Wireless,Acessórios,Nordeste,Fortaleza,Bruno Costa,Venda Corporativa,Pequena Empresa,1,174.01,0.2,139.21,83.84,55.37
PED-02748,2026-03-02,Memória 16GB,Componentes,Sudeste,São Paulo,Gabriela Souza,Marketplace,Pequena Empresa,2,319.95,0.15,543.91,392.44,151.47
PED-02749,2025-01-10,Monitor 24,Tecnologia,Sudeste,São Paulo,Eduarda Rocha,E-commerce,Média Empresa,1,878.3,0,878.3,594.35,283.95
PED-02750,2026-08-18,Webcam HD,Acessórios,Sudeste,Belo Horizonte,Eduarda Rocha,Marketplace,Pessoa Física,1,252.96,0,252.96,127.8,125.16
PED-02751,2025-11-03,Monitor 27,Tecnologia,Sul,Porto Alegre,Carla Mendes,Loja Física,Pequena Empresa,1,1454.67,0,1454.67,1016.52,438.15
PED-02752,2026-09-17,Headset Pro,Acessórios,Sul,Florianópolis,Gabriela Souza,E-commerce,Pequena Empresa,1,322.87,0,322.87,171.55,151.32
PED-02753,2025-06-13,Memória 16GB,Componentes,Sudeste,Rio de Janeiro,Carla Mendes,Marketplace,Grande Empresa,6,328.13,0,1968.78,1138.56,830.22
PED-02754,2026-04-12,SSD 500GB,Componentes,Sudeste,Belo Horizonte,Diego Alves,E-commerce,Pessoa Física,1,294.76,0.1,265.28,180.63,84.65
PED-02755,2026-02-19,Monitor 27,Tecnologia,Centro-Oeste,Cuiabá,Diego Alves,Loja Física,Pessoa Física,1,1488.62,0,1488.62,971.32,517.3
PED-02756,2025-11-29,Mouse Wireless,Acessórios,Sul,Porto Alegre,Carla Mendes,Loja Física,Pequena Empresa,2,174.14,0,348.28,161.66,186.62
PED-02757,2026-04-01,Teclado Mecânico,Acessórios,Sul,Curitiba,Diego Alves,E-commerce,Média Empresa,1,411.91,0.15,350.12,218.34,131.78
PED-02758,2026-08-31,Webcam HD,Acessórios,Sudeste,Campinas,Bruno Costa,Marketplace,Média Empresa,1,244.63,0.15,207.94,132.23,75.71
PED-02759,2025-08-14,Mouse Wireless,Acessórios,Centro-Oeste,Goiânia,Eduarda Rocha,Marketplace,Pessoa Física,5,182.86,0,914.3,411.9,502.4
PED-02760,2026-02-21,Webcam HD,Acessórios,Sudeste,Campinas,João Ribeiro,Loja Física,Média Empresa,1,249.36,0,249.36,128.71,120.65
PED-02761,2026-07-16,Monitor 24,Tecnologia,Sudeste,Belo Horizonte,Felipe Martins,Loja Física,Grande Empresa,2,920.3,0,1840.6,1212.8,627.8
PED-02762,2025-03-31,Headset Pro,Acessórios,Sudeste,Belo Horizonte,Isabela Freitas,Loja Física,Média Empresa,1,339.35,0.1,305.42,175.47,129.95
PED-02763,2025-06-21,Monitor 27,Tecnologia,Sudeste,Rio de Janeiro,Diego Alves,E-commerce,Pessoa Física,4,1550.08,0,6200.32,3895.32,2305.0
PED-02764,2026-04-15,Headset Pro,Acessórios,Nordeste,Salvador,Carla Mendes,Marketplace,Pequena Empresa,5,335.75,0.05,1594.81,838.3,756.51
PED-02765,2026-05-23,Teclado Mecânico,Acessórios,Sudeste,São Paulo,Bruno Costa,Marketplace,Pequena Empresa,2,400.41,0.1,720.74,448.0,272.74
PED-02766,2026-09-01,Monitor 27,Tecnologia,Sudeste,Belo Horizonte,Gabriela Souza,Venda Corporativa,Média Empresa,5,1508.68,0,7543.4,4968.6,2574.8
PED-02767,2026-07-08,Dock Station,Acessórios,Sul,Curitiba,Isabela Freitas,E-commerce,Pequena Empresa,6,552.21,0.15,2816.27,1889.52,926.75
PED-02768,2025-04-18,Dock Station,Acessórios,Nordeste,Recife,Diego Alves,Venda Corporativa,Pessoa Física,3,567.48,0,1702.44,948.42,754.02
PED-02769,2025-01-05,Webcam HD,Acessórios,Sudeste,Belo Horizonte,João Ribeiro,Loja Física,Pequena Empresa,4,255.89,0.1,921.2,521.52,399.68
PED-02770,2025-11-17,Webcam HD,Acessórios,Nordeste,Fortaleza,Eduarda Rocha,Venda Corporativa,Pessoa Física,1,249.41,0.2,199.53,128.61,70.92
PED-02771,2025-06-24,Memória 16GB,Componentes,Sudeste,Campinas,Felipe Martins,E-commerce,Pessoa Física,3,331.62,0.15,845.63,565.92,279.71
PED-02772,2026-02-05,Notebook Pro 14,Tecnologia,Centro-Oeste,Cuiabá,Eduarda Rocha,E-commerce,Pessoa Física,6,4961.64,0,29769.84,21966.96,7802.88
PED-02773,2026-08-05,Memória 16GB,Componentes,Sudeste,Campinas,Felipe Martins,Loja Física,Pessoa Física,2,324.43,0,648.86,383.18,265.68
PED-02774,2026-07-20,Notebook Air 13,Tecnologia,Sudeste,Belo Horizonte,Diego Alves,Venda Corporativa,Pequena Empresa,2,3544.07,0.2,5670.51,5689.52,-19.01
PED-02775,2025-04-11,SSD 500GB,Componentes,Nordeste,Recife,Gabriela Souza,E-commerce,Média Empresa,3,293.63,0,880.89,547.32,333.57
PED-02776,2025-01-03,Webcam HD,Acessórios,Sul,Curitiba,Gabriela Souza,Loja Física,Pessoa Física,1,247.13,0.1,222.42,123.6,98.82
PED-02777,2025-07-13,Headset Pro,Acessórios,Sul,Florianópolis,Felipe Martins,E-commerce,Pessoa Física,3,323.44,0,970.32,505.86,464.46
PED-02778,2025-05-22,SSD 500GB,Componentes,Nordeste,Recife,Diego Alves,E-commerce,Pessoa Física,3,296.69,0.1,801.06,533.97,267.09
PED-02779,2026-04-07,Monitor 27,Tecnologia,Sudeste,São Paulo,Diego Alves,E-commerce,Pessoa Física,1,1484.67,0.05,1410.44,1014.75,395.69
PED-02780,2025-12-04,Notebook Pro 14,Tecnologia,Sul,Florianópolis,Felipe Martins,E-commerce,Pessoa Física,2,5065.21,0.2,8104.34,7230.04,874.3
PED-02781,2025-02-11,Headset Pro,Acessórios,Sudeste,Belo Horizonte,Bruno Costa,E-commerce,Grande Empresa,1,327.43,0.15,278.32,170.86,107.46
PED-02782,2026-04-27,Headset Pro,Acessórios,Sudeste,Rio de Janeiro,Bruno Costa,Loja Física,Pessoa Física,3,333.75,0,1001.25,519.9,481.35
PED-02783,2025-01-15,Headset Pro,Acessórios,Sudeste,Campinas,Gabriela Souza,E-commerce,Pessoa Física,5,331.59,0.15,1409.26,852.1,557.16
PED-02784,2025-01-28,Mouse Wireless,Acessórios,Sudeste,Belo Horizonte,Gabriela Souza,Loja Física,Pessoa Física,3,178.28,0.15,454.61,246.66,207.95
PED-02785,2025-12-15,SSD 1TB,Componentes,Sudeste,Rio de Janeiro,Gabriela Souza,E-commerce,Pessoa Física,1,469.91,0.05,446.41,298.54,147.87
PED-02786,2025-11-16,Monitor 24,Tecnologia,Sudeste,Rio de Janeiro,Henrique Dias,Loja Física,Grande Empresa,2,888.57,0.05,1688.28,1224.42,463.86
PED-02787,2025-02-06,Notebook Pro 14,Tecnologia,Sul,Florianópolis,Diego Alves,Loja Física,Pessoa Física,3,4800.77,0.1,12962.08,11466.75,1495.33
PED-02788,2026-07-31,Notebook Pro 14,Tecnologia,Sudeste,Rio de Janeiro,Carla Mendes,E-commerce,Pessoa Física,6,4889.34,0.1,26402.44,22164.0,4238.44
PED-02789,2026-09-13,Notebook Pro 14,Tecnologia,Sudeste,Campinas,Ana Lima,Venda Corporativa,Pessoa Física,1,4765.29,0,4765.29,3629.94,1135.35
PED-02790,2025-08-02,Teclado Mecânico,Acessórios,Sudeste,São Paulo,Henrique Dias,Loja Física,Pessoa Física,1,392.12,0,392.12,211.81,180.31
PED-02791,2025-07-18,SSD 500GB,Componentes,Sudeste,Rio de Janeiro,João Ribeiro,Marketplace,Média Empresa,1,292.02,0.05,277.42,179.15,98.27
PED-02792,2026-09-17,Monitor 27,Tecnologia,Sudeste,Belo Horizonte,Diego Alves,E-commerce,Pessoa Física,1,1544.89,0.05,1467.65,1021.98,445.67
PED-02793,2025-05-09,Monitor 27,Tecnologia,Sul,Florianópolis,Henrique Dias,Loja Física,Pessoa Física,2,1484.05,0,2968.1,1997.58,970.52
PED-02794,2026-05-18,Memória 16GB,Componentes,Sul,Porto Alegre,Carla Mendes,Venda Corporativa,Média Empresa,1,312.98,0,312.98,196.01,116.97
PED-02795,2025-01-27,Notebook Air 13,Tecnologia,Centro-Oeste,Brasília,Gabriela Souza,Venda Corporativa,Pessoa Física,5,3668.31,0,18341.55,13625.85,4715.7
PED-02796,2026-08-17,Mouse Wireless,Acessórios,Sudeste,Belo Horizonte,Henrique Dias,Loja Física,Média Empresa,2,173.87,0.1,312.97,165.62,147.35
PED-02797,2025-09-29,Webcam HD,Acessórios,Sudeste,Belo Horizonte,Felipe Martins,E-commerce,Pessoa Física,2,245.9,0.05,467.21,255.68,211.53
PED-02798,2026-07-04,Teclado Mecânico,Acessórios,Sudeste,São Paulo,João Ribeiro,E-commerce,Pessoa Física,2,388.51,0.1,699.32,434.46,264.86
PED-02799,2025-05-26,SSD 1TB,Componentes,Sul,Florianópolis,Henrique Dias,Venda Corporativa,Pessoa Física,1,447.2,0.05,424.84,298.4,126.44
PED-02800,2026-06-09,Monitor 27,Tecnologia,Centro-Oeste,Cuiabá,Bruno Costa,Marketplace,Pequena Empresa,1,1454.17,0.05,1381.46,973.84,407.62
PED-02801,2026-05-20,Notebook Air 13,Tecnologia,Sul,Porto Alegre,Ana Lima,E-commerce,Pequena Empresa,2,3691.29,0.05,7013.45,5339.78,1673.67
PED-02802,2026-02-16,Headset Pro,Acessórios,Sudeste,Campinas,João Ribeiro,Marketplace,Pequena Empresa,1,323.53,0.05,307.35,169.05,138.3
PED-02803,2025-06-28,Teclado Mecânico,Acessórios,Sudeste,Belo Horizonte,Diego Alves,Venda Corporativa,Pequena Empresa,1,409.15,0.15,347.78,211.98,135.8
PED-02804,2026-09-11,Notebook Air 13,Tecnologia,Centro-Oeste,Cuiabá,Eduarda Rocha,Loja Física,Pessoa Física,1,3609.76,0.1,3248.78,2787.1,461.68
PED-02805,2026-02-14,Webcam HD,Acessórios,Centro-Oeste,Brasília,Felipe Martins,E-commerce,Pessoa Física,3,242.49,0.1,654.72,392.31,262.41
PED-02806,2025-03-01,Teclado Mecânico,Acessórios,Sudeste,Campinas,Isabela Freitas,Loja Física,Pequena Empresa,2,391.27,0.05,743.41,448.86,294.55
PED-02807,2026-02-27,Notebook Air 13,Tecnologia,Sul,Porto Alegre,Bruno Costa,E-commerce,Média Empresa,2,3661.41,0,7322.82,5330.94,1991.88
PED-02808,2025-04-19,Webcam HD,Acessórios,Sul,Porto Alegre,Ana Lima,Marketplace,Pessoa Física,1,246.57,0,246.57,127.66,118.91
PED-02809,2025-08-24,Memória 16GB,Componentes,Nordeste,Salvador,Ana Lima,E-commerce,Grande Empresa,1,319.94,0.15,271.95,199.27,72.68
PED-02810,2026-09-10,Webcam HD,Acessórios,Sudeste,Campinas,Felipe Martins,Loja Física,Média Empresa,2,254.58,0.05,483.7,254.92,228.78
PED-02811,2025-11-13,Teclado Mecânico,Acessórios,Nordeste,Salvador,Felipe Martins,E-commerce,Pequena Empresa,3,394.23,0.1,1064.42,661.38,403.04
PED-02812,2025-02-27,Teclado Mecânico,Acessórios,Sudeste,Belo Horizonte,Bruno Costa,E-commerce,Pequena Empresa,2,409.19,0,818.38,441.86,376.52
PED-02813,2026-01-11,Notebook Air 13,Tecnologia,Centro-Oeste,Brasília,Diego Alves,Loja Física,Pequena Empresa,2,3602.92,0,7205.84,5472.38,1733.46
PED-02814,2026-02-09,Memória 16GB,Componentes,Sul,Florianópolis,João Ribeiro,Loja Física,Pessoa Física,3,326.56,0.15,832.73,561.72,271.01
PED-02815,2026-06-27,Mouse Wireless,Acessórios,Sudeste,São Paulo,Henrique Dias,E-commerce,Pequena Empresa,4,181.34,0.05,689.09,330.4,358.69
PED-02816,2026-06-06,Notebook Air 13,Tecnologia,Sudeste,São Paulo,Isabela Freitas,E-commerce,Grande Empresa,4,3534.09,0.05,13429.54,11180.52,2249.02
PED-02817,2025-12-31,Webcam HD,Acessórios,Sudeste,Belo Horizonte,Ana Lima,Loja Física,Pessoa Física,2,248.05,0,496.1,251.26,244.84
PED-02818,2025-05-29,Webcam HD,Acessórios,Nordeste,Salvador,Bruno Costa,Venda Corporativa,Pessoa Física,8,250.56,0.15,1703.81,1044.32,659.49
PED-02819,2025-03-14,Dock Station,Acessórios,Sudeste,Campinas,Isabela Freitas,Loja Física,Pequena Empresa,3,563.99,0.05,1607.37,916.38,690.99
PED-02820,2026-01-01,SSD 1TB,Componentes,Sudeste,Rio de Janeiro,Ana Lima,Marketplace,Pessoa Física,3,467.5,0.1,1262.25,910.68,351.57
PED-02821,2025-01-09,Notebook Pro 14,Tecnologia,Centro-Oeste,Brasília,Gabriela Souza,E-commerce,Pessoa Física,8,5071.79,0.05,38545.6,28633.68,9911.92
PED-02822,2025-12-06,Teclado Mecânico,Acessórios,Sul,Curitiba,João Ribeiro,Loja Física,Média Empresa,2,411.17,0.1,740.11,443.02,297.09
PED-02823,2025-05-25,Notebook Air 13,Tecnologia,Nordeste,Recife,Henrique Dias,Venda Corporativa,Pessoa Física,3,3567.88,0,10703.64,7970.19,2733.45
PED-02824,2025-06-28,SSD 1TB,Componentes,Sudeste,Campinas,Bruno Costa,Loja Física,Pessoa Física,1,470.75,0.05,447.21,289.84,157.37
PED-02825,2025-09-26,Headset Pro,Acessórios,Sudeste,Rio de Janeiro,Henrique Dias,E-commerce,Pessoa Física,1,333.44,0.1,300.1,178.32,121.78
PED-02826,2026-03-10,Webcam HD,Acessórios,Centro-Oeste,Goiânia,João Ribeiro,Venda Corporativa,Pessoa Física,2,250.97,0.05,476.84,255.1,221.74
PED-02827,2026-04-27,Mouse Wireless,Acessórios,Sudeste,Belo Horizonte,Isabela Freitas,E-commerce,Pessoa Física,1,177.11,0,177.11,81.02,96.09
PED-02828,2026-09-18,Monitor 27,Tecnologia,Nordeste,Fortaleza,Diego Alves,Loja Física,Média Empresa,1,1517.2,0,1517.2,972.88,544.32
PED-02829,2026-04-10,Mouse Wireless,Acessórios,Sul,Curitiba,João Ribeiro,E-commerce,Pessoa Física,1,175.02,0.05,166.27,85.18,81.09
PED-02830,2026-06-25,Teclado Mecânico,Acessórios,Nordeste,Recife,João Ribeiro,E-commerce,Pequena Empresa,3,412.76,0.05,1176.37,635.25,541.12
PED-02831,2026-01-04,Headset Pro,Acessórios,Sul,Porto Alegre,Carla Mendes,Marketplace,Pequena Empresa,1,341.38,0.15,290.17,177.29,112.88
PED-02832,2025-01-29,SSD 500GB,Componentes,Sudeste,Belo Horizonte,Isabela Freitas,E-commerce,Pessoa Física,1,282.99,0,282.99,176.07,106.92
PED-02833,2025-11-03,Monitor 24,Tecnologia,Sudeste,Rio de Janeiro,Henrique Dias,Venda Corporativa,Pessoa Física,5,919.26,0.1,4136.67,2992.6,1144.07
PED-02834,2026-07-04,Headset Pro,Acessórios,Sul,Curitiba,Eduarda Rocha,E-commerce,Média Empresa,1,320.57,0,320.57,177.23,143.34
PED-02835,2025-05-14,SSD 500GB,Componentes,Sudeste,São Paulo,Henrique Dias,Loja Física,Pessoa Física,5,296.47,0.05,1408.23,928.65,479.58
PED-02836,2026-03-03,Notebook Air 13,Tecnologia,Sudeste,Belo Horizonte,Felipe Martins,Loja Física,Pessoa Física,2,3580.12,0,7160.24,5435.32,1724.92
PED-02837,2025-10-31,Notebook Air 13,Tecnologia,Sul,Curitiba,Carla Mendes,Loja Física,Pessoa Física,2,3510.18,0,7020.36,5376.62,1643.74
PED-02838,2026-06-20,Memória 16GB,Componentes,Sul,Porto Alegre,João Ribeiro,E-commerce,Média Empresa,4,318.14,0.05,1208.93,798.04,410.89
PED-02839,2026-09-13,Dock Station,Acessórios,Nordeste,Salvador,Isabela Freitas,Loja Física,Pessoa Física,3,543.54,0.05,1549.09,968.91,580.18
PED-02840,2025-12-03,Monitor 27,Tecnologia,Sudeste,São Paulo,Diego Alves,Marketplace,Pessoa Física,2,1548.95,0.05,2943.01,1933.3,1009.71
PED-02841,2025-06-21,Monitor 24,Tecnologia,Nordeste,Salvador,Diego Alves,Venda Corporativa,Grande Empresa,2,880.01,0.2,1408.02,1192.96,215.06
PED-02842,2026-05-08,Dock Station,Acessórios,Sudeste,Campinas,Isabela Freitas,Marketplace,Pequena Empresa,1,550.31,0,550.31,312.02,238.29
PED-02843,2025-01-30,Memória 16GB,Componentes,Sudeste,São Paulo,Isabela Freitas,Venda Corporativa,Pessoa Física,2,319.2,0.15,542.64,376.5,166.14
PED-02844,2025-01-08,Headset Pro,Acessórios,Sudeste,Rio de Janeiro,Diego Alves,E-commerce,Pequena Empresa,4,341.67,0.1,1230.01,700.8,529.21
PED-02845,2026-01-13,Webcam HD,Acessórios,Sudeste,Campinas,Carla Mendes,E-commerce,Pequena Empresa,5,249.42,0.15,1060.03,645.8,414.23
PED-02846,2025-02-07,Notebook Pro 14,Tecnologia,Sudeste,Rio de Janeiro,Felipe Martins,Loja Física,Pequena Empresa,2,4795.18,0,9590.36,7390.22,2200.14
PED-02847,2025-05-10,Monitor 27,Tecnologia,Sul,Porto Alegre,Ana Lima,E-commerce,Pessoa Física,1,1555.91,0.1,1400.32,983.11,417.21
PED-02848,2025-12-12,Teclado Mecânico,Acessórios,Centro-Oeste,Cuiabá,João Ribeiro,Marketplace,Pequena Empresa,1,399.59,0.05,379.61,224.48,155.13
PED-02849,2026-04-15,SSD 500GB,Componentes,Sudeste,São Paulo,Bruno Costa,Loja Física,Grande Empresa,2,287.61,0.2,460.18,363.42,96.76
PED-02850,2025-10-20,Headset Pro,Acessórios,Centro-Oeste,Goiânia,Diego Alves,Loja Física,Média Empresa,10,333.15,0,3331.5,1711.4,1620.1
PED-02851,2025-10-13,Dock Station,Acessórios,Sul,Porto Alegre,Gabriela Souza,Loja Física,Pessoa Física,1,565.12,0,565.12,324.74,240.38
PED-02852,2025-06-16,Teclado Mecânico,Acessórios,Sul,Porto Alegre,Felipe Martins,Loja Física,Média Empresa,2,410.74,0,821.48,448.22,373.26
PED-02853,2025-09-02,SSD 500GB,Componentes,Sul,Porto Alegre,João Ribeiro,Marketplace,Pequena Empresa,1,285.88,0,285.88,180.52,105.36
PED-02854,2025-01-25,SSD 500GB,Componentes,Sul,Porto Alegre,Diego Alves,E-commerce,Pessoa Física,3,299.65,0,898.95,544.86,354.09
PED-02855,2025-01-30,Memória 16GB,Componentes,Sudeste,Campinas,Bruno Costa,Venda Corporativa,Pessoa Física,2,318.9,0,637.8,391.06,246.74
PED-02856,2025-11-25,Dock Station,Acessórios,Nordeste,Salvador,Ana Lima,Loja Física,Pessoa Física,1,540.47,0.1,486.42,309.88,176.54
PED-02857,2025-07-22,Mouse Wireless,Acessórios,Sudeste,São Paulo,Carla Mendes,Loja Física,Pessoa Física,1,174.52,0.1,157.07,82.19,74.88
PED-02858,2026-01-26,Mouse Wireless,Acessórios,Sul,Florianópolis,João Ribeiro,E-commerce,Pequena Empresa,2,178.06,0.15,302.7,166.4,136.3
PED-02859,2026-08-05,Mouse Wireless,Acessórios,Sul,Porto Alegre,Felipe Martins,E-commerce,Pessoa Física,5,181.51,0,907.55,405.65,501.9
PED-02860,2025-03-26,Webcam HD,Acessórios,Sudeste,Belo Horizonte,Eduarda Rocha,Venda Corporativa,Pessoa Física,2,253.55,0.15,431.04,249.28,181.76
PED-02861,2026-01-11,Monitor 27,Tecnologia,Nordeste,Salvador,Henrique Dias,Venda Corporativa,Pequena Empresa,3,1535.33,0.05,4375.69,2896.5,1479.19
PED-02862,2025-11-17,Notebook Air 13,Tecnologia,Centro-Oeste,Cuiabá,Carla Mendes,E-commerce,Média Empresa,1,3565.56,0,3565.56,2684.05,881.51
PED-02863,2025-07-29,Notebook Pro 14,Tecnologia,Nordeste,Fortaleza,Carla Mendes,Loja Física,Pessoa Física,2,4821.47,0,9642.94,7416.08,2226.86
PED-02864,2026-07-15,Monitor 27,Tecnologia,Sudeste,São Paulo,Diego Alves,Marketplace,Pessoa Física,5,1552.37,0,7761.85,5071.5,2690.35
PED-02865,2025-10-19,Teclado Mecânico,Acessórios,Sudeste,Rio de Janeiro,João Ribeiro,E-commerce,Pequena Empresa,1,409.21,0.1,368.29,211.03,157.26
PED-02866,2025-09-14,Notebook Air 13,Tecnologia,Sudeste,São Paulo,Isabela Freitas,Venda Corporativa,Pessoa Física,4,3611.5,0,14446.0,10863.72,3582.28
PED-02867,2026-08-05,Notebook Pro 14,Tecnologia,Nordeste,Recife,Henrique Dias,Loja Física,Pessoa Física,1,4833.19,0.15,4108.21,3616.31,491.9
PED-02868,2025-11-06,Headset Pro,Acessórios,Sudeste,São Paulo,Bruno Costa,E-commerce,Pessoa Física,8,325.16,0.2,2081.02,1388.72,692.3
PED-02869,2026-01-11,Webcam HD,Acessórios,Sudeste,Rio de Janeiro,João Ribeiro,Marketplace,Pequena Empresa,3,248.98,0.15,634.9,381.45,253.45
PED-02870,2025-07-10,Webcam HD,Acessórios,Sudeste,Rio de Janeiro,Bruno Costa,Marketplace,Pessoa Física,4,256.92,0.05,976.3,518.88,457.42
PED-02871,2026-05-30,Notebook Air 13,Tecnologia,Centro-Oeste,Brasília,Bruno Costa,E-commerce,Média Empresa,2,3623.46,0,7246.92,5540.12,1706.8
PED-02872,2026-07-24,Dock Station,Acessórios,Sul,Florianópolis,Bruno Costa,Loja Física,Pequena Empresa,1,539.76,0,539.76,321.69,218.07
PED-02873,2025-04-21,SSD 500GB,Componentes,Sul,Florianópolis,Ana Lima,Loja Física,Pessoa Física,1,299.84,0,299.84,183.5,116.34
PED-02874,2025-07-31,Notebook Air 13,Tecnologia,Sudeste,Rio de Janeiro,Diego Alves,Marketplace,Média Empresa,2,3740.87,0.05,7107.65,5681.06,1426.59
PED-02875,2025-03-12,Webcam HD,Acessórios,Sudeste,Rio de Janeiro,Isabela Freitas,Venda Corporativa,Pessoa Física,1,254.82,0.05,242.08,126.04,116.04
PED-02876,2025-11-25,Notebook Pro 14,Tecnologia,Sudeste,Rio de Janeiro,Carla Mendes,E-commerce,Média Empresa,1,4842.39,0.2,3873.91,3670.99,202.92
PED-02877,2025-01-29,Webcam HD,Acessórios,Sudeste,Campinas,Gabriela Souza,E-commerce,Média Empresa,2,253.79,0,507.58,253.28,254.3
PED-02878,2026-04-16,Monitor 27,Tecnologia,Sudeste,Campinas,Diego Alves,E-commerce,Pessoa Física,1,1521.45,0.05,1445.38,1010.35,435.03
PED-02879,2025-04-06,SSD 500GB,Componentes,Centro-Oeste,Cuiabá,Ana Lima,E-commerce,Média Empresa,3,299.97,0.2,719.93,558.99,160.94
PED-02880,2026-08-11,SSD 1TB,Componentes,Sudeste,Rio de Janeiro,Ana Lima,Loja Física,Média Empresa,1,464.75,0,464.75,294.39,170.36
PED-02881,2026-09-04,Headset Pro,Acessórios,Sudeste,Rio de Janeiro,Carla Mendes,Venda Corporativa,Pessoa Física,3,330.49,0,991.47,529.38,462.09
PED-02882,2025-11-22,Dock Station,Acessórios,Nordeste,Salvador,João Ribeiro,Loja Física,Média Empresa,1,548.7,0,548.7,309.22,239.48
PED-02883,2025-08-10,Teclado Mecânico,Acessórios,Sudeste,São Paulo,Gabriela Souza,E-commerce,Pessoa Física,2,406.46,0,812.92,442.28,370.64
PED-02884,2026-07-20,Monitor 24,Tecnologia,Sul,Florianópolis,Carla Mendes,E-commerce,Pessoa Física,3,903.05,0.15,2302.78,1752.21,550.57
PED-02885,2025-11-29,Dock Station,Acessórios,Nordeste,Salvador,Felipe Martins,Loja Física,Pessoa Física,1,565.97,0,565.97,308.39,257.58
PED-02886,2025-04-28,SSD 1TB,Componentes,Centro-Oeste,Brasília,Diego Alves,Venda Corporativa,Pessoa Física,1,458.99,0.1,413.09,297.25,115.84
PED-02887,2025-07-31,Dock Station,Acessórios,Nordeste,Salvador,Gabriela Souza,Venda Corporativa,Média Empresa,1,552.97,0.2,442.38,304.51,137.87
PED-02888,2025-08-30,Headset Pro,Acessórios,Sudeste,Belo Horizonte,Isabela Freitas,E-commerce,Pessoa Física,4,336.13,0.05,1277.29,715.52,561.77
PED-02889,2025-09-30,Notebook Air 13,Tecnologia,Sudeste,Campinas,Bruno Costa,E-commerce,Pessoa Física,1,3715.31,0,3715.31,2764.89,950.42
PED-02890,2026-05-08,Headset Pro,Acessórios,Sudeste,Belo Horizonte,Felipe Martins,Loja Física,Pessoa Física,1,325.33,0.1,292.8,177.15,115.65
PED-02891,2026-01-14,Webcam HD,Acessórios,Sudeste,São Paulo,Eduarda Rocha,Marketplace,Pequena Empresa,5,250.93,0,1254.65,622.6,632.05
PED-02892,2025-11-11,Headset Pro,Acessórios,Centro-Oeste,Brasília,Gabriela Souza,E-commerce,Pessoa Física,1,319.64,0.1,287.68,171.56,116.12
PED-02893,2025-12-14,Memória 16GB,Componentes,Sul,Porto Alegre,Felipe Martins,Venda Corporativa,Pessoa Física,2,317.91,0.2,508.66,394.5,114.16
PED-02894,2025-08-26,Webcam HD,Acessórios,Sudeste,Belo Horizonte,Ana Lima,E-commerce,Média Empresa,3,247.02,0.1,666.95,396.69,270.26
PED-02895,2026-08-04,Mouse Wireless,Acessórios,Sul,Porto Alegre,Ana Lima,E-commerce,Grande Empresa,5,185.6,0,928.0,420.25,507.75
PED-02896,2025-05-21,Monitor 27,Tecnologia,Sul,Curitiba,Diego Alves,Venda Corporativa,Pessoa Física,2,1526.12,0.15,2594.4,2015.54,578.86
PED-02897,2026-04-01,Memória 16GB,Componentes,Centro-Oeste,Brasília,Gabriela Souza,Marketplace,Pessoa Física,1,310.67,0.1,279.6,194.95,84.65
PED-02898,2026-04-07,Notebook Pro 14,Tecnologia,Centro-Oeste,Cuiabá,Diego Alves,E-commerce,Pequena Empresa,2,4986.24,0,9972.48,7617.42,2355.06
PED-02899,2025-02-03,Dock Station,Acessórios,Sudeste,Rio de Janeiro,Gabriela Souza,Marketplace,Pequena Empresa,5,568.93,0.1,2560.18,1545.1,1015.08
PED-02900,2026-06-25,SSD 500GB,Componentes,Sudeste,Belo Horizonte,Diego Alves,Venda Corporativa,Grande Empresa,4,294.31,0,1177.24,706.36,470.88
PED-02901,2026-05-14,SSD 1TB,Componentes,Sudeste,Belo Horizonte,Bruno Costa,E-commerce,Pessoa Física,8,464.93,0,3719.44,2352.56,1366.88
PED-02902,2026-08-13,Mouse Wireless,Acessórios,Sudeste,São Paulo,Henrique Dias,Marketplace,Pequena Empresa,1,179.58,0.05,170.6,81.33,89.27
PED-02903,2025-01-08,Notebook Pro 14,Tecnologia,Sudeste,São Paulo,Henrique Dias,E-commerce,Pessoa Física,2,4991.09,0.1,8983.96,7316.98,1666.98
PED-02904,2025-07-08,Monitor 24,Tecnologia,Sudeste,São Paulo,Gabriela Souza,Marketplace,Pessoa Física,4,929.26,0.05,3531.19,2397.76,1133.43
PED-02905,2026-05-14,Memória 16GB,Componentes,Sudeste,São Paulo,Ana Lima,E-commerce,Pessoa Física,2,312.23,0.15,530.79,393.4,137.39
PED-02906,2025-10-18,SSD 500GB,Componentes,Sul,Porto Alegre,Gabriela Souza,Venda Corporativa,Pequena Empresa,1,298.01,0.15,253.31,184.14,69.17
PED-02907,2026-08-03,Teclado Mecânico,Acessórios,Sul,Curitiba,Eduarda Rocha,E-commerce,Pequena Empresa,3,393.88,0.15,1004.39,664.32,340.07
PED-02908,2025-06-03,Dock Station,Acessórios,Sudeste,Rio de Janeiro,Henrique Dias,E-commerce,Pessoa Física,2,548.11,0,1096.22,628.96,467.26
PED-02909,2026-07-23,Notebook Air 13,Tecnologia,Sul,Curitiba,Carla Mendes,Loja Física,Pessoa Física,1,3670.15,0.05,3486.64,2673.98,812.66
PED-02910,2025-03-26,Mouse Wireless,Acessórios,Sul,Curitiba,Bruno Costa,Marketplace,Média Empresa,8,182.09,0.2,1165.38,666.8,498.58
PED-02911,2026-09-01,Teclado Mecânico,Acessórios,Sudeste,São Paulo,Henrique Dias,Marketplace,Pessoa Física,10,395.43,0,3954.3,2167.4,1786.9
PED-02912,2025-09-18,Headset Pro,Acessórios,Nordeste,Salvador,Bruno Costa,Venda Corporativa,Média Empresa,1,329.67,0.1,296.7,177.16,119.54
PED-02913,2025-06-26,Memória 16GB,Componentes,Nordeste,Recife,Diego Alves,Venda Corporativa,Média Empresa,3,328.59,0.15,837.9,592.23,245.67
PED-02914,2025-07-09,Monitor 24,Tecnologia,Sul,Florianópolis,Henrique Dias,Venda Corporativa,Pessoa Física,4,900.88,0.1,3243.17,2322.12,921.05
PED-02915,2026-07-28,Dock Station,Acessórios,Centro-Oeste,Cuiabá,Carla Mendes,E-commerce,Pessoa Física,6,561.39,0,3368.34,1917.48,1450.86
PED-02916,2026-07-23,Notebook Pro 14,Tecnologia,Sul,Curitiba,Carla Mendes,Loja Física,Pessoa Física,2,4980.37,0.05,9462.7,7364.5,2098.2
PED-02917,2025-01-20,Monitor 27,Tecnologia,Sul,Porto Alegre,Diego Alves,Loja Física,Pessoa Física,2,1502.23,0.2,2403.57,1977.04,426.53
PED-02918,2026-02-17,SSD 500GB,Componentes,Sul,Curitiba,Ana Lima,Marketplace,Pessoa Física,10,297.16,0.05,2823.02,1837.8,985.22
PED-02919,2025-01-22,Webcam HD,Acessórios,Sudeste,Rio de Janeiro,Henrique Dias,Loja Física,Pessoa Física,3,248.8,0.1,671.76,389.31,282.45
PED-02920,2026-03-22,SSD 1TB,Componentes,Sudeste,São Paulo,Henrique Dias,Marketplace,Pequena Empresa,3,473.8,0.05,1350.33,890.04,460.29
PED-02921,2025-10-07,Dock Station,Acessórios,Sudeste,Rio de Janeiro,Gabriela Souza,Loja Física,Pessoa Física,2,558.82,0.05,1061.76,634.32,427.44
PED-02922,2025-12-22,Notebook Pro 14,Tecnologia,Nordeste,Recife,Eduarda Rocha,Marketplace,Pessoa Física,2,4887.54,0.05,9286.33,7499.94,1786.39
PED-02923,2025-04-02,SSD 1TB,Componentes,Sul,Florianópolis,Bruno Costa,Loja Física,Pequena Empresa,2,445.34,0.05,846.15,609.9,236.25
PED-02924,2025-02-11,Monitor 24,Tecnologia,Sudeste,Rio de Janeiro,Carla Mendes,E-commerce,Pessoa Física,1,933.49,0.05,886.82,580.61,306.21
PED-02925,2025-05-09,Memória 16GB,Componentes,Sudeste,Belo Horizonte,Felipe Martins,E-commerce,Média Empresa,8,309.66,0,2477.28,1594.8,882.48
PED-02926,2025-02-03,Webcam HD,Acessórios,Nordeste,Recife,Ana Lima,Marketplace,Pessoa Física,1,244.09,0.05,231.89,124.79,107.1
PED-02927,2026-04-22,Headset Pro,Acessórios,Nordeste,Recife,Bruno Costa,E-commerce,Pequena Empresa,1,332.37,0.1,299.13,179.35,119.78
PED-02928,2025-03-05,Memória 16GB,Componentes,Nordeste,Salvador,Gabriela Souza,Marketplace,Pequena Empresa,2,312.47,0,624.94,385.98,238.96
PED-02929,2025-08-11,Teclado Mecânico,Acessórios,Sudeste,Belo Horizonte,Gabriela Souza,E-commerce,Grande Empresa,2,412.03,0.05,782.86,446.48,336.38
PED-02930,2025-08-13,Webcam HD,Acessórios,Sul,Curitiba,Felipe Martins,Marketplace,Pessoa Física,1,254.04,0.1,228.64,130.75,97.89
PED-02931,2025-02-24,Notebook Pro 14,Tecnologia,Sul,Florianópolis,Eduarda Rocha,E-commerce,Pessoa Física,6,5006.85,0,30041.1,21479.1,8562.0
PED-02932,2025-07-22,Monitor 24,Tecnologia,Sudeste,Rio de Janeiro,Bruno Costa,Loja Física,Pessoa Física,4,889.71,0,3558.84,2378.64,1180.2
PED-02933,2025-03-26,Monitor 27,Tecnologia,Sudeste,Campinas,Isabela Freitas,Loja Física,Pessoa Física,2,1516.19,0.05,2880.76,2030.68,850.08
PED-02934,2026-01-16,SSD 500GB,Componentes,Sul,Porto Alegre,Gabriela Souza,Loja Física,Pessoa Física,1,293.03,0.2,234.42,178.13,56.29
PED-02935,2026-01-01,Teclado Mecânico,Acessórios,Sudeste,Rio de Janeiro,Bruno Costa,E-commerce,Pequena Empresa,2,404.37,0,808.74,426.14,382.6
PED-02936,2025-10-24,Notebook Pro 14,Tecnologia,Sudeste,Rio de Janeiro,Henrique Dias,E-commerce,Grande Empresa,8,4933.55,0.05,37494.98,29876.64,7618.34
PED-02937,2025-09-27,Memória 16GB,Componentes,Centro-Oeste,Cuiabá,Isabela Freitas,E-commerce,Média Empresa,1,323.13,0.05,306.97,195.3,111.67
PED-02938,2026-06-15,Monitor 24,Tecnologia,Sul,Curitiba,Felipe Martins,E-commerce,Pessoa Física,2,908.63,0,1817.26,1212.08,605.18
PED-02939,2025-12-20,Mouse Wireless,Acessórios,Nordeste,Fortaleza,Ana Lima,E-commerce,Pessoa Física,2,182.86,0.15,310.86,166.74,144.12
PED-02940,2025-02-07,Headset Pro,Acessórios,Sul,Curitiba,Eduarda Rocha,Loja Física,Pessoa Física,5,332.42,0.1,1495.89,869.75,626.14
PED-02941,2025-09-10,Monitor 27,Tecnologia,Sul,Porto Alegre,João Ribeiro,E-commerce,Pequena Empresa,1,1486.6,0,1486.6,1019.16,467.44
PED-02942,2026-01-26,Monitor 27,Tecnologia,Sudeste,Belo Horizonte,Felipe Martins,Loja Física,Pessoa Física,5,1475.63,0.05,7009.24,5034.1,1975.14
PED-02943,2026-03-01,Monitor 24,Tecnologia,Sul,Porto Alegre,João Ribeiro,E-commerce,Pequena Empresa,1,893.92,0.05,849.22,610.74,238.48
PED-02944,2025-10-20,Headset Pro,Acessórios,Sudeste,Belo Horizonte,Diego Alves,E-commerce,Pessoa Física,2,322.58,0,645.16,355.56,289.6
PED-02945,2025-01-17,SSD 500GB,Componentes,Sudeste,Campinas,Diego Alves,E-commerce,Pessoa Física,3,287.43,0.2,689.83,537.93,151.9
PED-02946,2026-04-18,Monitor 24,Tecnologia,Nordeste,Salvador,Carla Mendes,Venda Corporativa,Pessoa Física,6,907.54,0.05,5172.98,3617.46,1555.52
PED-02947,2025-03-08,Headset Pro,Acessórios,Sul,Curitiba,Bruno Costa,Loja Física,Pessoa Física,1,329.05,0.05,312.6,176.2,136.4
PED-02948,2025-01-24,Memória 16GB,Componentes,Sudeste,Rio de Janeiro,Gabriela Souza,E-commerce,Média Empresa,2,329.23,0.1,592.61,391.16,201.45
PED-02949,2025-07-22,SSD 500GB,Componentes,Sudeste,Belo Horizonte,João Ribeiro,E-commerce,Média Empresa,1,296.41,0.2,237.13,184.24,52.89
PED-02950,2026-09-24,SSD 500GB,Componentes,Sudeste,Rio de Janeiro,Henrique Dias,E-commerce,Pessoa Física,6,293.62,0.1,1585.55,1074.0,511.55
PED-02951,2026-07-27,Notebook Air 13,Tecnologia,Sudeste,Belo Horizonte,Henrique Dias,Marketplace,Pequena Empresa,2,3701.49,0.2,5922.38,5408.32,514.06
PED-02952,2026-05-21,Monitor 24,Tecnologia,Nordeste,Salvador,Isabela Freitas,Loja Física,Pessoa Física,1,928.15,0.1,835.34,607.59,227.75
PED-02953,2025-05-14,Dock Station,Acessórios,Centro-Oeste,Brasília,Felipe Martins,E-commerce,Pessoa Física,10,549.54,0.05,5220.63,3211.3,2009.33
PED-02954,2025-11-07,Memória 16GB,Componentes,Sudeste,São Paulo,João Ribeiro,Loja Física,Pequena Empresa,2,315.54,0.2,504.86,396.16,108.7
PED-02955,2025-12-30,Notebook Pro 14,Tecnologia,Sul,Porto Alegre,Isabela Freitas,E-commerce,Pessoa Física,1,4862.92,0,4862.92,3615.27,1247.65
PED-02956,2025-02-16,Dock Station,Acessórios,Centro-Oeste,Cuiabá,João Ribeiro,Marketplace,Pessoa Física,2,557.12,0.05,1058.53,619.12,439.41
PED-02957,2025-08-16,Teclado Mecânico,Acessórios,Nordeste,Salvador,Felipe Martins,E-commerce,Pessoa Física,1,392.24,0.2,313.79,212.24,101.55
PED-02958,2025-12-31,Headset Pro,Acessórios,Sudeste,Rio de Janeiro,Isabela Freitas,Loja Física,Pessoa Física,2,339.12,0,678.24,345.2,333.04
PED-02959,2025-10-25,Headset Pro,Acessórios,Sudeste,Belo Horizonte,João Ribeiro,Marketplace,Pessoa Física,2,329.71,0.05,626.45,352.74,273.71
PED-02960,2026-08-20,Notebook Air 13,Tecnologia,Sul,Curitiba,Gabriela Souza,E-commerce,Pessoa Física,4,3681.13,0,14724.52,11174.88,3549.64
PED-02961,2026-02-19,Memória 16GB,Componentes,Sudeste,Belo Horizonte,Isabela Freitas,Marketplace,Pequena Empresa,3,323.69,0.1,873.96,597.75,276.21
PED-02962,2025-02-15,Notebook Pro 14,Tecnologia,Nordeste,Recife,Bruno Costa,E-commerce,Pequena Empresa,1,5041.84,0,5041.84,3683.28,1358.56
PED-02963,2026-02-15,Notebook Pro 14,Tecnologia,Sudeste,Rio de Janeiro,Isabela Freitas,E-commerce,Pequena Empresa,3,4953.03,0,14859.09,11333.01,3526.08
PED-02964,2026-05-09,Monitor 24,Tecnologia,Nordeste,Salvador,Bruno Costa,Venda Corporativa,Média Empresa,1,923.04,0.15,784.58,613.56,171.02
PED-02965,2025-04-07,Dock Station,Acessórios,Sudeste,Belo Horizonte,Isabela Freitas,E-commerce,Pequena Empresa,3,543.87,0,1631.61,948.39,683.22
PED-02966,2026-08-16,Notebook Air 13,Tecnologia,Sudeste,Campinas,Felipe Martins,E-commerce,Pessoa Física,1,3695.84,0,3695.84,2809.56,886.28
PED-02967,2025-08-16,SSD 1TB,Componentes,Sudeste,Campinas,Bruno Costa,Loja Física,Pequena Empresa,2,462.46,0.05,878.67,598.56,280.11
PED-02968,2026-09-17,Monitor 27,Tecnologia,Sul,Curitiba,Carla Mendes,Marketplace,Grande Empresa,4,1554.16,0.15,5284.14,4074.16,1209.98
PED-02969,2026-01-10,Notebook Pro 14,Tecnologia,Sul,Florianópolis,Bruno Costa,Loja Física,Pessoa Física,8,5030.76,0,40246.08,28767.68,11478.4
PED-02970,2025-07-19,Teclado Mecânico,Acessórios,Sul,Curitiba,Carla Mendes,E-commerce,Média Empresa,5,388.18,0.1,1746.81,1057.45,689.36
PED-02971,2025-08-07,Webcam HD,Acessórios,Centro-Oeste,Brasília,Henrique Dias,Loja Física,Pessoa Física,1,249.36,0,249.36,128.25,121.11
PED-02972,2026-02-02,Headset Pro,Acessórios,Sudeste,Rio de Janeiro,Gabriela Souza,Marketplace,Pequena Empresa,3,340.25,0.1,918.68,538.47,380.21
PED-02973,2026-08-30,Mouse Wireless,Acessórios,Centro-Oeste,Goiânia,Felipe Martins,Loja Física,Pessoa Física,1,174.23,0.05,165.52,84.05,81.47
PED-02974,2026-07-10,Notebook Air 13,Tecnologia,Centro-Oeste,Cuiabá,Carla Mendes,Venda Corporativa,Pequena Empresa,4,3645.86,0.15,12395.92,11085.08,1310.84
PED-02975,2025-08-15,Monitor 24,Tecnologia,Sudeste,Belo Horizonte,Felipe Martins,Loja Física,Pequena Empresa,3,929.63,0.05,2649.45,1741.98,907.47
PED-02976,2025-06-04,Monitor 24,Tecnologia,Sudeste,Belo Horizonte,Felipe Martins,Loja Física,Pessoa Física,3,934.74,0.1,2523.8,1835.64,688.16
PED-02977,2025-01-21,SSD 1TB,Componentes,Nordeste,Fortaleza,Bruno Costa,Loja Física,Pessoa Física,2,456.77,0.2,730.83,586.38,144.45
PED-02978,2025-04-02,Notebook Air 13,Tecnologia,Sudeste,São Paulo,Diego Alves,Marketplace,Pessoa Física,1,3686.52,0.1,3317.87,2834.39,483.48
PED-02979,2026-07-25,Notebook Pro 14,Tecnologia,Sudeste,Campinas,Ana Lima,Venda Corporativa,Pequena Empresa,3,4787.08,0.05,13643.18,10760.25,2882.93
PED-02980,2026-07-20,Monitor 24,Tecnologia,Sudeste,Belo Horizonte,Eduarda Rocha,E-commerce,Média Empresa,1,909.2,0.05,863.74,611.72,252.02
PED-02981,2025-12-07,Dock Station,Acessórios,Sudeste,Rio de Janeiro,Henrique Dias,E-commerce,Pessoa Física,2,556.29,0,1112.58,631.32,481.26
PED-02982,2025-12-23,SSD 1TB,Componentes,Sul,Porto Alegre,Eduarda Rocha,E-commerce,Grande Empresa,1,465.11,0,465.11,286.49,178.62
PED-02983,2026-09-28,Mouse Wireless,Acessórios,Sudeste,Campinas,Gabriela Souza,E-commerce,Média Empresa,3,177.23,0.05,505.11,248.07,257.04
PED-02984,2026-02-04,SSD 1TB,Componentes,Sudeste,Belo Horizonte,Diego Alves,E-commerce,Pessoa Física,5,449.7,0,2248.5,1531.0,717.5
PED-02985,2026-02-15,Notebook Air 13,Tecnologia,Sudeste,Belo Horizonte,Gabriela Souza,Venda Corporativa,Pessoa Física,5,3688.12,0,18440.6,13930.05,4510.55
PED-02986,2025-05-13,SSD 1TB,Componentes,Nordeste,Recife,Bruno Costa,E-commerce,Pessoa Física,1,458.05,0.1,412.25,286.32,125.93
PED-02987,2025-07-14,Teclado Mecânico,Acessórios,Sul,Curitiba,Eduarda Rocha,Marketplace,Pessoa Física,2,414.9,0.15,705.33,441.72,263.61
PED-02988,2026-05-10,SSD 500GB,Componentes,Sudeste,Campinas,Felipe Martins,E-commerce,Média Empresa,3,286.3,0.1,773.01,529.23,243.78
PED-02989,2026-01-08,Webcam HD,Acessórios,Centro-Oeste,Brasília,Bruno Costa,Marketplace,Pessoa Física,1,245.07,0,245.07,124.82,120.25
PED-02990,2026-02-04,Notebook Pro 14,Tecnologia,Sudeste,Belo Horizonte,Isabela Freitas,Marketplace,Pessoa Física,2,4813.67,0,9627.34,7338.96,2288.38
PED-02991,2025-02-27,Mouse Wireless,Acessórios,Nordeste,Salvador,Felipe Martins,Venda Corporativa,Média Empresa,1,175.99,0.1,158.39,81.04,77.35
PED-02992,2025-10-06,Mouse Wireless,Acessórios,Centro-Oeste,Brasília,Felipe Martins,Loja Física,Média Empresa,1,176.66,0.1,158.99,81.09,77.9
PED-02993,2025-05-07,Notebook Pro 14,Tecnologia,Sul,Curitiba,João Ribeiro,E-commerce,Pessoa Física,3,5023.92,0.1,13564.58,10943.46,2621.12
PED-02994,2025-03-18,Teclado Mecânico,Acessórios,Centro-Oeste,Cuiabá,Henrique Dias,Loja Física,Pessoa Física,5,406.05,0.15,1725.71,1101.3,624.41
PED-02995,2026-05-09,SSD 1TB,Componentes,Nordeste,Salvador,Eduarda Rocha,E-commerce,Pessoa Física,6,462.29,0.05,2635.05,1744.92,890.13
PED-02996,2025-08-11,Webcam HD,Acessórios,Sul,Florianópolis,Isabela Freitas,E-commerce,Pessoa Física,1,253.4,0,253.4,126.86,126.54
PED-02997,2025-11-15,Monitor 27,Tecnologia,Centro-Oeste,Goiânia,Henrique Dias,Loja Física,Pequena Empresa,4,1525.31,0.1,5491.12,3940.84,1550.28
PED-02998,2026-04-30,Webcam HD,Acessórios,Centro-Oeste,Goiânia,Carla Mendes,Loja Física,Pequena Empresa,1,250.82,0.05,238.28,125.2,113.08
PED-02999,2026-05-21,SSD 500GB,Componentes,Sudeste,Belo Horizonte,Eduarda Rocha,Marketplace,Pessoa Física,1,281.7,0,281.7,180.25,101.45
PED-03000,2026-06-24,SSD 500GB,Componentes,Sul,Curitiba,Isabela Freitas,E-commerce,Pessoa Física,1,284.99,0,284.99,183.61,101.38
PED-03001,2025-07-11,Dock Station,Acessórios,Centro-Oeste,Brasília,Ana Lima,Venda Corporativa,Pessoa Física,2,547.09,0,1094.18,609.52,484.66
PED-03002,2025-05-12,Dock Station,Acessórios,Sul,Porto Alegre,Eduarda Rocha,E-commerce,Pequena Empresa,2,558.09,0,1116.18,610.02,506.16
PED-03003,2026-04-29,Mouse Wireless,Acessórios,Sudeste,Rio de Janeiro,Gabriela Souza,Loja Física,Pequena Empresa,1,182.52,0.1,164.27,82.63,81.64
PED-03004,2025-04-08,SSD 500GB,Componentes,Sul,Porto Alegre,Eduarda Rocha,Marketplace,Grande Empresa,1,284.78,0.2,227.82,182.36,45.46
PED-03005,2025-05-05,Notebook Pro 14,Tecnologia,Nordeste,Salvador,Eduarda Rocha,Venda Corporativa,Pessoa Física,2,4883.01,0.15,8301.12,7310.32,990.8
PED-03006,2026-04-18,Teclado Mecânico,Acessórios,Sudeste,Rio de Janeiro,Diego Alves,E-commerce,Pequena Empresa,5,390.45,0,1952.25,1117.55,834.7
PED-03007,2025-08-21,Monitor 24,Tecnologia,Nordeste,Recife,João Ribeiro,Venda Corporativa,Pessoa Física,2,873.82,0.05,1660.26,1158.48,501.78
PED-03008,2025-02-16,Memória 16GB,Componentes,Sudeste,Belo Horizonte,Diego Alves,E-commerce,Pequena Empresa,2,321.55,0.1,578.79,383.88,194.91
PED-03009,2026-07-19,Memória 16GB,Componentes,Sudeste,São Paulo,Isabela Freitas,Loja Física,Pessoa Física,6,310.63,0.05,1770.59,1180.08,590.51
PED-03010,2025-05-14,Notebook Air 13,Tecnologia,Sudeste,Rio de Janeiro,Henrique Dias,Loja Física,Pessoa Física,2,3620.77,0.15,6155.31,5497.9,657.41
PED-03011,2025-10-23,SSD 1TB,Componentes,Centro-Oeste,Brasília,Diego Alves,E-commerce,Pessoa Física,1,453.71,0.05,431.02,287.0,144.02
PED-03012,2026-03-26,Notebook Pro 14,Tecnologia,Sudeste,Rio de Janeiro,Bruno Costa,Venda Corporativa,Pequena Empresa,5,4932.19,0.15,20961.81,18903.9,2057.91
PED-03013,2026-07-23,Webcam HD,Acessórios,Sudeste,Campinas,Henrique Dias,E-commerce,Pessoa Física,1,256.51,0.05,243.68,132.14,111.54
PED-03014,2025-12-28,Headset Pro,Acessórios,Sudeste,Campinas,Gabriela Souza,Venda Corporativa,Pessoa Física,5,322.69,0.05,1532.78,889.7,643.08
PED-03015,2025-07-05,SSD 500GB,Componentes,Sul,Curitiba,Bruno Costa,Loja Física,Média Empresa,5,297.83,0.05,1414.69,905.65,509.04
PED-03016,2026-05-08,Dock Station,Acessórios,Nordeste,Recife,Carla Mendes,Loja Física,Pequena Empresa,1,565.21,0,565.21,323.47,241.74
PED-03017,2026-01-04,SSD 500GB,Componentes,Sul,Porto Alegre,João Ribeiro,E-commerce,Pequena Empresa,5,299.88,0.05,1424.43,874.2,550.23
PED-03018,2025-10-07,Dock Station,Acessórios,Sudeste,Rio de Janeiro,Bruno Costa,E-commerce,Pessoa Física,6,545.6,0,3273.6,1928.46,1345.14
PED-03019,2025-10-11,SSD 1TB,Componentes,Centro-Oeste,Cuiabá,Bruno Costa,E-commerce,Pessoa Física,1,459.14,0.15,390.27,288.16,102.11
PED-03020,2025-09-25,Monitor 27,Tecnologia,Sudeste,Campinas,Diego Alves,Loja Física,Pequena Empresa,2,1486.24,0.1,2675.23,2018.26,656.97
PED-03021,2025-08-19,Headset Pro,Acessórios,Sudeste,São Paulo,Bruno Costa,Marketplace,Pequena Empresa,2,336.13,0.15,571.42,354.8,216.62
PED-03022,2026-01-17,SSD 1TB,Componentes,Centro-Oeste,Brasília,Bruno Costa,Loja Física,Pessoa Física,3,451.93,0.15,1152.42,910.8,241.62
PED-03023,2025-07-18,Memória 16GB,Componentes,Sudeste,Campinas,Carla Mendes,Loja Física,Pessoa Física,2,317.61,0.05,603.46,379.96,223.5
PED-03024,2026-07-27,Headset Pro,Acessórios,Sudeste,Belo Horizonte,Bruno Costa,Loja Física,Grande Empresa,1,336.97,0,336.97,179.5,157.47
PED-03025,2025-01-25,Dock Station,Acessórios,Sul,Porto Alegre,Carla Mendes,Loja Física,Pessoa Física,1,555.85,0,555.85,318.55,237.3
PED-03026,2026-05-17,Headset Pro,Acessórios,Sudeste,São Paulo,Ana Lima,E-commerce,Pessoa Física,2,331.24,0,662.48,335.16,327.32
PED-03027,2025-10-17,Monitor 27,Tecnologia,Nordeste,Recife,Eduarda Rocha,Loja Física,Pessoa Física,1,1517.38,0.2,1213.9,966.37,247.53
PED-03028,2026-06-22,Headset Pro,Acessórios,Sudeste,Campinas,Eduarda Rocha,Marketplace,Pequena Empresa,1,341.72,0.15,290.46,175.46,115.0
PED-03029,2026-08-08,Notebook Air 13,Tecnologia,Sudeste,Campinas,Diego Alves,Loja Física,Média Empresa,2,3635.21,0.05,6906.9,5486.8,1420.1
PED-03030,2025-08-25,Headset Pro,Acessórios,Sudeste,São Paulo,João Ribeiro,Marketplace,Pessoa Física,4,329.68,0.1,1186.85,691.04,495.81
PED-03031,2025-08-18,SSD 500GB,Componentes,Sudeste,Belo Horizonte,Isabela Freitas,Marketplace,Pessoa Física,2,285.73,0,571.46,357.92,213.54
PED-03032,2026-04-26,Notebook Air 13,Tecnologia,Sul,Florianópolis,Felipe Martins,E-commerce,Pequena Empresa,2,3711.83,0,7423.66,5488.74,1934.92
PED-03033,2025-05-02,Notebook Air 13,Tecnologia,Nordeste,Recife,João Ribeiro,E-commerce,Grande Empresa,3,3694.68,0,11084.04,8382.93,2701.11
PED-03034,2026-02-28,Notebook Pro 14,Tecnologia,Nordeste,Fortaleza,Gabriela Souza,Loja Física,Pessoa Física,2,4971.8,0.05,9446.42,7435.2,2011.22
PED-03035,2025-03-06,Notebook Pro 14,Tecnologia,Centro-Oeste,Cuiabá,Felipe Martins,Marketplace,Pessoa Física,6,5090.27,0.05,29014.54,22196.1,6818.44
PED-03036,2026-08-29,Teclado Mecânico,Acessórios,Nordeste,Fortaleza,Diego Alves,Venda Corporativa,Pessoa Física,1,391.73,0.05,372.14,213.72,158.42
PED-03037,2026-05-17,Headset Pro,Acessórios,Nordeste,Fortaleza,Gabriela Souza,Venda Corporativa,Pequena Empresa,1,339.21,0.05,322.25,170.74,151.51
PED-03038,2025-12-09,Dock Station,Acessórios,Sudeste,Campinas,Gabriela Souza,Loja Física,Média Empresa,3,561.14,0.2,1346.74,934.11,412.63
PED-03039,2025-09-02,Teclado Mecânico,Acessórios,Nordeste,Recife,Felipe Martins,Loja Física,Pequena Empresa,1,397.21,0,397.21,217.36,179.85
PED-03040,2025-06-23,SSD 1TB,Componentes,Sul,Florianópolis,Eduarda Rocha,Marketplace,Pequena Empresa,2,452.52,0,905.04,597.82,307.22
PED-03041,2025-12-07,Notebook Pro 14,Tecnologia,Sudeste,Belo Horizonte,Eduarda Rocha,Loja Física,Grande Empresa,4,4754.53,0.05,18067.21,14542.64,3524.57
PED-03042,2025-08-10,Monitor 24,Tecnologia,Nordeste,Recife,Gabriela Souza,Loja Física,Pessoa Física,2,909.84,0,1819.68,1181.42,638.26
PED-03043,2026-06-22,Notebook Pro 14,Tecnologia,Nordeste,Recife,Ana Lima,Loja Física,Pessoa Física,1,4846.28,0.1,4361.65,3666.87,694.78
PED-03044,2026-01-31,Monitor 24,Tecnologia,Sudeste,Belo Horizonte,Ana Lima,E-commerce,Pessoa Física,3,894.75,0,2684.25,1763.16,921.09
PED-03045,2026-06-30,Webcam HD,Acessórios,Sul,Porto Alegre,Diego Alves,E-commerce,Pessoa Física,2,248.97,0,497.94,259.16,238.78
PED-03046,2026-02-08,Headset Pro,Acessórios,Nordeste,Salvador,Diego Alves,Venda Corporativa,Grande Empresa,5,337.18,0,1685.9,874.95,810.95
PED-03047,2025-09-28,Notebook Air 13,Tecnologia,Sudeste,Rio de Janeiro,Ana Lima,Marketplace,Pequena Empresa,1,3504.48,0.1,3154.03,2672.64,481.39
PED-03048,2025-07-03,SSD 500GB,Componentes,Sul,Curitiba,Henrique Dias,Marketplace,Pessoa Física,5,288.25,0,1441.25,933.05,508.2
PED-03049,2025-09-26,SSD 1TB,Componentes,Centro-Oeste,Goiânia,João Ribeiro,Loja Física,Pessoa Física,1,472.04,0,472.04,294.89,177.15
PED-03050,2025-09-27,Teclado Mecânico,Acessórios,Sudeste,Belo Horizonte,Henrique Dias,Venda Corporativa,Pessoa Física,3,403.51,0.05,1150.0,670.71,479.29
PED-03051,2025-01-24,Mouse Wireless,Acessórios,Sul,Florianópolis,Carla Mendes,Loja Física,Pessoa Física,2,184.41,0.1,331.94,166.12,165.82
PED-03052,2026-03-20,Webcam HD,Acessórios,Sudeste,São Paulo,Isabela Freitas,Marketplace,Pessoa Física,1,256.92,0,256.92,127.0,129.92
PED-03053,2025-04-08,Monitor 24,Tecnologia,Sul,Curitiba,Diego Alves,Loja Física,Pessoa Física,2,932.78,0.05,1772.28,1235.7,536.58
PED-03054,2025-04-15,Memória 16GB,Componentes,Nordeste,Salvador,Diego Alves,Loja Física,Média Empresa,2,324.91,0,649.82,395.18,254.64
PED-03055,2025-01-12,Webcam HD,Acessórios,Sul,Curitiba,Gabriela Souza,Marketplace,Pessoa Física,5,246.19,0.1,1107.86,639.25,468.61
PED-03056,2026-04-11,Dock Station,Acessórios,Sudeste,Belo Horizonte,Henrique Dias,Loja Física,Pessoa Física,8,541.29,0.1,3897.29,2520.24,1377.05
PED-03057,2025-12-26,Webcam HD,Acessórios,Sudeste,Belo Horizonte,Eduarda Rocha,Marketplace,Pessoa Física,1,243.78,0,243.78,125.11,118.67
PED-03058,2025-03-01,SSD 1TB,Componentes,Sudeste,São Paulo,Henrique Dias,Loja Física,Média Empresa,1,457.76,0.1,411.98,306.31,105.67
PED-03059,2025-09-09,Memória 16GB,Componentes,Centro-Oeste,Goiânia,Henrique Dias,Marketplace,Pessoa Física,2,330.6,0.1,595.08,400.94,194.14
PED-03060,2025-02-12,Dock Station,Acessórios,Sul,Florianópolis,Felipe Martins,Venda Corporativa,Pequena Empresa,1,569.87,0.2,455.9,304.53,151.37
PED-03061,2026-01-16,Headset Pro,Acessórios,Sudeste,Belo Horizonte,Carla Mendes,Loja Física,Pequena Empresa,1,322.79,0.1,290.51,177.56,112.95
PED-03062,2025-02-08,Monitor 27,Tecnologia,Sul,Florianópolis,João Ribeiro,Loja Física,Pessoa Física,1,1547.58,0.05,1470.2,1022.84,447.36
PED-03063,2026-01-02,Headset Pro,Acessórios,Sudeste,São Paulo,Diego Alves,E-commerce,Pequena Empresa,2,325.47,0.1,585.85,354.18,231.67
PED-03064,2025-03-03,Monitor 27,Tecnologia,Nordeste,Salvador,Carla Mendes,E-commerce,Pessoa Física,8,1476.59,0.05,11222.08,7989.68,3232.4
PED-03065,2025-12-01,Notebook Pro 14,Tecnologia,Sudeste,Rio de Janeiro,Diego Alves,E-commerce,Grande Empresa,1,5093.83,0,5093.83,3795.28,1298.55
PED-03066,2026-06-14,Monitor 27,Tecnologia,Nordeste,Salvador,Eduarda Rocha,Loja Física,Pessoa Física,3,1549.52,0.05,4416.13,2892.72,1523.41
PED-03067,2025-12-21,Teclado Mecânico,Acessórios,Sul,Florianópolis,Henrique Dias,E-commerce,Pessoa Física,2,403.79,0.1,726.82,448.04,278.78
PED-03068,2026-08-24,Dock Station,Acessórios,Centro-Oeste,Brasília,Eduarda Rocha,Marketplace,Pessoa Física,3,564.42,0,1693.26,935.79,757.47
PED-03069,2025-03-28,Dock Station,Acessórios,Sudeste,Rio de Janeiro,Diego Alves,Marketplace,Média Empresa,2,537.58,0,1075.16,623.0,452.16
PED-03070,2025-04-11,Dock Station,Acessórios,Sudeste,Belo Horizonte,Felipe Martins,Loja Física,Pequena Empresa,4,557.95,0.1,2008.62,1222.08,786.54
PED-03071,2025-12-13,SSD 1TB,Componentes,Sudeste,São Paulo,Isabela Freitas,E-commerce,Pessoa Física,3,455.78,0.15,1162.24,877.08,285.16
PED-03072,2026-05-29,Webcam HD,Acessórios,Sudeste,Belo Horizonte,Ana Lima,Marketplace,Pequena Empresa,2,254.42,0,508.84,262.56,246.28
PED-03073,2025-11-30,Memória 16GB,Componentes,Sudeste,Rio de Janeiro,Eduarda Rocha,E-commerce,Pequena Empresa,1,310.03,0.15,263.53,199.65,63.88
PED-03074,2026-02-27,SSD 1TB,Componentes,Centro-Oeste,Goiânia,Felipe Martins,Loja Física,Pequena Empresa,6,455.92,0,2735.52,1779.6,955.92
PED-03075,2025-03-05,Dock Station,Acessórios,Nordeste,Salvador,Carla Mendes,Loja Física,Pequena Empresa,1,549.9,0.1,494.91,314.58,180.33
PED-03076,2026-05-20,Teclado Mecânico,Acessórios,Sudeste,Rio de Janeiro,Felipe Martins,E-commerce,Pequena Empresa,1,391.17,0.05,371.61,215.04,156.57
PED-03077,2026-08-24,Monitor 24,Tecnologia,Sul,Porto Alegre,João Ribeiro,E-commerce,Pessoa Física,3,928.21,0.15,2366.94,1808.91,558.03
PED-03078,2025-10-19,Dock Station,Acessórios,Nordeste,Fortaleza,Gabriela Souza,Loja Física,Pessoa Física,3,549.3,0.15,1400.72,920.04,480.68
PED-03079,2026-08-01,Mouse Wireless,Acessórios,Nordeste,Fortaleza,Henrique Dias,E-commerce,Pessoa Física,2,174.0,0,348.0,162.66,185.34
PED-03080,2026-04-07,Headset Pro,Acessórios,Sudeste,São Paulo,Gabriela Souza,E-commerce,Pequena Empresa,6,330.43,0.2,1586.06,1054.26,531.8
PED-03081,2026-02-11,Mouse Wireless,Acessórios,Sudeste,São Paulo,Eduarda Rocha,Marketplace,Grande Empresa,3,174.92,0,524.76,256.68,268.08
PED-03082,2025-02-20,Notebook Pro 14,Tecnologia,Sudeste,Belo Horizonte,Felipe Martins,Loja Física,Pequena Empresa,1,4867.33,0.05,4623.96,3789.26,834.7
PED-03083,2026-03-22,Monitor 27,Tecnologia,Centro-Oeste,Goiânia,Isabela Freitas,Venda Corporativa,Pequena Empresa,1,1551.38,0.1,1396.24,993.58,402.66
PED-03084,2026-03-01,Headset Pro,Acessórios,Sul,Florianópolis,João Ribeiro,E-commerce,Pessoa Física,10,321.24,0.1,2891.16,1736.0,1155.16
PED-03085,2025-02-22,Teclado Mecânico,Acessórios,Sudeste,Campinas,Bruno Costa,E-commerce,Pessoa Física,2,391.46,0,782.92,440.24,342.68
PED-03086,2026-08-16,Webcam HD,Acessórios,Sul,Curitiba,Gabriela Souza,Loja Física,Média Empresa,4,258.36,0.05,981.77,524.64,457.13
PED-03087,2026-03-07,Notebook Pro 14,Tecnologia,Sul,Florianópolis,Isabela Freitas,Loja Física,Pequena Empresa,1,4878.42,0,4878.42,3778.86,1099.56
PED-03088,2026-07-20,Monitor 24,Tecnologia,Sul,Curitiba,Bruno Costa,E-commerce,Pessoa Física,1,875.08,0.05,831.33,603.44,227.89
PED-03089,2025-07-14,SSD 500GB,Componentes,Sul,Curitiba,Diego Alves,Venda Corporativa,Pessoa Física,2,298.73,0,597.46,365.46,232.0
PED-03090,2025-08-30,Dock Station,Acessórios,Sul,Porto Alegre,Isabela Freitas,E-commerce,Pequena Empresa,8,556.16,0.05,4226.82,2522.08,1704.74
PED-03091,2025-10-18,Webcam HD,Acessórios,Sul,Porto Alegre,Henrique Dias,Loja Física,Pessoa Física,5,255.55,0.15,1086.09,650.0,436.09
PED-03092,2026-07-11,Monitor 24,Tecnologia,Sudeste,São Paulo,Carla Mendes,E-commerce,Pequena Empresa,2,889.53,0,1779.06,1216.52,562.54
PED-03093,2026-02-27,Teclado Mecânico,Acessórios,Sudeste,São Paulo,Eduarda Rocha,Loja Física,Pessoa Física,3,408.3,0.1,1102.41,659.16,443.25
PED-03094,2026-03-21,Headset Pro,Acessórios,Sudeste,Belo Horizonte,Isabela Freitas,E-commerce,Pequena Empresa,2,326.09,0.1,586.96,349.74,237.22
PED-03095,2025-06-22,Teclado Mecânico,Acessórios,Sudeste,Campinas,Bruno Costa,E-commerce,Grande Empresa,2,414.48,0.05,787.51,438.52,348.99
PED-03096,2025-12-09,Monitor 24,Tecnologia,Sudeste,Belo Horizonte,Felipe Martins,Marketplace,Pessoa Física,3,889.6,0,2668.8,1851.27,817.53
PED-03097,2026-01-23,SSD 1TB,Componentes,Nordeste,Fortaleza,João Ribeiro,Marketplace,Pessoa Física,8,458.67,0.05,3485.89,2452.16,1033.73
PED-03098,2026-06-16,Notebook Air 13,Tecnologia,Centro-Oeste,Brasília,Isabela Freitas,E-commerce,Pessoa Física,4,3658.56,0,14634.24,11116.36,3517.88
PED-03099,2025-05-20,Teclado Mecânico,Acessórios,Sudeste,Campinas,Carla Mendes,E-commerce,Pessoa Física,2,406.78,0,813.56,444.68,368.88
PED-03100,2025-02-24,Headset Pro,Acessórios,Sul,Curitiba,Diego Alves,Loja Física,Pessoa Física,1,331.12,0.15,281.45,171.49,109.96
PED-03101,2026-05-29,Monitor 24,Tecnologia,Sudeste,Belo Horizonte,Felipe Martins,E-commerce,Pessoa Física,4,914.56,0.15,3109.5,2387.04,722.46
PED-03102,2026-02-13,SSD 500GB,Componentes,Nordeste,Recife,Henrique Dias,Loja Física,Pessoa Física,1,287.15,0.15,244.08,185.03,59.05
PED-03103,2025-05-15,Headset Pro,Acessórios,Sul,Porto Alegre,Gabriela Souza,E-commerce,Pessoa Física,2,328.67,0,657.34,340.52,316.82
PED-03104,2026-04-24,Notebook Pro 14,Tecnologia,Sudeste,São Paulo,Eduarda Rocha,Venda Corporativa,Pessoa Física,5,4812.92,0.1,21658.14,17963.5,3694.64
PED-03105,2025-06-04,Notebook Air 13,Tecnologia,Centro-Oeste,Cuiabá,Gabriela Souza,Loja Física,Pessoa Física,1,3503.81,0,3503.81,2717.6,786.21
PED-03106,2026-08-12,Notebook Air 13,Tecnologia,Sul,Florianópolis,Felipe Martins,Marketplace,Pequena Empresa,4,3649.08,0.05,13866.5,10801.84,3064.66
PED-03107,2025-11-21,Dock Station,Acessórios,Sudeste,São Paulo,Eduarda Rocha,Venda Corporativa,Média Empresa,4,551.77,0.1,1986.37,1295.84,690.53
PED-03108,2026-03-10,Headset Pro,Acessórios,Nordeste,Salvador,Carla Mendes,Venda Corporativa,Pequena Empresa,3,325.56,0,976.68,510.18,466.5
PED-03109,2026-07-16,Notebook Air 13,Tecnologia,Sudeste,São Paulo,Isabela Freitas,Loja Física,Pessoa Física,4,3582.64,0,14330.56,10719.48,3611.08
PED-03110,2025-03-25,Dock Station,Acessórios,Sudeste,Campinas,Eduarda Rocha,Loja Física,Pequena Empresa,1,545.36,0.05,518.09,306.68,211.41
PED-03111,2025-01-20,Memória 16GB,Componentes,Sudeste,Campinas,Bruno Costa,Venda Corporativa,Média Empresa,1,320.68,0.15,272.58,189.77,82.81
PED-03112,2025-11-16,Notebook Pro 14,Tecnologia,Sul,Porto Alegre,Felipe Martins,E-commerce,Pessoa Física,1,4804.55,0.05,4564.32,3804.25,760.07
PED-03113,2025-05-24,Notebook Air 13,Tecnologia,Sudeste,Campinas,Eduarda Rocha,E-commerce,Média Empresa,4,3742.54,0,14970.16,10804.72,4165.44
PED-03114,2025-06-08,Notebook Pro 14,Tecnologia,Sudeste,São Paulo,João Ribeiro,E-commerce,Pessoa Física,4,4897.77,0,19591.08,14667.12,4923.96
PED-03115,2025-02-14,Monitor 27,Tecnologia,Sudeste,Campinas,Bruno Costa,Venda Corporativa,Grande Empresa,1,1534.07,0,1534.07,977.59,556.48
PED-03116,2025-11-30,Mouse Wireless,Acessórios,Sudeste,Campinas,Henrique Dias,Venda Corporativa,Média Empresa,3,184.8,0.05,526.68,253.95,272.73
PED-03117,2025-05-28,Webcam HD,Acessórios,Nordeste,Salvador,Ana Lima,E-commerce,Grande Empresa,5,257.52,0.15,1094.46,658.1,436.36
PED-03118,2026-07-18,Webcam HD,Acessórios,Sudeste,São Paulo,Felipe Martins,Loja Física,Pessoa Física,1,253.69,0,253.69,124.29,129.4
PED-03119,2026-01-28,Webcam HD,Acessórios,Centro-Oeste,Cuiabá,Diego Alves,Marketplace,Grande Empresa,1,251.54,0.1,226.39,125.51,100.88
PED-03120,2025-08-25,Notebook Pro 14,Tecnologia,Sul,Porto Alegre,Eduarda Rocha,Loja Física,Pequena Empresa,3,5050.68,0.2,12121.63,11051.85,1069.78
PED-03121,2026-04-30,Notebook Pro 14,Tecnologia,Centro-Oeste,Cuiabá,Eduarda Rocha,E-commerce,Média Empresa,3,4802.75,0,14408.25,10866.39,3541.86
PED-03122,2025-09-29,Headset Pro,Acessórios,Nordeste,Recife,Felipe Martins,Marketplace,Pessoa Física,1,320.72,0,320.72,176.85,143.87
PED-03123,2025-03-08,Mouse Wireless,Acessórios,Nordeste,Fortaleza,Isabela Freitas,E-commerce,Pessoa Física,1,177.19,0,177.19,84.81,92.38
PED-03124,2025-09-11,Monitor 24,Tecnologia,Centro-Oeste,Brasília,Diego Alves,E-commerce,Pessoa Física,4,884.21,0.1,3183.16,2428.52,754.64
PED-03125,2025-02-24,Notebook Pro 14,Tecnologia,Sul,Florianópolis,Eduarda Rocha,E-commerce,Pequena Empresa,1,4906.0,0.05,4660.7,3740.47,920.23
PED-03126,2025-05-31,Notebook Air 13,Tecnologia,Nordeste,Salvador,Eduarda Rocha,Loja Física,Pessoa Física,1,3711.17,0.1,3340.05,2687.98,652.07
PED-03127,2025-08-18,Monitor 24,Tecnologia,Centro-Oeste,Cuiabá,João Ribeiro,Marketplace,Pessoa Física,3,895.57,0.15,2283.7,1800.18,483.52
PED-03128,2026-04-10,Headset Pro,Acessórios,Sul,Porto Alegre,Ana Lima,E-commerce,Pessoa Física,8,335.01,0,2680.08,1394.56,1285.52
PED-03129,2025-02-01,Memória 16GB,Componentes,Sudeste,São Paulo,Felipe Martins,Marketplace,Média Empresa,2,322.97,0.1,581.35,389.02,192.33
PED-03130,2025-09-11,Memória 16GB,Componentes,Sul,Porto Alegre,João Ribeiro,E-commerce,Média Empresa,1,321.02,0.05,304.97,196.72,108.25
PED-03131,2025-09-21,Memória 16GB,Componentes,Sudeste,Campinas,Felipe Martins,Marketplace,Média Empresa,1,317.36,0.2,253.89,189.18,64.71
PED-03132,2025-12-09,SSD 1TB,Componentes,Sudeste,Belo Horizonte,Henrique Dias,E-commerce,Pessoa Física,6,457.08,0.05,2605.36,1787.64,817.72
PED-03133,2026-02-06,Monitor 27,Tecnologia,Centro-Oeste,Goiânia,Isabela Freitas,Venda Corporativa,Pessoa Física,1,1473.16,0.15,1252.19,967.99,284.2
PED-03134,2025-06-13,Headset Pro,Acessórios,Sudeste,Rio de Janeiro,Gabriela Souza,Marketplace,Média Empresa,1,330.93,0.05,314.38,177.94,136.44
PED-03135,2025-05-01,Notebook Pro 14,Tecnologia,Centro-Oeste,Brasília,Gabriela Souza,Marketplace,Pequena Empresa,1,4948.11,0,4948.11,3785.13,1162.98
PED-03136,2025-03-10,SSD 500GB,Componentes,Sudeste,São Paulo,Diego Alves,Venda Corporativa,Pessoa Física,2,280.82,0,561.64,372.04,189.6
PED-03137,2026-06-21,Webcam HD,Acessórios,Sudeste,Campinas,Henrique Dias,Marketplace,Pessoa Física,3,253.69,0.05,723.02,383.85,339.17
PED-03138,2025-04-13,Notebook Air 13,Tecnologia,Sul,Porto Alegre,João Ribeiro,Venda Corporativa,Pessoa Física,1,3541.99,0.05,3364.89,2716.11,648.78
PED-03139,2026-09-01,Mouse Wireless,Acessórios,Sudeste,São Paulo,João Ribeiro,Marketplace,Pessoa Física,1,184.21,0.1,165.79,85.93,79.86
PED-03140,2026-01-13,Headset Pro,Acessórios,Sudeste,Campinas,Eduarda Rocha,Marketplace,Pequena Empresa,2,320.25,0,640.5,343.7,296.8
PED-03141,2026-03-11,Webcam HD,Acessórios,Nordeste,Fortaleza,Isabela Freitas,Loja Física,Pessoa Física,1,243.81,0,243.81,124.48,119.33
PED-03142,2026-05-24,Teclado Mecânico,Acessórios,Sul,Porto Alegre,Henrique Dias,Loja Física,Pessoa Física,5,404.43,0.05,1921.04,1104.55,816.49
PED-03143,2025-12-08,SSD 500GB,Componentes,Sul,Curitiba,Isabela Freitas,E-commerce,Pessoa Física,2,282.84,0.05,537.4,357.62,179.78
PED-03144,2025-02-06,Notebook Air 13,Tecnologia,Sul,Curitiba,Gabriela Souza,Venda Corporativa,Pessoa Física,2,3695.06,0,7390.12,5354.06,2036.06
PED-03145,2025-04-02,SSD 1TB,Componentes,Sudeste,Rio de Janeiro,Diego Alves,E-commerce,Pequena Empresa,1,469.8,0,469.8,295.94,173.86
PED-03146,2025-08-10,Notebook Pro 14,Tecnologia,Sudeste,Campinas,Isabela Freitas,E-commerce,Pequena Empresa,3,4831.64,0.05,13770.17,10983.51,2786.66
PED-03147,2025-12-06,Monitor 27,Tecnologia,Sudeste,Rio de Janeiro,Ana Lima,E-commerce,Pequena Empresa,4,1480.64,0.2,4738.05,3979.96,758.09
PED-03148,2025-04-27,Monitor 27,Tecnologia,Sul,Porto Alegre,João Ribeiro,Venda Corporativa,Pequena Empresa,1,1501.46,0,1501.46,999.54,501.92
PED-03149,2025-06-19,Monitor 27,Tecnologia,Sudeste,Rio de Janeiro,Bruno Costa,Loja Física,Pessoa Física,2,1454.88,0.15,2473.3,1954.32,518.98
PED-03150,2025-10-11,SSD 500GB,Componentes,Nordeste,Recife,Felipe Martins,Marketplace,Pequena Empresa,1,290.09,0,290.09,182.67,107.42
PED-03151,2026-05-10,SSD 1TB,Componentes,Sudeste,Belo Horizonte,Diego Alves,E-commerce,Pessoa Física,1,455.49,0,455.49,293.31,162.18
PED-03152,2026-05-30,Memória 16GB,Componentes,Sudeste,Belo Horizonte,Henrique Dias,E-commerce,Média Empresa,1,312.96,0.2,250.37,195.45,54.92
PED-03153,2026-06-12,Notebook Pro 14,Tecnologia,Nordeste,Salvador,Gabriela Souza,Loja Física,Média Empresa,2,4895.27,0,9790.54,7604.74,2185.8
PED-03154,2025-09-20,Monitor 24,Tecnologia,Sudeste,São Paulo,Gabriela Souza,Loja Física,Média Empresa,4,922.79,0.2,2952.93,2401.52,551.41
PED-03155,2025-11-29,Notebook Pro 14,Tecnologia,Sudeste,Belo Horizonte,Diego Alves,Marketplace,Pessoa Física,6,4788.43,0,28730.58,22666.68,6063.9
PED-03156,2025-03-11,Notebook Pro 14,Tecnologia,Sudeste,Campinas,João Ribeiro,Loja Física,Pequena Empresa,1,4803.56,0.15,4083.03,3812.27,270.76
PED-03157,2025-01-02,Notebook Air 13,Tecnologia,Nordeste,Salvador,Isabela Freitas,Loja Física,Pequena Empresa,2,3647.84,0.15,6201.33,5354.7,846.63
PED-03158,2025-06-09,SSD 500GB,Componentes,Sul,Porto Alegre,Henrique Dias,Venda Corporativa,Pessoa Física,2,298.29,0.1,536.92,350.82,186.1
PED-03159,2025-04-02,Mouse Wireless,Acessórios,Nordeste,Salvador,Diego Alves,E-commerce,Pessoa Física,1,185.88,0,185.88,82.73,103.15
PED-03160,2025-06-15,Headset Pro,Acessórios,Sudeste,Belo Horizonte,Felipe Martins,E-commerce,Grande Empresa,1,321.97,0,321.97,170.34,151.63
PED-03161,2025-09-14,Headset Pro,Acessórios,Sul,Florianópolis,Carla Mendes,E-commerce,Pessoa Física,1,338.94,0.05,321.99,176.57,145.42
PED-03162,2025-09-10,SSD 500GB,Componentes,Sudeste,Belo Horizonte,Gabriela Souza,E-commerce,Pessoa Física,8,287.22,0.05,2182.87,1487.84,695.03
PED-03163,2026-04-29,SSD 500GB,Componentes,Sudeste,São Paulo,Gabriela Souza,E-commerce,Pequena Empresa,6,300.26,0.05,1711.48,1050.48,661.0
PED-03164,2026-08-15,Mouse Wireless,Acessórios,Sudeste,Rio de Janeiro,Felipe Martins,E-commerce,Pessoa Física,3,175.85,0,527.55,256.8,270.75
PED-03165,2025-06-19,Teclado Mecânico,Acessórios,Sul,Porto Alegre,Felipe Martins,E-commerce,Pessoa Física,1,399.21,0.05,379.25,220.7,158.55
PED-03166,2025-03-29,Dock Station,Acessórios,Nordeste,Recife,Eduarda Rocha,E-commerce,Pessoa Física,1,560.62,0.05,532.59,304.07,228.52
PED-03167,2026-06-15,Mouse Wireless,Acessórios,Centro-Oeste,Cuiabá,Bruno Costa,E-commerce,Pessoa Física,3,175.09,0,525.27,252.21,273.06
PED-03168,2025-04-12,SSD 500GB,Componentes,Sudeste,Campinas,Isabela Freitas,E-commerce,Pessoa Física,1,286.48,0.1,257.83,176.66,81.17
PED-03169,2025-03-29,SSD 1TB,Componentes,Centro-Oeste,Cuiabá,Bruno Costa,Marketplace,Pessoa Física,2,461.42,0.05,876.7,584.18,292.52
PED-03170,2025-10-19,Notebook Pro 14,Tecnologia,Nordeste,Salvador,Isabela Freitas,Venda Corporativa,Pequena Empresa,2,4817.04,0.05,9152.38,7215.82,1936.56
PED-03171,2025-06-22,Headset Pro,Acessórios,Sudeste,São Paulo,Bruno Costa,Marketplace,Média Empresa,1,339.63,0.05,322.65,169.4,153.25
PED-03172,2026-09-27,Dock Station,Acessórios,Sul,Florianópolis,Eduarda Rocha,Loja Física,Grande Empresa,2,548.03,0.05,1041.26,634.7,406.56
PED-03173,2026-07-11,Notebook Air 13,Tecnologia,Nordeste,Salvador,Henrique Dias,E-commerce,Pequena Empresa,1,3606.18,0.1,3245.56,2782.52,463.04
PED-03174,2026-09-14,Notebook Air 13,Tecnologia,Centro-Oeste,Goiânia,Eduarda Rocha,Marketplace,Pessoa Física,10,3539.25,0.2,28314.0,26841.7,1472.3
PED-03175,2025-04-27,Dock Station,Acessórios,Sul,Curitiba,Bruno Costa,E-commerce,Pessoa Física,5,546.34,0,2731.7,1608.95,1122.75
PED-03176,2026-07-01,Monitor 27,Tecnologia,Centro-Oeste,Brasília,Eduarda Rocha,E-commerce,Pessoa Física,3,1467.19,0,4401.57,3062.58,1338.99
PED-03177,2025-09-15,Headset Pro,Acessórios,Sudeste,Campinas,Henrique Dias,Marketplace,Pequena Empresa,10,342.04,0,3420.4,1713.3,1707.1
PED-03178,2025-09-17,Monitor 27,Tecnologia,Sudeste,Campinas,Henrique Dias,Marketplace,Média Empresa,2,1535.12,0,3070.24,2005.74,1064.5
PED-03179,2025-07-22,SSD 500GB,Componentes,Centro-Oeste,Cuiabá,João Ribeiro,Marketplace,Pessoa Física,3,294.66,0.15,751.38,557.34,194.04
PED-03180,2025-11-06,Notebook Pro 14,Tecnologia,Centro-Oeste,Cuiabá,Henrique Dias,Loja Física,Pessoa Física,1,4813.24,0.1,4331.92,3651.63,680.29
PED-03181,2025-02-23,Notebook Pro 14,Tecnologia,Sudeste,Rio de Janeiro,Ana Lima,Venda Corporativa,Pessoa Física,1,5031.3,0.1,4528.17,3769.73,758.44
PED-03182,2026-05-20,Monitor 27,Tecnologia,Sudeste,Campinas,Carla Mendes,E-commerce,Pessoa Física,1,1499.87,0.15,1274.89,1016.02,258.87
PED-03183,2026-06-29,SSD 1TB,Componentes,Sul,Florianópolis,Carla Mendes,Loja Física,Média Empresa,3,468.03,0.2,1123.27,872.82,250.45
PED-03184,2026-07-19,Mouse Wireless,Acessórios,Nordeste,Salvador,Isabela Freitas,Marketplace,Média Empresa,1,180.85,0.15,153.72,85.57,68.15
PED-03185,2025-07-16,SSD 500GB,Componentes,Sul,Porto Alegre,Isabela Freitas,Marketplace,Pessoa Física,2,298.91,0.2,478.26,355.72,122.54
PED-03186,2025-08-26,Mouse Wireless,Acessórios,Centro-Oeste,Goiânia,Diego Alves,E-commerce,Pequena Empresa,1,183.91,0,183.91,84.52,99.39
PED-03187,2026-08-16,SSD 1TB,Componentes,Sudeste,São Paulo,Diego Alves,E-commerce,Pessoa Física,2,445.45,0,890.9,591.5,299.4
PED-03188,2025-01-04,Webcam HD,Acessórios,Sudeste,São Paulo,Isabela Freitas,Loja Física,Pequena Empresa,1,251.6,0,251.6,128.88,122.72
PED-03189,2026-02-14,Monitor 24,Tecnologia,Nordeste,Recife,Gabriela Souza,Loja Física,Pequena Empresa,2,886.99,0.1,1596.58,1233.58,363.0
PED-03190,2025-11-30,SSD 1TB,Componentes,Sudeste,Belo Horizonte,Isabela Freitas,E-commerce,Pessoa Física,3,457.14,0,1371.42,878.88,492.54
PED-03191,2025-04-14,Monitor 24,Tecnologia,Nordeste,Salvador,Ana Lima,Marketplace,Pequena Empresa,1,898.05,0,898.05,605.44,292.61
PED-03192,2025-12-29,Notebook Air 13,Tecnologia,Centro-Oeste,Cuiabá,Bruno Costa,E-commerce,Pessoa Física,1,3549.07,0,3549.07,2819.05,730.02
PED-03193,2026-03-16,Monitor 24,Tecnologia,Sudeste,Belo Horizonte,João Ribeiro,E-commerce,Média Empresa,3,902.94,0,2708.82,1796.13,912.69
PED-03194,2025-05-26,Monitor 27,Tecnologia,Sudeste,Rio de Janeiro,Gabriela Souza,Venda Corporativa,Pessoa Física,2,1545.15,0.1,2781.27,2052.2,729.07
PED-03195,2025-07-23,SSD 500GB,Componentes,Sudeste,São Paulo,Carla Mendes,Loja Física,Pessoa Física,5,296.84,0.15,1261.57,912.95,348.62
PED-03196,2026-08-07,Monitor 24,Tecnologia,Sudeste,Belo Horizonte,Henrique Dias,Marketplace,Média Empresa,1,923.7,0,923.7,581.12,342.58
PED-03197,2025-06-15,Webcam HD,Acessórios,Nordeste,Fortaleza,Gabriela Souza,E-commerce,Média Empresa,5,243.06,0,1215.3,644.15,571.15
PED-03198,2025-07-30,Monitor 24,Tecnologia,Centro-Oeste,Brasília,Ana Lima,Venda Corporativa,Pessoa Física,1,923.41,0,923.41,608.43,314.98
PED-03199,2025-12-09,SSD 1TB,Componentes,Centro-Oeste,Cuiabá,Ana Lima,E-commerce,Média Empresa,2,445.83,0.05,847.08,601.14,245.94
PED-03200,2025-11-01,Dock Station,Acessórios,Centro-Oeste,Cuiabá,Bruno Costa,Marketplace,Média Empresa,1,544.23,0.05,517.02,319.13,197.89
PED-03201,2025-01-25,Dock Station,Acessórios,Sudeste,São Paulo,Carla Mendes,Loja Física,Grande Empresa,1,550.61,0.1,495.55,313.47,182.08
PED-03202,2025-07-16,Monitor 27,Tecnologia,Nordeste,Recife,João Ribeiro,Loja Física,Pessoa Física,6,1523.78,0,9142.68,6158.64,2984.04
PED-03203,2025-10-14,Monitor 24,Tecnologia,Sul,Florianópolis,Henrique Dias,E-commerce,Pequena Empresa,1,874.76,0,874.76,593.12,281.64
PED-03204,2025-02-16,Notebook Pro 14,Tecnologia,Sudeste,Campinas,Ana Lima,E-commerce,Pequena Empresa,1,4867.33,0,4867.33,3662.33,1205.0
PED-03205,2026-04-12,SSD 1TB,Componentes,Sudeste,São Paulo,Henrique Dias,Marketplace,Grande Empresa,3,452.68,0,1358.04,917.34,440.7
PED-03206,2026-03-10,Memória 16GB,Componentes,Sudeste,São Paulo,Henrique Dias,E-commerce,Pequena Empresa,3,322.83,0.1,871.64,591.96,279.68
PED-03207,2026-08-20,Dock Station,Acessórios,Sul,Florianópolis,Henrique Dias,Loja Física,Pessoa Física,2,534.97,0,1069.94,629.3,440.64
PED-03208,2026-04-21,SSD 500GB,Componentes,Sudeste,Rio de Janeiro,João Ribeiro,Loja Física,Pessoa Física,2,293.34,0.05,557.35,368.82,188.53
PED-03209,2025-02-12,Teclado Mecânico,Acessórios,Sul,Curitiba,Ana Lima,E-commerce,Pessoa Física,1,401.03,0,401.03,224.69,176.34
PED-03210,2025-03-28,SSD 500GB,Componentes,Nordeste,Recife,Diego Alves,E-commerce,Pessoa Física,5,299.79,0,1498.95,908.25,590.7
PED-03211,2026-02-17,Teclado Mecânico,Acessórios,Nordeste,Salvador,Diego Alves,Loja Física,Pequena Empresa,1,395.94,0.05,376.14,215.69,160.45
PED-03212,2025-07-17,SSD 1TB,Componentes,Sudeste,Belo Horizonte,Diego Alves,Marketplace,Pequena Empresa,1,471.81,0.15,401.04,298.44,102.6
PED-03213,2025-08-30,SSD 1TB,Componentes,Sudeste,São Paulo,João Ribeiro,E-commerce,Pessoa Física,2,472.46,0.05,897.67,608.96,288.71
PED-03214,2025-01-09,Monitor 27,Tecnologia,Centro-Oeste,Cuiabá,Henrique Dias,Venda Corporativa,Pessoa Física,1,1522.94,0.05,1446.79,973.15,473.64
PED-03215,2025-12-21,Mouse Wireless,Acessórios,Nordeste,Recife,Felipe Martins,Marketplace,Pequena Empresa,1,184.27,0.15,156.63,82.94,73.69
PED-03216,2026-06-13,Memória 16GB,Componentes,Sul,Porto Alegre,Henrique Dias,Loja Física,Grande Empresa,5,327.35,0.05,1554.91,997.9,557.01
PED-03217,2025-06-18,SSD 500GB,Componentes,Nordeste,Fortaleza,Carla Mendes,Venda Corporativa,Pequena Empresa,3,281.11,0,843.33,552.45,290.88
PED-03218,2025-01-10,Teclado Mecânico,Acessórios,Sudeste,Belo Horizonte,Henrique Dias,Marketplace,Pessoa Física,1,398.27,0,398.27,221.06,177.21
PED-03219,2026-01-11,SSD 500GB,Componentes,Sul,Florianópolis,Ana Lima,Venda Corporativa,Pessoa Física,6,294.37,0,1766.22,1069.86,696.36
PED-03220,2026-03-14,Headset Pro,Acessórios,Sul,Florianópolis,Gabriela Souza,E-commerce,Pessoa Física,8,325.86,0,2606.88,1419.52,1187.36
PED-03221,2026-05-25,Notebook Pro 14,Tecnologia,Nordeste,Fortaleza,Isabela Freitas,Loja Física,Pessoa Física,4,4924.21,0.2,15757.47,14784.44,973.03
PED-03222,2025-01-15,Monitor 24,Tecnologia,Sudeste,Belo Horizonte,Henrique Dias,Marketplace,Pequena Empresa,3,919.52,0,2758.56,1792.05,966.51
PED-03223,2025-05-18,Teclado Mecânico,Acessórios,Nordeste,Fortaleza,Gabriela Souza,Marketplace,Pessoa Física,2,411.95,0.05,782.7,439.48,343.22
PED-03224,2025-03-03,Monitor 24,Tecnologia,Sul,Curitiba,Eduarda Rocha,Marketplace,Pessoa Física,10,899.86,0.1,8098.74,6027.7,2071.04
PED-03225,2026-05-28,SSD 1TB,Componentes,Sul,Porto Alegre,Gabriela Souza,Marketplace,Pessoa Física,2,462.18,0,924.36,576.62,347.74
PED-03226,2025-07-16,Notebook Pro 14,Tecnologia,Sudeste,Campinas,Eduarda Rocha,E-commerce,Pessoa Física,4,4988.43,0.15,16960.66,15141.52,1819.14
PED-03227,2025-04-10,Dock Station,Acessórios,Nordeste,Salvador,Henrique Dias,E-commerce,Pessoa Física,4,541.97,0,2167.88,1236.2,931.68
PED-03228,2026-04-17,Teclado Mecânico,Acessórios,Sudeste,Rio de Janeiro,Felipe Martins,Venda Corporativa,Média Empresa,2,409.72,0,819.44,450.52,368.92
PED-03229,2025-12-05,Monitor 24,Tecnologia,Sudeste,Belo Horizonte,Bruno Costa,Venda Corporativa,Pequena Empresa,1,893.21,0,893.21,582.71,310.5
PED-03230,2025-03-10,Notebook Air 13,Tecnologia,Sul,Curitiba,Carla Mendes,E-commerce,Pessoa Física,1,3654.69,0.1,3289.22,2694.48,594.74
PED-03231,2025-02-03,Mouse Wireless,Acessórios,Centro-Oeste,Brasília,Bruno Costa,Venda Corporativa,Pessoa Física,1,183.46,0.15,155.94,82.87,73.07
PED-03232,2025-09-08,Memória 16GB,Componentes,Nordeste,Salvador,Isabela Freitas,E-commerce,Pessoa Física,4,328.02,0,1312.08,754.52,557.56
PED-03233,2025-11-17,SSD 500GB,Componentes,Nordeste,Fortaleza,João Ribeiro,E-commerce,Pequena Empresa,2,291.13,0.1,524.03,370.08,153.95
PED-03234,2025-12-04,Mouse Wireless,Acessórios,Sudeste,Belo Horizonte,Isabela Freitas,Venda Corporativa,Pessoa Física,1,178.25,0.1,160.43,83.42,77.01
PED-03235,2025-10-04,SSD 1TB,Componentes,Sul,Florianópolis,Eduarda Rocha,Venda Corporativa,Pessoa Física,1,463.07,0,463.07,298.28,164.79
PED-03236,2025-12-23,Dock Station,Acessórios,Sudeste,Rio de Janeiro,Felipe Martins,Venda Corporativa,Pessoa Física,2,568.12,0,1136.24,629.12,507.12
PED-03237,2025-02-16,Webcam HD,Acessórios,Nordeste,Fortaleza,Bruno Costa,Loja Física,Média Empresa,3,245.22,0.05,698.88,377.31,321.57
PED-03238,2025-10-29,Monitor 27,Tecnologia,Sudeste,Belo Horizonte,Henrique Dias,Loja Física,Pessoa Física,1,1513.37,0.15,1286.36,978.55,307.81
PED-03239,2026-08-25,Monitor 24,Tecnologia,Sudeste,Campinas,Eduarda Rocha,Marketplace,Pessoa Física,1,927.02,0.05,880.67,616.36,264.31
PED-03240,2026-02-04,Teclado Mecânico,Acessórios,Sul,Curitiba,Henrique Dias,E-commerce,Pessoa Física,1,393.39,0.05,373.72,224.03,149.69
PED-03241,2026-07-30,Mouse Wireless,Acessórios,Centro-Oeste,Goiânia,Gabriela Souza,E-commerce,Pessoa Física,1,176.81,0.15,150.29,83.05,67.24
PED-03242,2026-01-05,Teclado Mecânico,Acessórios,Nordeste,Recife,Diego Alves,Loja Física,Pessoa Física,3,410.32,0,1230.96,659.85,571.11
PED-03243,2025-08-16,Monitor 27,Tecnologia,Nordeste,Fortaleza,Eduarda Rocha,Loja Física,Pessoa Física,1,1491.86,0.2,1193.49,1024.75,168.74
PED-03244,2025-04-17,Memória 16GB,Componentes,Sudeste,Rio de Janeiro,Bruno Costa,Marketplace,Pequena Empresa,1,323.92,0,323.92,190.27,133.65
PED-03245,2026-08-22,Teclado Mecânico,Acessórios,Sudeste,Belo Horizonte,Eduarda Rocha,Venda Corporativa,Pessoa Física,2,412.86,0,825.72,434.26,391.46
PED-03246,2026-05-27,SSD 1TB,Componentes,Centro-Oeste,Cuiabá,Gabriela Souza,Marketplace,Pessoa Física,4,469.28,0.05,1783.26,1173.6,609.66
PED-03247,2025-12-29,Webcam HD,Acessórios,Nordeste,Salvador,Carla Mendes,Loja Física,Pessoa Física,1,246.55,0.1,221.9,129.9,92.0
PED-03248,2025-05-28,Webcam HD,Acessórios,Nordeste,Fortaleza,Diego Alves,E-commerce,Pessoa Física,3,244.34,0.15,623.07,386.31,236.76
PED-03249,2025-08-02,Headset Pro,Acessórios,Centro-Oeste,Brasília,Henrique Dias,E-commerce,Pessoa Física,6,319.83,0,1918.98,1053.36,865.62
PED-03250,2025-02-11,Teclado Mecânico,Acessórios,Nordeste,Recife,Felipe Martins,Marketplace,Pessoa Física,1,401.12,0,401.12,225.1,176.02
PED-03251,2025-01-17,Mouse Wireless,Acessórios,Sudeste,Rio de Janeiro,Carla Mendes,Loja Física,Pequena Empresa,1,177.29,0.1,159.56,84.01,75.55
PED-03252,2026-08-25,Mouse Wireless,Acessórios,Sudeste,Rio de Janeiro,Henrique Dias,Marketplace,Média Empresa,2,175.92,0.1,316.66,167.9,148.76
PED-03253,2025-11-22,Memória 16GB,Componentes,Sudeste,Rio de Janeiro,Henrique Dias,E-commerce,Pequena Empresa,3,314.25,0.05,895.61,578.31,317.3
PED-03254,2026-08-16,Monitor 27,Tecnologia,Sudeste,Belo Horizonte,Bruno Costa,E-commerce,Pessoa Física,1,1471.36,0.05,1397.79,978.06,419.73
PED-03255,2025-09-15,Memória 16GB,Componentes,Sul,Florianópolis,Gabriela Souza,Venda Corporativa,Média Empresa,1,310.95,0.15,264.31,199.25,65.06
PED-03256,2026-05-03,Monitor 24,Tecnologia,Sudeste,São Paulo,Felipe Martins,E-commerce,Pessoa Física,2,900.55,0,1801.1,1158.9,642.2
PED-03257,2026-08-05,Mouse Wireless,Acessórios,Sudeste,Rio de Janeiro,Diego Alves,Loja Física,Média Empresa,5,175.26,0,876.3,415.45,460.85
PED-03258,2025-07-17,Teclado Mecânico,Acessórios,Centro-Oeste,Cuiabá,Eduarda Rocha,Loja Física,Pessoa Física,8,406.31,0,3250.48,1766.24,1484.24
PED-03259,2026-01-18,SSD 1TB,Componentes,Sul,Florianópolis,Ana Lima,Loja Física,Pessoa Física,3,447.12,0,1341.36,867.72,473.64
PED-03260,2025-01-29,Dock Station,Acessórios,Sul,Porto Alegre,Bruno Costa,Venda Corporativa,Grande Empresa,1,561.45,0.05,533.38,309.86,223.52
PED-03261,2025-07-04,Monitor 24,Tecnologia,Sul,Florianópolis,Felipe Martins,Loja Física,Pequena Empresa,1,923.18,0,923.18,611.68,311.5
PED-03262,2026-06-13,Memória 16GB,Componentes,Sudeste,Belo Horizonte,Bruno Costa,Loja Física,Pessoa Física,2,313.82,0,627.64,396.26,231.38
PED-03263,2026-07-19,Dock Station,Acessórios,Sul,Porto Alegre,Ana Lima,Venda Corporativa,Pessoa Física,1,539.04,0,539.04,321.06,217.98
PED-03264,2025-10-14,Notebook Air 13,Tecnologia,Centro-Oeste,Brasília,Ana Lima,Loja Física,Pequena Empresa,2,3620.94,0.1,6517.69,5608.06,909.63
PED-03265,2025-11-29,Mouse Wireless,Acessórios,Nordeste,Recife,Ana Lima,Loja Física,Pessoa Física,1,177.35,0,177.35,85.12,92.23
PED-03266,2026-03-25,Monitor 27,Tecnologia,Centro-Oeste,Goiânia,Gabriela Souza,Loja Física,Pequena Empresa,1,1499.07,0,1499.07,983.66,515.41
PED-03267,2026-07-08,Notebook Air 13,Tecnologia,Sudeste,Rio de Janeiro,Ana Lima,E-commerce,Grande Empresa,1,3683.87,0.05,3499.68,2717.25,782.43
PED-03268,2025-02-17,SSD 500GB,Componentes,Centro-Oeste,Goiânia,Gabriela Souza,E-commerce,Pessoa Física,2,299.13,0.1,538.43,363.96,174.47
PED-03269,2025-07-26,SSD 1TB,Componentes,Centro-Oeste,Brasília,Gabriela Souza,Marketplace,Média Empresa,3,459.66,0.15,1172.13,917.88,254.25
PED-03270,2026-03-29,Dock Station,Acessórios,Centro-Oeste,Cuiabá,Gabriela Souza,Loja Física,Pequena Empresa,5,564.65,0.1,2540.93,1558.05,982.88
PED-03271,2025-11-19,Webcam HD,Acessórios,Sudeste,São Paulo,Bruno Costa,E-commerce,Pequena Empresa,6,244.17,0.05,1391.77,763.56,628.21
PED-03272,2025-04-04,Dock Station,Acessórios,Sudeste,Rio de Janeiro,João Ribeiro,Loja Física,Pequena Empresa,1,534.54,0.05,507.81,324.78,183.03
PED-03273,2025-10-13,SSD 1TB,Componentes,Sudeste,São Paulo,Gabriela Souza,Marketplace,Pessoa Física,3,449.96,0.05,1282.39,913.29,369.1
PED-03274,2025-09-10,Webcam HD,Acessórios,Sul,Porto Alegre,Henrique Dias,E-commerce,Pessoa Física,2,247.54,0,495.08,261.1,233.98
PED-03275,2026-04-03,Mouse Wireless,Acessórios,Sudeste,Rio de Janeiro,Gabriela Souza,Venda Corporativa,Média Empresa,1,185.79,0,185.79,84.82,100.97
PED-03276,2025-08-14,SSD 500GB,Componentes,Centro-Oeste,Cuiabá,Carla Mendes,Loja Física,Pessoa Física,1,283.18,0.05,269.02,179.29,89.73
PED-03277,2026-05-11,Monitor 27,Tecnologia,Centro-Oeste,Brasília,Diego Alves,E-commerce,Pessoa Física,1,1544.53,0.1,1390.08,984.34,405.74
PED-03278,2026-08-25,Notebook Air 13,Tecnologia,Sudeste,Rio de Janeiro,Eduarda Rocha,E-commerce,Pequena Empresa,2,3626.98,0,7253.96,5586.28,1667.68
PED-03279,2025-01-01,Mouse Wireless,Acessórios,Centro-Oeste,Cuiabá,Diego Alves,Loja Física,Pequena Empresa,3,176.16,0,528.48,256.74,271.74
PED-03280,2025-03-16,Monitor 24,Tecnologia,Nordeste,Recife,Felipe Martins,Marketplace,Pessoa Física,2,930.95,0.05,1768.81,1178.46,590.35
PED-03281,2026-09-09,Webcam HD,Acessórios,Centro-Oeste,Goiânia,Ana Lima,Marketplace,Média Empresa,2,246.28,0,492.56,253.62,238.94
PED-03282,2025-10-12,Monitor 24,Tecnologia,Sudeste,Campinas,Ana Lima,Venda Corporativa,Pequena Empresa,3,926.63,0,2779.89,1795.08,984.81
PED-03283,2025-11-13,Teclado Mecânico,Acessórios,Sudeste,Campinas,Bruno Costa,Marketplace,Pequena Empresa,4,401.1,0.05,1524.18,885.08,639.1
PED-03284,2026-03-24,Monitor 27,Tecnologia,Centro-Oeste,Goiânia,Henrique Dias,Marketplace,Pequena Empresa,4,1480.78,0.1,5330.81,3944.4,1386.41
PED-03285,2026-05-29,Headset Pro,Acessórios,Sudeste,Rio de Janeiro,Eduarda Rocha,Marketplace,Pequena Empresa,1,330.39,0,330.39,171.91,158.48
PED-03286,2025-08-28,SSD 500GB,Componentes,Sudeste,São Paulo,João Ribeiro,Loja Física,Pessoa Física,2,294.21,0.1,529.58,353.16,176.42
PED-03287,2025-06-14,Monitor 27,Tecnologia,Sudeste,Rio de Janeiro,João Ribeiro,Venda Corporativa,Média Empresa,2,1550.39,0.15,2635.66,1937.64,698.02
PED-03288,2026-07-31,Notebook Pro 14,Tecnologia,Sudeste,São Paulo,Diego Alves,Venda Corporativa,Pessoa Física,3,4845.69,0,14537.07,11123.04,3414.03
PED-03289,2025-12-26,Headset Pro,Acessórios,Sudeste,Campinas,Bruno Costa,E-commerce,Média Empresa,1,329.83,0.1,296.85,175.91,120.94
PED-03290,2026-02-04,Notebook Pro 14,Tecnologia,Sudeste,Campinas,Isabela Freitas,Loja Física,Pessoa Física,1,4987.15,0,4987.15,3765.71,1221.44
PED-03291,2026-01-15,Webcam HD,Acessórios,Sul,Porto Alegre,Henrique Dias,Marketplace,Pessoa Física,1,249.08,0.05,236.63,127.02,109.61
PED-03292,2025-09-15,Webcam HD,Acessórios,Centro-Oeste,Brasília,Isabela Freitas,E-commerce,Pessoa Física,3,256.34,0.15,653.67,374.13,279.54
PED-03293,2026-03-23,Teclado Mecânico,Acessórios,Sudeste,Belo Horizonte,Carla Mendes,E-commerce,Pessoa Física,1,401.54,0.05,381.46,218.66,162.8
PED-03294,2026-08-31,Dock Station,Acessórios,Sul,Curitiba,Henrique Dias,E-commerce,Pequena Empresa,1,535.49,0,535.49,318.99,216.5
PED-03295,2026-01-06,Memória 16GB,Componentes,Sudeste,Rio de Janeiro,João Ribeiro,Marketplace,Pessoa Física,3,319.07,0.1,861.49,589.05,272.44
PED-03296,2025-02-05,Notebook Pro 14,Tecnologia,Sudeste,Campinas,Carla Mendes,E-commerce,Média Empresa,2,4836.31,0.05,9188.99,7562.86,1626.13
PED-03297,2025-03-31,Teclado Mecânico,Acessórios,Sudeste,Rio de Janeiro,Bruno Costa,Loja Física,Pessoa Física,2,393.78,0.15,669.43,422.0,247.43
PED-03298,2025-03-22,Notebook Air 13,Tecnologia,Centro-Oeste,Cuiabá,Eduarda Rocha,Marketplace,Pessoa Física,1,3577.48,0.05,3398.61,2750.3,648.31
PED-03299,2026-01-16,Monitor 27,Tecnologia,Nordeste,Recife,Carla Mendes,Loja Física,Pessoa Física,1,1517.89,0,1517.89,1024.64,493.25
PED-03300,2025-12-21,Webcam HD,Acessórios,Nordeste,Fortaleza,Diego Alves,E-commerce,Média Empresa,8,245.01,0.15,1666.07,1023.2,642.87
PED-03301,2025-04-02,SSD 500GB,Componentes,Sudeste,Belo Horizonte,Gabriela Souza,Venda Corporativa,Média Empresa,2,293.62,0.15,499.15,353.94,145.21
PED-03302,2026-07-10,Memória 16GB,Componentes,Nordeste,Recife,Isabela Freitas,Loja Física,Pessoa Física,2,312.58,0.05,593.9,399.62,194.28
PED-03303,2026-02-01,Notebook Pro 14,Tecnologia,Nordeste,Fortaleza,João Ribeiro,Marketplace,Grande Empresa,4,4900.23,0.15,16660.78,14577.52,2083.26
PED-03304,2026-03-11,SSD 1TB,Componentes,Sudeste,Campinas,Gabriela Souza,Marketplace,Pessoa Física,1,467.21,0.1,420.49,297.13,123.36
PED-03305,2025-05-21,Headset Pro,Acessórios,Sul,Porto Alegre,Bruno Costa,Loja Física,Pequena Empresa,1,335.87,0.05,319.08,174.84,144.24
PED-03306,2025-02-19,Notebook Air 13,Tecnologia,Nordeste,Salvador,Carla Mendes,Marketplace,Média Empresa,4,3643.88,0.1,13117.97,10667.32,2450.65
PED-03307,2026-09-28,Mouse Wireless,Acessórios,Nordeste,Fortaleza,Carla Mendes,Marketplace,Pessoa Física,8,174.89,0.05,1329.16,648.8,680.36
PED-03308,2026-01-10,SSD 500GB,Componentes,Sudeste,São Paulo,Eduarda Rocha,Venda Corporativa,Pequena Empresa,2,296.83,0.1,534.29,366.9,167.39
PED-03309,2026-03-04,Memória 16GB,Componentes,Sudeste,São Paulo,Bruno Costa,E-commerce,Pessoa Física,1,322.86,0.1,290.57,200.35,90.22
PED-03310,2025-12-28,Notebook Pro 14,Tecnologia,Sul,Porto Alegre,Diego Alves,Marketplace,Pessoa Física,1,4783.35,0.1,4305.02,3647.65,657.37
PED-03311,2025-08-29,Notebook Pro 14,Tecnologia,Sul,Porto Alegre,Felipe Martins,Venda Corporativa,Pequena Empresa,2,4982.67,0,9965.34,7610.82,2354.52
PED-03312,2025-03-04,Monitor 27,Tecnologia,Centro-Oeste,Cuiabá,Eduarda Rocha,E-commerce,Grande Empresa,1,1455.55,0,1455.55,1025.9,429.65
PED-03313,2026-09-07,Monitor 24,Tecnologia,Nordeste,Salvador,Carla Mendes,Loja Física,Média Empresa,3,910.3,0.15,2321.26,1792.29,528.97
PED-03314,2025-05-24,Teclado Mecânico,Acessórios,Sudeste,Belo Horizonte,Diego Alves,E-commerce,Média Empresa,1,405.72,0.05,385.43,213.32,172.11
PED-03315,2025-12-03,Memória 16GB,Componentes,Nordeste,Salvador,Henrique Dias,Loja Física,Pequena Empresa,2,315.17,0,630.34,385.0,245.34
PED-03316,2026-03-25,Monitor 27,Tecnologia,Sudeste,Campinas,Diego Alves,E-commerce,Pessoa Física,6,1552.41,0,9314.46,5836.38,3478.08
PED-03317,2026-02-03,Headset Pro,Acessórios,Sudeste,Belo Horizonte,Diego Alves,Loja Física,Pequena Empresa,2,333.11,0.15,566.29,339.46,226.83
PED-03318,2025-02-22,Monitor 27,Tecnologia,Centro-Oeste,Goiânia,Ana Lima,Venda Corporativa,Pessoa Física,5,1477.39,0.15,6278.91,4887.6,1391.31
PED-03319,2025-02-21,Headset Pro,Acessórios,Sudeste,Belo Horizonte,Isabela Freitas,E-commerce,Pessoa Física,2,335.36,0,670.72,355.08,315.64
PED-03320,2025-03-13,Monitor 27,Tecnologia,Sul,Florianópolis,Ana Lima,E-commerce,Média Empresa,3,1557.53,0,4672.59,2952.54,1720.05
PED-03321,2025-09-06,SSD 1TB,Componentes,Nordeste,Recife,Felipe Martins,Loja Física,Média Empresa,6,447.94,0.1,2418.88,1807.62,611.26
PED-03322,2026-03-08,SSD 500GB,Componentes,Sudeste,Rio de Janeiro,Ana Lima,Marketplace,Pequena Empresa,5,286.91,0.1,1291.1,877.75,413.35
PED-03323,2025-01-04,Memória 16GB,Componentes,Sudeste,Belo Horizonte,Diego Alves,E-commerce,Média Empresa,2,314.13,0,628.26,378.64,249.62
PED-03324,2026-07-31,Headset Pro,Acessórios,Sul,Porto Alegre,Carla Mendes,E-commerce,Pequena Empresa,6,320.43,0,1922.58,1050.66,871.92
PED-03325,2025-06-19,Webcam HD,Acessórios,Sudeste,Rio de Janeiro,Felipe Martins,E-commerce,Pessoa Física,4,256.91,0.05,976.26,509.64,466.62
PED-03326,2026-07-13,Mouse Wireless,Acessórios,Sul,Curitiba,Ana Lima,Loja Física,Pessoa Física,2,174.12,0,348.24,161.22,187.02
PED-03327,2025-02-14,Notebook Pro 14,Tecnologia,Sul,Curitiba,Carla Mendes,E-commerce,Pequena Empresa,2,5071.58,0.2,8114.53,7606.08,508.45
PED-03328,2025-10-18,Headset Pro,Acessórios,Sudeste,Campinas,Bruno Costa,Loja Física,Pessoa Física,1,319.77,0.05,303.78,171.04,132.74
PED-03329,2026-03-08,SSD 500GB,Componentes,Sudeste,Rio de Janeiro,Eduarda Rocha,Marketplace,Pessoa Física,4,288.69,0.1,1039.28,740.8,298.48
PED-03330,2025-10-19,Notebook Air 13,Tecnologia,Sudeste,Campinas,Diego Alves,E-commerce,Pessoa Física,2,3739.96,0,7479.92,5337.4,2142.52
PED-03331,2026-06-12,Mouse Wireless,Acessórios,Sudeste,Campinas,Gabriela Souza,Loja Física,Pessoa Física,3,185.07,0.05,527.45,248.1,279.35
PED-03332,2026-02-26,Notebook Pro 14,Tecnologia,Sudeste,Rio de Janeiro,Diego Alves,Loja Física,Pessoa Física,1,5004.69,0.15,4253.99,3708.8,545.19
PED-03333,2025-05-24,Notebook Air 13,Tecnologia,Sudeste,Rio de Janeiro,Carla Mendes,Venda Corporativa,Pessoa Física,1,3579.99,0,3579.99,2829.91,750.08
PED-03334,2026-01-13,Memória 16GB,Componentes,Sudeste,Rio de Janeiro,Diego Alves,Loja Física,Pessoa Física,1,330.32,0,330.32,191.28,139.04
PED-03335,2025-02-28,Monitor 27,Tecnologia,Sul,Porto Alegre,Ana Lima,Loja Física,Pessoa Física,2,1512.75,0,3025.5,1937.52,1087.98
PED-03336,2026-09-27,Monitor 24,Tecnologia,Sudeste,Rio de Janeiro,Eduarda Rocha,Venda Corporativa,Pequena Empresa,2,912.18,0,1824.36,1159.12,665.24
PED-03337,2025-11-09,SSD 1TB,Componentes,Sudeste,Rio de Janeiro,Isabela Freitas,E-commerce,Pessoa Física,2,464.24,0.1,835.63,585.74,249.89
PED-03338,2026-09-10,Notebook Pro 14,Tecnologia,Centro-Oeste,Goiânia,Isabela Freitas,Venda Corporativa,Pequena Empresa,3,4890.19,0.1,13203.51,11257.62,1945.89
PED-03339,2025-01-25,Notebook Pro 14,Tecnologia,Centro-Oeste,Goiânia,Isabela Freitas,E-commerce,Pessoa Física,2,4960.38,0.05,9424.72,7505.48,1919.24
PED-03340,2025-08-16,Headset Pro,Acessórios,Centro-Oeste,Brasília,João Ribeiro,Loja Física,Pessoa Física,2,334.84,0,669.68,343.68,326.0
PED-03341,2025-01-17,Dock Station,Acessórios,Sudeste,Rio de Janeiro,Felipe Martins,Marketplace,Pessoa Física,2,547.02,0.1,984.64,632.14,352.5
PED-03342,2025-05-30,Monitor 24,Tecnologia,Nordeste,Salvador,Felipe Martins,Loja Física,Média Empresa,2,891.17,0.1,1604.11,1224.78,379.33
PED-03343,2026-02-27,Dock Station,Acessórios,Nordeste,Fortaleza,Carla Mendes,Loja Física,Pessoa Física,3,539.93,0.05,1538.8,955.14,583.66
PED-03344,2025-09-04,Teclado Mecânico,Acessórios,Sul,Porto Alegre,Gabriela Souza,E-commerce,Pessoa Física,1,403.77,0.2,323.02,221.89,101.13
PED-03345,2025-03-31,Dock Station,Acessórios,Sudeste,Campinas,Isabela Freitas,E-commerce,Pessoa Física,2,561.21,0.1,1010.18,637.78,372.4
PED-03346,2026-04-28,SSD 1TB,Componentes,Centro-Oeste,Goiânia,Eduarda Rocha,Loja Física,Grande Empresa,5,467.08,0.1,2101.86,1512.2,589.66
PED-03347,2026-09-30,Mouse Wireless,Acessórios,Sudeste,Campinas,João Ribeiro,Marketplace,Pessoa Física,1,177.05,0.1,159.35,85.24,74.11
PED-03348,2026-07-08,Monitor 24,Tecnologia,Nordeste,Salvador,Bruno Costa,Loja Física,Pessoa Física,1,884.03,0.05,839.83,597.57,242.26
PED-03349,2026-08-23,Notebook Air 13,Tecnologia,Nordeste,Fortaleza,Diego Alves,Loja Física,Pessoa Física,8,3735.33,0,29882.64,22082.64,7800.0
PED-03350,2025-01-03,Notebook Air 13,Tecnologia,Nordeste,Salvador,Carla Mendes,Venda Corporativa,Pessoa Física,2,3683.6,0,7367.2,5380.04,1987.16
PED-03351,2025-01-07,SSD 500GB,Componentes,Sudeste,São Paulo,Felipe Martins,E-commerce,Pessoa Física,1,288.32,0.1,259.49,183.91,75.58
PED-03352,2025-08-11,SSD 500GB,Componentes,Sudeste,São Paulo,João Ribeiro,Loja Física,Pessoa Física,2,282.8,0,565.6,363.7,201.9
PED-03353,2026-03-13,Webcam HD,Acessórios,Sudeste,São Paulo,Carla Mendes,Loja Física,Pequena Empresa,5,243.23,0.15,1033.73,651.5,382.23
PED-03354,2026-05-13,SSD 500GB,Componentes,Sudeste,São Paulo,Ana Lima,Marketplace,Pequena Empresa,3,295.54,0.1,797.96,526.29,271.67
PED-03355,2026-04-20,Headset Pro,Acessórios,Centro-Oeste,Brasília,Carla Mendes,Venda Corporativa,Média Empresa,2,324.17,0,648.34,355.84,292.5
PED-03356,2026-05-08,Notebook Air 13,Tecnologia,Sudeste,São Paulo,Felipe Martins,E-commerce,Pessoa Física,2,3608.23,0,7216.46,5549.24,1667.22
PED-03357,2026-07-20,Webcam HD,Acessórios,Sudeste,Campinas,Carla Mendes,Loja Física,Pessoa Física,1,242.34,0,242.34,125.57,116.77
PED-03358,2026-06-17,Notebook Pro 14,Tecnologia,Centro-Oeste,Cuiabá,Diego Alves,E-commerce,Pequena Empresa,3,4822.29,0,14466.87,10817.82,3649.05
PED-03359,2025-01-13,Notebook Pro 14,Tecnologia,Sudeste,Rio de Janeiro,Carla Mendes,E-commerce,Pessoa Física,1,5010.64,0.1,4509.58,3624.75,884.83
PED-03360,2026-04-07,Headset Pro,Acessórios,Sudeste,Rio de Janeiro,Ana Lima,Venda Corporativa,Pessoa Física,1,332.12,0.05,315.51,176.26,139.25
PED-03361,2025-06-19,Dock Station,Acessórios,Centro-Oeste,Cuiabá,Diego Alves,E-commerce,Pessoa Física,3,561.64,0,1684.92,937.5,747.42
PED-03362,2026-06-02,Notebook Air 13,Tecnologia,Sudeste,Campinas,Henrique Dias,Marketplace,Pequena Empresa,2,3641.63,0,7283.26,5379.7,1903.56
PED-03363,2025-04-09,Mouse Wireless,Acessórios,Sudeste,Campinas,Eduarda Rocha,Marketplace,Pessoa Física,1,175.77,0,175.77,83.89,91.88
PED-03364,2025-11-03,Notebook Air 13,Tecnologia,Sul,Porto Alegre,Diego Alves,Loja Física,Pessoa Física,6,3690.54,0,22143.24,16023.12,6120.12
PED-03365,2026-06-19,Teclado Mecânico,Acessórios,Nordeste,Salvador,Felipe Martins,E-commerce,Pessoa Física,1,401.05,0.05,381.0,213.17,167.83
PED-03366,2025-10-26,Headset Pro,Acessórios,Centro-Oeste,Goiânia,Ana Lima,E-commerce,Pessoa Física,1,330.46,0.05,313.94,176.36,137.58
PED-03367,2026-07-27,SSD 500GB,Componentes,Nordeste,Salvador,Henrique Dias,E-commerce,Pequena Empresa,4,290.65,0,1162.6,713.8,448.8
PED-03368,2025-01-08,Notebook Air 13,Tecnologia,Sul,Curitiba,Henrique Dias,E-commerce,Pequena Empresa,10,3673.7,0,36737.0,27598.5,9138.5
PED-03369,2026-08-02,Notebook Pro 14,Tecnologia,Sudeste,Rio de Janeiro,Carla Mendes,E-commerce,Pessoa Física,3,4818.31,0,14454.93,10752.21,3702.72
PED-03370,2025-07-20,Headset Pro,Acessórios,Sul,Curitiba,João Ribeiro,Loja Física,Pessoa Física,1,326.38,0,326.38,168.37,158.01
PED-03371,2026-04-26,SSD 500GB,Componentes,Nordeste,Recife,Henrique Dias,Marketplace,Pequena Empresa,2,285.82,0.1,514.48,357.64,156.84
PED-03372,2026-03-27,SSD 1TB,Componentes,Sudeste,Campinas,Diego Alves,Loja Física,Pessoa Física,5,453.41,0.1,2040.35,1436.5,603.85
PED-03373,2026-09-11,Notebook Pro 14,Tecnologia,Sudeste,Belo Horizonte,Isabela Freitas,Marketplace,Grande Empresa,2,4793.34,0.1,8628.01,7185.9,1442.11
PED-03374,2025-05-08,Notebook Air 13,Tecnologia,Centro-Oeste,Goiânia,Felipe Martins,Marketplace,Pessoa Física,3,3595.86,0.05,10248.2,8007.93,2240.27
PED-03375,2025-12-13,Monitor 27,Tecnologia,Sudeste,Campinas,Ana Lima,E-commerce,Pessoa Física,1,1498.33,0,1498.33,983.11,515.22
PED-03376,2026-05-10,Webcam HD,Acessórios,Nordeste,Salvador,Carla Mendes,Venda Corporativa,Pequena Empresa,2,258.7,0,517.4,263.84,253.56
PED-03377,2025-11-09,Webcam HD,Acessórios,Sul,Curitiba,Henrique Dias,Loja Física,Pessoa Física,5,242.56,0.1,1091.52,657.85,433.67
PED-03378,2026-08-26,SSD 500GB,Componentes,Nordeste,Fortaleza,Eduarda Rocha,Loja Física,Pessoa Física,4,290.49,0,1161.96,706.48,455.48
PED-03379,2026-04-15,Monitor 27,Tecnologia,Sul,Curitiba,Diego Alves,Loja Física,Pessoa Física,2,1455.7,0.1,2620.26,2016.84,603.42
PED-03380,2025-09-19,Notebook Pro 14,Tecnologia,Centro-Oeste,Cuiabá,Diego Alves,Loja Física,Pessoa Física,2,5026.34,0.1,9047.41,7311.56,1735.85
PED-03381,2026-01-29,Teclado Mecânico,Acessórios,Sul,Porto Alegre,Carla Mendes,Marketplace,Pessoa Física,2,408.22,0,816.44,445.36,371.08
PED-03382,2025-12-22,Monitor 27,Tecnologia,Nordeste,Fortaleza,Bruno Costa,Loja Física,Pessoa Física,3,1536.82,0.05,4379.94,2913.21,1466.73
PED-03383,2025-09-12,Mouse Wireless,Acessórios,Centro-Oeste,Brasília,Diego Alves,Venda Corporativa,Média Empresa,6,174.34,0.1,941.44,485.76,455.68
PED-03384,2026-03-11,Monitor 24,Tecnologia,Sudeste,São Paulo,Bruno Costa,E-commerce,Média Empresa,1,884.38,0.05,840.16,614.64,225.52
PED-03385,2025-12-18,Monitor 27,Tecnologia,Centro-Oeste,Goiânia,Diego Alves,Loja Física,Pequena Empresa,2,1547.09,0.05,2939.47,1947.54,991.93
PED-03386,2026-04-16,Notebook Pro 14,Tecnologia,Sudeste,Belo Horizonte,Felipe Martins,E-commerce,Pequena Empresa,3,5075.51,0.15,12942.55,10886.91,2055.64
PED-03387,2025-10-25,Monitor 27,Tecnologia,Sudeste,São Paulo,Henrique Dias,E-commerce,Média Empresa,1,1488.91,0.2,1191.13,1004.41,186.72
PED-03388,2025-06-20,Notebook Air 13,Tecnologia,Sul,Florianópolis,Eduarda Rocha,E-commerce,Pequena Empresa,1,3518.66,0,3518.66,2725.44,793.22
PED-03389,2025-06-15,SSD 1TB,Componentes,Sudeste,Campinas,Eduarda Rocha,Marketplace,Pequena Empresa,1,457.68,0,457.68,289.8,167.88
PED-03390,2026-09-03,Dock Station,Acessórios,Centro-Oeste,Brasília,Eduarda Rocha,Loja Física,Pessoa Física,1,556.29,0.15,472.85,322.94,149.91
PED-03391,2026-01-19,SSD 500GB,Componentes,Sul,Curitiba,Felipe Martins,E-commerce,Pessoa Física,2,285.61,0.1,514.1,373.34,140.76
PED-03392,2025-03-19,Dock Station,Acessórios,Sudeste,Belo Horizonte,Henrique Dias,Venda Corporativa,Pessoa Física,3,545.58,0,1636.74,941.7,695.04
PED-03393,2026-07-26,Monitor 27,Tecnologia,Sudeste,Rio de Janeiro,Bruno Costa,E-commerce,Pessoa Física,1,1485.49,0.05,1411.22,1025.58,385.64
PED-03394,2026-05-05,Dock Station,Acessórios,Sul,Porto Alegre,Carla Mendes,E-commerce,Pequena Empresa,10,567.92,0.1,5111.28,3175.1,1936.18
PED-03395,2025-01-14,Headset Pro,Acessórios,Sudeste,Campinas,Bruno Costa,Marketplace,Pessoa Física,5,324.71,0.05,1542.37,864.6,677.77
PED-03396,2025-11-13,SSD 1TB,Componentes,Sudeste,Rio de Janeiro,Bruno Costa,Loja Física,Pessoa Física,8,457.62,0.05,3477.91,2290.72,1187.19
PED-03397,2025-03-21,Teclado Mecânico,Acessórios,Sudeste,Belo Horizonte,João Ribeiro,E-commerce,Pessoa Física,1,407.34,0,407.34,213.57,193.77
PED-03398,2026-03-02,Notebook Pro 14,Tecnologia,Sudeste,Belo Horizonte,Ana Lima,E-commerce,Grande Empresa,1,4964.98,0.15,4220.23,3683.19,537.04
PED-03399,2026-06-08,Monitor 24,Tecnologia,Sul,Curitiba,Carla Mendes,E-commerce,Pessoa Física,1,910.86,0.1,819.77,590.4,229.37
PED-03400,2026-01-16,Notebook Pro 14,Tecnologia,Nordeste,Fortaleza,Gabriela Souza,Marketplace,Pequena Empresa,4,4907.26,0.1,17666.14,15202.36,2463.78
PED-03401,2025-06-17,Notebook Pro 14,Tecnologia,Centro-Oeste,Cuiabá,Bruno Costa,E-commerce,Pessoa Física,1,4756.78,0,4756.78,3698.54,1058.24
PED-03402,2026-05-16,Monitor 27,Tecnologia,Sudeste,Campinas,Bruno Costa,Marketplace,Pessoa Física,1,1551.26,0.05,1473.7,982.49,491.21
PED-03403,2026-09-06,Memória 16GB,Componentes,Centro-Oeste,Goiânia,Henrique Dias,Venda Corporativa,Pequena Empresa,3,326.26,0,978.78,581.19,397.59
PED-03404,2026-09-16,Dock Station,Acessórios,Sudeste,Rio de Janeiro,Ana Lima,E-commerce,Pessoa Física,2,555.62,0.1,1000.12,630.8,369.32
PED-03405,2025-08-02,Headset Pro,Acessórios,Sudeste,São Paulo,Henrique Dias,E-commerce,Pequena Empresa,1,333.07,0.05,316.42,176.32,140.1
PED-03406,2026-07-03,Notebook Air 13,Tecnologia,Sudeste,Belo Horizonte,Diego Alves,Loja Física,Grande Empresa,1,3677.98,0.1,3310.18,2821.71,488.47
PED-03407,2026-06-28,Mouse Wireless,Acessórios,Nordeste,Fortaleza,Gabriela Souza,Loja Física,Grande Empresa,2,181.37,0,362.74,163.14,199.6
PED-03408,2025-11-11,SSD 500GB,Componentes,Sudeste,Campinas,Ana Lima,Venda Corporativa,Pessoa Física,1,281.48,0,281.48,180.68,100.8
PED-03409,2025-05-13,Headset Pro,Acessórios,Sudeste,Rio de Janeiro,Gabriela Souza,E-commerce,Pequena Empresa,6,339.31,0.05,1934.07,1014.84,919.23
PED-03410,2025-10-12,Mouse Wireless,Acessórios,Sul,Curitiba,Isabela Freitas,E-commerce,Pequena Empresa,3,178.31,0,534.93,246.87,288.06
PED-03411,2025-10-11,SSD 500GB,Componentes,Sudeste,Campinas,João Ribeiro,E-commerce,Média Empresa,3,294.12,0.05,838.24,536.88,301.36
PED-03412,2025-11-27,Webcam HD,Acessórios,Centro-Oeste,Goiânia,Eduarda Rocha,Loja Física,Pequena Empresa,3,254.6,0.1,687.42,379.17,308.25
PED-03413,2025-06-24,Monitor 27,Tecnologia,Centro-Oeste,Cuiabá,Isabela Freitas,Marketplace,Pessoa Física,4,1459.42,0.15,4962.03,4022.6,939.43
PED-03414,2025-11-29,Monitor 27,Tecnologia,Nordeste,Recife,João Ribeiro,Marketplace,Média Empresa,2,1533.86,0.05,2914.33,2056.92,857.41
PED-03415,2025-12-02,Monitor 27,Tecnologia,Sudeste,Campinas,Henrique Dias,E-commerce,Média Empresa,8,1459.56,0.05,11092.66,7716.24,3376.42
PED-03416,2025-08-18,SSD 500GB,Componentes,Sul,Porto Alegre,Ana Lima,Loja Física,Pessoa Física,1,291.87,0,291.87,175.46,116.41
PED-03417,2025-05-12,Teclado Mecânico,Acessórios,Sudeste,Belo Horizonte,Henrique Dias,Venda Corporativa,Pessoa Física,3,406.78,0,1220.34,641.22,579.12
PED-03418,2026-09-15,Webcam HD,Acessórios,Sudeste,Rio de Janeiro,Felipe Martins,E-commerce,Pessoa Física,1,249.1,0,249.1,124.96,124.14
PED-03419,2025-10-05,Notebook Pro 14,Tecnologia,Sul,Curitiba,Ana Lima,E-commerce,Pessoa Física,1,4775.67,0.05,4536.89,3730.0,806.89
PED-03420,2026-06-23,Webcam HD,Acessórios,Sudeste,Rio de Janeiro,Isabela Freitas,E-commerce,Pessoa Física,1,256.0,0.05,243.2,129.29,113.91
PED-03421,2026-06-04,Notebook Pro 14,Tecnologia,Sudeste,São Paulo,Henrique Dias,E-commerce,Média Empresa,2,4821.42,0.2,7714.27,7577.24,137.03
PED-03422,2025-08-25,Notebook Pro 14,Tecnologia,Sul,Porto Alegre,Eduarda Rocha,E-commerce,Pessoa Física,1,5027.86,0.05,4776.47,3686.84,1089.63
PED-03423,2025-07-05,SSD 500GB,Componentes,Sudeste,Rio de Janeiro,Bruno Costa,E-commerce,Média Empresa,2,294.17,0.1,529.51,350.54,178.97
PED-03424,2026-08-18,Monitor 24,Tecnologia,Centro-Oeste,Goiânia,Gabriela Souza,Loja Física,Pessoa Física,2,898.21,0,1796.42,1219.6,576.82
PED-03425,2026-04-13,Headset Pro,Acessórios,Sudeste,Belo Horizonte,Eduarda Rocha,E-commerce,Média Empresa,1,330.74,0.15,281.13,174.92,106.21
PED-03426,2025-09-14,Monitor 24,Tecnologia,Sudeste,São Paulo,Bruno Costa,Venda Corporativa,Pessoa Física,2,895.41,0.05,1701.28,1175.82,525.46
PED-03427,2025-02-20,Dock Station,Acessórios,Sul,Curitiba,Diego Alves,Marketplace,Pessoa Física,6,546.57,0,3279.42,1919.82,1359.6
PED-03428,2025-03-13,Teclado Mecânico,Acessórios,Centro-Oeste,Cuiabá,Felipe Martins,E-commerce,Pequena Empresa,2,394.02,0,788.04,434.4,353.64
PED-03429,2026-03-09,Notebook Pro 14,Tecnologia,Sudeste,Belo Horizonte,Bruno Costa,E-commerce,Grande Empresa,3,5031.51,0,15094.53,11097.0,3997.53
PED-03430,2025-06-10,Notebook Air 13,Tecnologia,Centro-Oeste,Goiânia,Eduarda Rocha,Loja Física,Pessoa Física,10,3605.2,0.1,32446.8,28225.0,4221.8
PED-03431,2026-08-16,Webcam HD,Acessórios,Sudeste,Rio de Janeiro,João Ribeiro,E-commerce,Pessoa Física,1,244.47,0.05,232.25,124.96,107.29
PED-03432,2025-02-04,Monitor 27,Tecnologia,Sudeste,Belo Horizonte,Isabela Freitas,Loja Física,Pessoa Física,3,1511.34,0,4534.02,2991.72,1542.3
PED-03433,2026-06-28,Dock Station,Acessórios,Sul,Curitiba,João Ribeiro,Marketplace,Média Empresa,2,564.43,0.2,903.09,623.14,279.95
PED-03434,2025-03-26,Headset Pro,Acessórios,Sul,Porto Alegre,João Ribeiro,Loja Física,Pequena Empresa,3,338.39,0,1015.17,516.87,498.3
PED-03435,2025-10-28,Teclado Mecânico,Acessórios,Sudeste,Belo Horizonte,Carla Mendes,E-commerce,Pequena Empresa,1,397.38,0,397.38,215.26,182.12
PED-03436,2025-06-09,Memória 16GB,Componentes,Sul,Porto Alegre,Isabela Freitas,E-commerce,Pessoa Física,5,320.64,0.1,1442.88,967.3,475.58
PED-03437,2026-05-15,SSD 1TB,Componentes,Nordeste,Salvador,Bruno Costa,Venda Corporativa,Pessoa Física,2,475.22,0,950.44,600.08,350.36
PED-03438,2025-08-22,Headset Pro,Acessórios,Sul,Florianópolis,Felipe Martins,Venda Corporativa,Pequena Empresa,5,320.45,0.1,1442.03,879.25,562.78
PED-03439,2025-03-20,Webcam HD,Acessórios,Sul,Florianópolis,Ana Lima,Marketplace,Pessoa Física,1,242.28,0.15,205.94,125.67,80.27
PED-03440,2026-02-28,Notebook Air 13,Tecnologia,Sudeste,Belo Horizonte,Ana Lima,Marketplace,Pequena Empresa,1,3513.15,0.1,3161.84,2823.73,338.11
PED-03441,2025-12-25,Webcam HD,Acessórios,Sudeste,Rio de Janeiro,Henrique Dias,E-commerce,Pequena Empresa,3,253.15,0.1,683.51,375.75,307.76
PED-03442,2025-05-09,Dock Station,Acessórios,Nordeste,Recife,Isabela Freitas,E-commerce,Pessoa Física,1,567.4,0,567.4,312.29,255.11
PED-03443,2026-06-05,Notebook Air 13,Tecnologia,Sudeste,Campinas,Bruno Costa,Marketplace,Pessoa Física,2,3707.59,0.05,7044.42,5468.9,1575.52
PED-03444,2026-08-20,Teclado Mecânico,Acessórios,Centro-Oeste,Cuiabá,Diego Alves,Loja Física,Pequena Empresa,2,387.43,0.05,736.12,438.52,297.6
PED-03445,2026-01-15,Mouse Wireless,Acessórios,Sudeste,Campinas,Bruno Costa,Venda Corporativa,Pessoa Física,1,185.96,0,185.96,81.44,104.52
PED-03446,2025-09-25,Mouse Wireless,Acessórios,Centro-Oeste,Cuiabá,Carla Mendes,E-commerce,Pequena Empresa,1,185.52,0,185.52,84.04,101.48
PED-03447,2026-03-16,SSD 1TB,Componentes,Sudeste,Belo Horizonte,Isabela Freitas,Marketplace,Pequena Empresa,2,455.0,0.05,864.5,592.02,272.48
PED-03448,2026-06-04,SSD 500GB,Componentes,Sul,Porto Alegre,Diego Alves,E-commerce,Pessoa Física,1,290.34,0,290.34,175.07,115.27
PED-03449,2025-07-29,Headset Pro,Acessórios,Sul,Curitiba,Carla Mendes,Marketplace,Média Empresa,3,322.2,0.05,918.27,502.89,415.38
PED-03450,2025-05-04,Monitor 27,Tecnologia,Sul,Porto Alegre,João Ribeiro,Venda Corporativa,Pequena Empresa,1,1556.13,0.05,1478.32,1012.07,466.25
PED-03451,2025-04-03,SSD 1TB,Componentes,Nordeste,Recife,Diego Alves,Loja Física,Pequena Empresa,1,466.67,0.05,443.34,290.78,152.56
PED-03452,2026-02-02,Notebook Pro 14,Tecnologia,Sudeste,Rio de Janeiro,Carla Mendes,E-commerce,Pessoa Física,1,4971.91,0.05,4723.31,3667.14,1056.17
PED-03453,2026-04-11,Mouse Wireless,Acessórios,Sudeste,Belo Horizonte,Carla Mendes,Marketplace,Pessoa Física,4,177.36,0,709.44,321.64,387.8
PED-03454,2025-02-06,Monitor 24,Tecnologia,Nordeste,Salvador,Henrique Dias,E-commerce,Pessoa Física,1,882.99,0.1,794.69,596.56,198.13
PED-03455,2026-01-26,Monitor 24,Tecnologia,Nordeste,Recife,Carla Mendes,Marketplace,Pessoa Física,1,879.33,0.05,835.36,599.46,235.9
PED-03456,2025-06-04,Notebook Pro 14,Tecnologia,Centro-Oeste,Cuiabá,Ana Lima,Marketplace,Pessoa Física,4,4951.85,0.1,17826.66,14824.68,3001.98
PED-03457,2026-02-27,Monitor 27,Tecnologia,Sul,Florianópolis,Felipe Martins,E-commerce,Pequena Empresa,3,1464.84,0,4394.52,3016.17,1378.35
PED-03458,2025-06-17,Dock Station,Acessórios,Nordeste,Recife,Henrique Dias,Marketplace,Pessoa Física,6,548.82,0.1,2963.63,1873.98,1089.65
PED-03459,2026-02-06,SSD 500GB,Componentes,Nordeste,Fortaleza,Eduarda Rocha,Loja Física,Pessoa Física,3,299.58,0,898.74,535.53,363.21
PED-03460,2026-06-12,Teclado Mecânico,Acessórios,Sudeste,Rio de Janeiro,Diego Alves,Venda Corporativa,Pessoa Física,1,405.58,0,405.58,214.89,190.69
PED-03461,2025-02-01,Monitor 24,Tecnologia,Sul,Curitiba,Felipe Martins,Loja Física,Pessoa Física,3,881.8,0.1,2380.86,1765.68,615.18
PED-03462,2025-12-18,Monitor 27,Tecnologia,Nordeste,Recife,Felipe Martins,Loja Física,Média Empresa,2,1539.37,0,3078.74,2034.44,1044.3
PED-03463,2025-09-13,Notebook Pro 14,Tecnologia,Sudeste,Campinas,Isabela Freitas,E-commerce,Pequena Empresa,1,4888.52,0.15,4155.24,3615.78,539.46
PED-03464,2026-09-30,Teclado Mecânico,Acessórios,Nordeste,Fortaleza,Bruno Costa,Loja Física,Pessoa Física,3,393.68,0.2,944.83,654.81,290.02
PED-03465,2025-06-23,Notebook Pro 14,Tecnologia,Centro-Oeste,Brasília,Felipe Martins,E-commerce,Pequena Empresa,2,4948.99,0.05,9403.08,7279.76,2123.32
PED-03466,2025-03-28,Headset Pro,Acessórios,Nordeste,Recife,Gabriela Souza,Marketplace,Pessoa Física,5,322.21,0,1611.05,894.55,716.5
PED-03467,2026-02-01,Notebook Air 13,Tecnologia,Nordeste,Fortaleza,Felipe Martins,Marketplace,Pequena Empresa,2,3715.09,0.1,6687.16,5674.68,1012.48
PED-03468,2026-07-31,Teclado Mecânico,Acessórios,Sul,Porto Alegre,João Ribeiro,Marketplace,Pessoa Física,5,407.71,0.1,1834.69,1077.55,757.14
PED-03469,2026-05-07,Headset Pro,Acessórios,Centro-Oeste,Brasília,Diego Alves,Venda Corporativa,Pessoa Física,2,319.51,0.05,607.07,352.8,254.27
PED-03470,2025-02-04,Memória 16GB,Componentes,Centro-Oeste,Brasília,Felipe Martins,Loja Física,Pequena Empresa,3,312.59,0.05,890.88,569.88,321.0
PED-03471,2026-01-09,SSD 1TB,Componentes,Nordeste,Recife,Ana Lima,Venda Corporativa,Pessoa Física,1,460.0,0,460.0,294.64,165.36
PED-03472,2025-04-19,Dock Station,Acessórios,Nordeste,Fortaleza,Diego Alves,Loja Física,Pequena Empresa,2,568.5,0,1137.0,613.5,523.5
PED-03473,2025-05-24,Notebook Pro 14,Tecnologia,Centro-Oeste,Brasília,Diego Alves,Loja Física,Pessoa Física,6,5012.09,0,30072.54,22347.84,7724.7
PED-03474,2026-03-14,Headset Pro,Acessórios,Nordeste,Recife,Diego Alves,Loja Física,Grande Empresa,1,325.93,0.05,309.63,170.58,139.05
PED-03475,2025-08-18,Headset Pro,Acessórios,Sudeste,Campinas,Ana Lima,Loja Física,Pessoa Física,2,328.47,0,656.94,355.68,301.26
PED-03476,2026-05-18,Teclado Mecânico,Acessórios,Nordeste,Salvador,João Ribeiro,Loja Física,Pessoa Física,1,399.62,0.05,379.64,219.75,159.89
PED-03477,2025-03-19,Headset Pro,Acessórios,Sudeste,São Paulo,João Ribeiro,Venda Corporativa,Grande Empresa,1,331.79,0.05,315.2,173.96,141.24
PED-03478,2025-09-04,Memória 16GB,Componentes,Sul,Porto Alegre,Isabela Freitas,Venda Corporativa,Pessoa Física,1,316.81,0.15,269.29,200.3,68.99
PED-03479,2025-05-20,SSD 1TB,Componentes,Nordeste,Recife,Gabriela Souza,E-commerce,Pessoa Física,2,446.79,0.05,848.9,573.66,275.24
PED-03480,2025-12-02,Dock Station,Acessórios,Sudeste,São Paulo,Bruno Costa,Marketplace,Pessoa Física,4,550.47,0.05,2091.79,1278.84,812.95
PED-03481,2025-02-11,Notebook Pro 14,Tecnologia,Sudeste,São Paulo,Ana Lima,Loja Física,Pessoa Física,6,4903.27,0,29419.62,22624.44,6795.18
PED-03482,2025-08-26,SSD 500GB,Componentes,Sudeste,Campinas,Eduarda Rocha,E-commerce,Pessoa Física,2,293.2,0.1,527.76,349.68,178.08
PED-03483,2026-09-11,Teclado Mecânico,Acessórios,Sudeste,São Paulo,João Ribeiro,Loja Física,Grande Empresa,1,393.15,0,393.15,212.34,180.81
PED-03484,2025-01-14,Mouse Wireless,Acessórios,Sudeste,Belo Horizonte,Carla Mendes,E-commerce,Pessoa Física,1,181.85,0.15,154.57,81.49,73.08
PED-03485,2025-12-28,SSD 1TB,Componentes,Sudeste,São Paulo,João Ribeiro,E-commerce,Pequena Empresa,1,455.3,0.1,409.77,295.33,114.44
PED-03486,2026-08-27,Notebook Pro 14,Tecnologia,Nordeste,Salvador,Carla Mendes,E-commerce,Pessoa Física,2,4912.61,0.05,9333.96,7589.68,1744.28
PED-03487,2025-02-07,SSD 500GB,Componentes,Sudeste,Rio de Janeiro,Isabela Freitas,Loja Física,Pessoa Física,10,284.42,0,2844.2,1862.6,981.6
PED-03488,2025-11-14,Notebook Pro 14,Tecnologia,Sul,Florianópolis,João Ribeiro,Marketplace,Pessoa Física,1,4851.55,0.05,4608.97,3755.78,853.19
PED-03489,2025-07-19,Notebook Pro 14,Tecnologia,Sul,Florianópolis,Diego Alves,Loja Física,Pessoa Física,3,4969.32,0.1,13417.16,11399.85,2017.31
PED-03490,2026-04-04,Memória 16GB,Componentes,Sudeste,Campinas,Gabriela Souza,E-commerce,Pessoa Física,1,330.27,0,330.27,194.66,135.61
PED-03491,2026-07-19,Mouse Wireless,Acessórios,Sudeste,Rio de Janeiro,Bruno Costa,E-commerce,Pessoa Física,2,184.02,0,368.04,165.38,202.66
PED-03492,2026-04-09,Webcam HD,Acessórios,Sudeste,Rio de Janeiro,Isabela Freitas,Loja Física,Pessoa Física,1,257.6,0,257.6,128.16,129.44
PED-03493,2026-03-31,Mouse Wireless,Acessórios,Nordeste,Recife,Ana Lima,E-commerce,Pequena Empresa,5,184.1,0,920.5,407.8,512.7
PED-03494,2025-01-14,Headset Pro,Acessórios,Sudeste,Campinas,Bruno Costa,Loja Física,Pequena Empresa,1,334.38,0.05,317.66,169.67,147.99
PED-03495,2025-11-28,Mouse Wireless,Acessórios,Nordeste,Recife,Bruno Costa,E-commerce,Pessoa Física,2,185.51,0.05,352.47,168.74,183.73
PED-03496,2025-04-08,Memória 16GB,Componentes,Nordeste,Recife,Diego Alves,Loja Física,Pequena Empresa,1,331.15,0.1,298.03,191.15,106.88
PED-03497,2026-06-15,Dock Station,Acessórios,Sudeste,Belo Horizonte,Carla Mendes,Marketplace,Pequena Empresa,6,534.4,0.05,3046.08,1837.44,1208.64
PED-03498,2026-06-18,Mouse Wireless,Acessórios,Centro-Oeste,Brasília,Bruno Costa,E-commerce,Pessoa Física,5,180.44,0.1,811.98,411.7,400.28
PED-03499,2025-11-24,Webcam HD,Acessórios,Sudeste,Campinas,Henrique Dias,Venda Corporativa,Pequena Empresa,1,256.62,0.05,243.79,132.21,111.58
PED-03500,2025-01-10,SSD 1TB,Componentes,Sul,Florianópolis,Diego Alves,Venda Corporativa,Média Empresa,1,467.8,0.05,444.41,289.79,154.62
PED-03501,2026-05-12,Mouse Wireless,Acessórios,Sul,Porto Alegre,Ana Lima,E-commerce,Pequena Empresa,3,178.35,0.15,454.79,252.93,201.86
PED-03502,2025-07-31,Dock Station,Acessórios,Sul,Curitiba,Eduarda Rocha,Loja Física,Média Empresa,1,549.9,0.1,494.91,311.16,183.75
PED-03503,2025-11-21,Mouse Wireless,Acessórios,Nordeste,Fortaleza,Carla Mendes,Loja Física,Pessoa Física,1,183.71,0.1,165.34,85.88,79.46
PED-03504,2025-05-29,Webcam HD,Acessórios,Sudeste,São Paulo,Isabela Freitas,Marketplace,Pessoa Física,1,250.44,0.15,212.87,129.05,83.82
PED-03505,2026-08-17,Webcam HD,Acessórios,Centro-Oeste,Goiânia,Henrique Dias,Loja Física,Média Empresa,8,252.56,0.2,1616.38,989.6,626.78
PED-03506,2026-07-24,Mouse Wireless,Acessórios,Sul,Porto Alegre,Henrique Dias,Loja Física,Pessoa Física,5,180.23,0,901.15,418.2,482.95
PED-03507,2025-07-13,Notebook Air 13,Tecnologia,Nordeste,Salvador,Carla Mendes,Marketplace,Grande Empresa,1,3733.64,0.1,3360.28,2832.82,527.46
PED-03508,2025-08-17,Monitor 27,Tecnologia,Sul,Florianópolis,Ana Lima,Venda Corporativa,Pequena Empresa,5,1479.28,0,7396.4,5000.85,2395.55
PED-03509,2025-04-08,Dock Station,Acessórios,Sudeste,Belo Horizonte,Felipe Martins,E-commerce,Média Empresa,2,567.02,0,1134.04,646.14,487.9
PED-03510,2025-09-02,Notebook Air 13,Tecnologia,Sudeste,São Paulo,Ana Lima,Venda Corporativa,Pessoa Física,1,3721.51,0,3721.51,2751.61,969.9
PED-03511,2026-03-18,Webcam HD,Acessórios,Sudeste,Belo Horizonte,João Ribeiro,E-commerce,Grande Empresa,2,258.11,0.1,464.6,253.32,211.28
PED-03512,2025-04-13,Headset Pro,Acessórios,Nordeste,Fortaleza,João Ribeiro,Marketplace,Pequena Empresa,1,336.15,0,336.15,171.97,164.18
PED-03513,2026-06-22,Headset Pro,Acessórios,Sudeste,Campinas,Isabela Freitas,E-commerce,Pessoa Física,2,328.03,0,656.06,351.56,304.5
PED-03514,2026-06-21,Dock Station,Acessórios,Sudeste,São Paulo,João Ribeiro,E-commerce,Pessoa Física,2,562.94,0.05,1069.59,635.38,434.21
PED-03515,2026-02-09,Webcam HD,Acessórios,Centro-Oeste,Cuiabá,Diego Alves,E-commerce,Pessoa Física,1,251.19,0,251.19,126.9,124.29
PED-03516,2025-04-16,Webcam HD,Acessórios,Sudeste,Campinas,Carla Mendes,Loja Física,Pessoa Física,6,248.59,0.1,1342.39,773.1,569.29
PED-03517,2026-06-12,Teclado Mecânico,Acessórios,Nordeste,Fortaleza,Henrique Dias,E-commerce,Pessoa Física,1,393.72,0.1,354.35,223.54,130.81
PED-03518,2025-08-16,SSD 500GB,Componentes,Sudeste,São Paulo,Ana Lima,Marketplace,Pequena Empresa,2,287.92,0,575.84,353.34,222.5
PED-03519,2025-05-28,Dock Station,Acessórios,Sudeste,Belo Horizonte,Eduarda Rocha,E-commerce,Pequena Empresa,2,556.18,0,1112.36,647.8,464.56
PED-03520,2026-01-23,Monitor 27,Tecnologia,Sudeste,Belo Horizonte,Bruno Costa,Marketplace,Pessoa Física,1,1498.83,0,1498.83,962.9,535.93
PED-03521,2026-03-01,Memória 16GB,Componentes,Sudeste,São Paulo,Carla Mendes,Venda Corporativa,Média Empresa,1,323.66,0.05,307.48,193.09,114.39
PED-03522,2026-09-20,SSD 500GB,Componentes,Sudeste,São Paulo,Gabriela Souza,Venda Corporativa,Pessoa Física,1,280.81,0,280.81,179.29,101.52
PED-03523,2026-05-19,Dock Station,Acessórios,Sul,Porto Alegre,Henrique Dias,Venda Corporativa,Pessoa Física,4,549.08,0.15,1866.87,1220.04,646.83
PED-03524,2025-07-01,SSD 500GB,Componentes,Sudeste,Rio de Janeiro,Isabela Freitas,Loja Física,Pessoa Física,3,280.61,0.15,715.56,526.17,189.39
PED-03525,2025-03-11,SSD 500GB,Componentes,Centro-Oeste,Cuiabá,Henrique Dias,Marketplace,Pequena Empresa,1,293.71,0,293.71,174.76,118.95
PED-03526,2025-12-21,SSD 500GB,Componentes,Centro-Oeste,Brasília,Gabriela Souza,Loja Física,Pessoa Física,2,284.83,0,569.66,353.84,215.82
PED-03527,2025-05-05,Webcam HD,Acessórios,Nordeste,Recife,Henrique Dias,Loja Física,Pessoa Física,1,244.51,0.1,220.06,131.59,88.47
PED-03528,2026-07-20,Memória 16GB,Componentes,Sudeste,Rio de Janeiro,Carla Mendes,E-commerce,Pequena Empresa,2,321.69,0.1,579.04,383.9,195.14
PED-03529,2025-07-05,Notebook Pro 14,Tecnologia,Sul,Florianópolis,Felipe Martins,E-commerce,Média Empresa,5,4793.25,0.05,22767.94,18926.6,3841.34
PED-03530,2026-03-04,SSD 1TB,Componentes,Sudeste,Belo Horizonte,Ana Lima,Venda Corporativa,Pequena Empresa,2,468.12,0,936.24,583.7,352.54
PED-03531,2026-09-07,Notebook Air 13,Tecnologia,Sudeste,Belo Horizonte,Diego Alves,E-commerce,Média Empresa,3,3502.58,0,10507.74,8397.45,2110.29
PED-03532,2026-05-14,Teclado Mecânico,Acessórios,Sul,Curitiba,Diego Alves,Loja Física,Pessoa Física,1,412.52,0,412.52,224.98,187.54
PED-03533,2025-08-26,Webcam HD,Acessórios,Sul,Porto Alegre,Eduarda Rocha,E-commerce,Pequena Empresa,1,251.33,0.15,213.63,126.62,87.01
PED-03534,2026-06-22,Notebook Pro 14,Tecnologia,Sudeste,São Paulo,Isabela Freitas,Loja Física,Pessoa Física,1,4976.77,0.05,4727.93,3788.93,939.0
PED-03535,2026-08-28,SSD 500GB,Componentes,Sudeste,Belo Horizonte,Ana Lima,E-commerce,Pessoa Física,4,290.67,0.15,988.28,722.44,265.84
PED-03536,2025-04-19,Mouse Wireless,Acessórios,Sul,Porto Alegre,Bruno Costa,Loja Física,Média Empresa,2,174.37,0,348.74,161.32,187.42
PED-03537,2025-09-17,Teclado Mecânico,Acessórios,Sudeste,Rio de Janeiro,João Ribeiro,E-commerce,Pessoa Física,1,410.89,0.15,349.26,210.85,138.41
PED-03538,2025-07-25,Memória 16GB,Componentes,Sudeste,Campinas,Isabela Freitas,Marketplace,Pessoa Física,1,318.28,0.15,270.54,196.19,74.35
PED-03539,2026-05-14,Monitor 24,Tecnologia,Sudeste,Belo Horizonte,João Ribeiro,E-commerce,Pessoa Física,1,896.81,0,896.81,608.33,288.48
PED-03540,2025-10-27,Webcam HD,Acessórios,Sudeste,Rio de Janeiro,Ana Lima,Loja Física,Pessoa Física,1,245.2,0.05,232.94,129.12,103.82
PED-03541,2025-12-31,Monitor 27,Tecnologia,Nordeste,Fortaleza,João Ribeiro,Loja Física,Pessoa Física,1,1492.33,0,1492.33,987.99,504.34
PED-03542,2025-05-21,Headset Pro,Acessórios,Sul,Florianópolis,Felipe Martins,Loja Física,Pessoa Física,1,328.77,0.15,279.45,171.05,108.4
PED-03543,2026-07-27,Notebook Pro 14,Tecnologia,Sudeste,São Paulo,Gabriela Souza,E-commerce,Pessoa Física,1,4841.75,0,4841.75,3742.44,1099.31
PED-03544,2025-03-10,Monitor 24,Tecnologia,Sudeste,Campinas,Gabriela Souza,Venda Corporativa,Pessoa Física,4,886.51,0.15,3014.13,2414.12,600.01
PED-03545,2025-01-12,Monitor 24,Tecnologia,Centro-Oeste,Goiânia,Diego Alves,Loja Física,Pessoa Física,3,874.66,0.15,2230.38,1815.57,414.81
PED-03546,2025-12-21,Monitor 24,Tecnologia,Sudeste,Campinas,Diego Alves,E-commerce,Média Empresa,1,922.98,0,922.98,598.39,324.59
PED-03547,2025-11-08,Webcam HD,Acessórios,Centro-Oeste,Goiânia,Henrique Dias,E-commerce,Média Empresa,2,246.33,0.05,468.03,257.34,210.69
PED-03548,2026-09-23,Notebook Pro 14,Tecnologia,Sul,Porto Alegre,Henrique Dias,Loja Física,Pequena Empresa,1,5086.96,0.1,4578.26,3662.95,915.31
PED-03549,2026-05-06,Webcam HD,Acessórios,Sudeste,Campinas,Bruno Costa,Marketplace,Pessoa Física,1,241.9,0.1,217.71,127.63,90.08
PED-03550,2026-02-16,Dock Station,Acessórios,Centro-Oeste,Cuiabá,João Ribeiro,E-commerce,Pessoa Física,5,563.67,0,2818.35,1595.6,1222.75
PED-03551,2026-05-24,Mouse Wireless,Acessórios,Sudeste,Belo Horizonte,Diego Alves,E-commerce,Média Empresa,6,184.88,0.1,998.35,499.5,498.85
PED-03552,2026-06-03,Webcam HD,Acessórios,Sul,Curitiba,Gabriela Souza,Venda Corporativa,Pessoa Física,1,249.59,0,249.59,125.52,124.07
PED-03553,2025-09-11,Teclado Mecânico,Acessórios,Nordeste,Salvador,Ana Lima,E-commerce,Média Empresa,2,406.97,0.05,773.24,434.92,338.32
PED-03554,2025-04-24,Monitor 27,Tecnologia,Sudeste,Campinas,Carla Mendes,Loja Física,Pessoa Física,8,1515.61,0.15,10306.15,7747.76,2558.39
PED-03555,2026-05-18,Dock Station,Acessórios,Sul,Florianópolis,Isabela Freitas,E-commerce,Pequena Empresa,1,554.92,0.2,443.94,317.35,126.59
PED-03556,2026-02-19,Notebook Pro 14,Tecnologia,Sul,Porto Alegre,Bruno Costa,Marketplace,Pessoa Física,10,5052.32,0.1,45470.88,36263.9,9206.98
PED-03557,2025-08-21,Notebook Pro 14,Tecnologia,Nordeste,Recife,Diego Alves,Loja Física,Pessoa Física,1,4945.95,0,4945.95,3825.08,1120.87
PED-03558,2025-01-23,Webcam HD,Acessórios,Nordeste,Recife,João Ribeiro,Marketplace,Pessoa Física,3,246.25,0.15,627.94,378.51,249.43
PED-03559,2025-01-05,Notebook Pro 14,Tecnologia,Nordeste,Recife,Ana Lima,Marketplace,Pessoa Física,1,5047.45,0,5047.45,3608.44,1439.01
PED-03560,2026-03-09,Teclado Mecânico,Acessórios,Centro-Oeste,Brasília,Henrique Dias,Marketplace,Pequena Empresa,1,407.71,0.05,387.32,213.36,173.96
PED-03561,2026-07-30,Dock Station,Acessórios,Sul,Porto Alegre,Eduarda Rocha,E-commerce,Média Empresa,3,555.15,0,1665.45,942.99,722.46
PED-03562,2026-09-06,Monitor 27,Tecnologia,Centro-Oeste,Goiânia,Bruno Costa,Marketplace,Pequena Empresa,2,1539.28,0.1,2770.7,1976.76,793.94
PED-03563,2025-11-26,Teclado Mecânico,Acessórios,Sudeste,Belo Horizonte,Isabela Freitas,Venda Corporativa,Pessoa Física,2,405.66,0.2,649.06,443.28,205.78
PED-03564,2026-05-11,Notebook Air 13,Tecnologia,Centro-Oeste,Cuiabá,Felipe Martins,E-commerce,Pequena Empresa,3,3670.89,0,11012.67,7998.78,3013.89
PED-03565,2026-03-17,Memória 16GB,Componentes,Nordeste,Recife,Bruno Costa,Loja Física,Pessoa Física,2,311.82,0.1,561.28,382.1,179.18
PED-03566,2025-08-18,Memória 16GB,Componentes,Sudeste,São Paulo,Carla Mendes,E-commerce,Grande Empresa,1,313.92,0,313.92,188.51,125.41
PED-03567,2026-02-11,Webcam HD,Acessórios,Sudeste,Rio de Janeiro,Henrique Dias,Marketplace,Pessoa Física,1,249.34,0,249.34,132.24,117.1
PED-03568,2026-04-25,Notebook Air 13,Tecnologia,Sudeste,Rio de Janeiro,Felipe Martins,E-commerce,Média Empresa,3,3666.45,0,10999.35,8056.92,2942.43
PED-03569,2026-09-15,Notebook Pro 14,Tecnologia,Nordeste,Salvador,Isabela Freitas,Loja Física,Pessoa Física,5,4888.39,0.05,23219.85,19076.8,4143.05
PED-03570,2025-06-21,Webcam HD,Acessórios,Sudeste,Belo Horizonte,Eduarda Rocha,E-commerce,Pessoa Física,3,251.54,0.2,603.7,378.87,224.83
PED-03571,2025-11-13,Headset Pro,Acessórios,Sudeste,Campinas,Carla Mendes,E-commerce,Pessoa Física,1,341.9,0.1,307.71,173.71,134.0
PED-03572,2025-02-15,SSD 500GB,Componentes,Sudeste,São Paulo,Gabriela Souza,Marketplace,Pessoa Física,3,280.99,0.1,758.67,553.71,204.96
PED-03573,2026-02-07,Notebook Air 13,Tecnologia,Sudeste,São Paulo,João Ribeiro,Venda Corporativa,Pessoa Física,1,3690.8,0,3690.8,2783.28,907.52
PED-03574,2026-03-19,Headset Pro,Acessórios,Sudeste,Campinas,Felipe Martins,E-commerce,Pessoa Física,1,325.53,0.1,292.98,175.09,117.89
PED-03575,2025-04-27,Memória 16GB,Componentes,Centro-Oeste,Cuiabá,Eduarda Rocha,E-commerce,Pessoa Física,1,326.08,0.2,260.86,199.39,61.47
PED-03576,2026-04-23,Dock Station,Acessórios,Sul,Porto Alegre,Isabela Freitas,Venda Corporativa,Pessoa Física,8,545.32,0,4362.56,2469.36,1893.2
PED-03577,2025-04-29,Monitor 24,Tecnologia,Sudeste,Campinas,Isabela Freitas,Marketplace,Média Empresa,2,892.94,0,1785.88,1187.16,598.72
PED-03578,2026-02-23,Notebook Air 13,Tecnologia,Sudeste,São Paulo,Henrique Dias,E-commerce,Pequena Empresa,3,3493.15,0.2,8383.56,8516.01,-132.45
PED-03579,2025-06-10,SSD 1TB,Componentes,Centro-Oeste,Brasília,Isabela Freitas,E-commerce,Pessoa Física,4,449.3,0,1797.2,1160.24,636.96
PED-03580,2026-08-24,SSD 1TB,Componentes,Nordeste,Fortaleza,Isabela Freitas,Loja Física,Pequena Empresa,6,457.99,0,2747.94,1735.44,1012.5
PED-03581,2026-02-13,Monitor 24,Tecnologia,Sudeste,São Paulo,Ana Lima,E-commerce,Pessoa Física,3,877.53,0,2632.59,1833.75,798.84
PED-03582,2026-08-25,Webcam HD,Acessórios,Nordeste,Recife,Bruno Costa,Venda Corporativa,Pessoa Física,5,247.36,0,1236.8,620.35,616.45
PED-03583,2025-06-26,Webcam HD,Acessórios,Nordeste,Recife,Eduarda Rocha,Marketplace,Pessoa Física,3,252.41,0.1,681.51,383.46,298.05
PED-03584,2025-06-13,Notebook Air 13,Tecnologia,Sudeste,Belo Horizonte,Gabriela Souza,Marketplace,Pessoa Física,3,3528.49,0,10585.47,8365.71,2219.76
PED-03585,2026-03-18,Mouse Wireless,Acessórios,Sudeste,Rio de Janeiro,Carla Mendes,Marketplace,Pequena Empresa,5,174.12,0.1,783.54,421.2,362.34
PED-03586,2025-04-08,Notebook Pro 14,Tecnologia,Sudeste,São Paulo,Carla Mendes,Loja Física,Pessoa Física,2,4766.97,0.05,9057.24,7583.28,1473.96
PED-03587,2026-09-08,SSD 500GB,Componentes,Sudeste,Campinas,Eduarda Rocha,Loja Física,Pequena Empresa,5,295.16,0.1,1328.22,879.65,448.57
PED-03588,2025-05-20,Headset Pro,Acessórios,Sul,Porto Alegre,João Ribeiro,E-commerce,Pequena Empresa,2,330.99,0,661.98,354.46,307.52
PED-03589,2026-09-15,Notebook Pro 14,Tecnologia,Sudeste,São Paulo,Isabela Freitas,E-commerce,Pessoa Física,1,4760.66,0.1,4284.59,3830.96,453.63
PED-03590,2026-07-21,Memória 16GB,Componentes,Sudeste,São Paulo,Felipe Martins,E-commerce,Grande Empresa,1,321.0,0.2,256.8,198.19,58.61
PED-03591,2026-03-19,SSD 1TB,Componentes,Sul,Florianópolis,Carla Mendes,Venda Corporativa,Pequena Empresa,10,467.77,0,4677.7,2977.8,1699.9
PED-03592,2026-03-05,Notebook Pro 14,Tecnologia,Centro-Oeste,Cuiabá,Bruno Costa,E-commerce,Grande Empresa,1,4905.67,0.05,4660.39,3684.83,975.56
PED-03593,2025-09-22,Monitor 27,Tecnologia,Sul,Curitiba,Felipe Martins,Loja Física,Média Empresa,2,1501.99,0,3003.98,2031.76,972.22
PED-03594,2026-09-29,Dock Station,Acessórios,Nordeste,Recife,João Ribeiro,Venda Corporativa,Pequena Empresa,2,547.47,0.15,930.7,645.0,285.7
PED-03595,2025-06-02,Notebook Pro 14,Tecnologia,Sudeste,São Paulo,Eduarda Rocha,Marketplace,Pessoa Física,8,4997.37,0,39978.96,30397.76,9581.2
PED-03596,2026-03-06,Headset Pro,Acessórios,Sudeste,São Paulo,Diego Alves,E-commerce,Grande Empresa,2,326.11,0.15,554.39,357.36,197.03
PED-03597,2026-08-07,SSD 500GB,Componentes,Nordeste,Recife,Bruno Costa,E-commerce,Pessoa Física,2,294.98,0,589.96,372.1,217.86
PED-03598,2025-11-27,Monitor 24,Tecnologia,Nordeste,Salvador,Carla Mendes,Marketplace,Pessoa Física,10,928.25,0.2,7426.0,6186.3,1239.7
PED-03599,2026-07-20,Webcam HD,Acessórios,Sudeste,São Paulo,Carla Mendes,Loja Física,Média Empresa,3,255.73,0.05,728.83,395.1,333.73
PED-03600,2026-01-07,Webcam HD,Acessórios,Sudeste,Campinas,Bruno Costa,Loja Física,Pessoa Física,1,251.58,0.05,239.0,126.23,112.77
PED-03601,2025-02-07,Dock Station,Acessórios,Sudeste,Belo Horizonte,Eduarda Rocha,Marketplace,Pequena Empresa,2,554.23,0.05,1053.04,647.86,405.18
PED-03602,2025-05-08,SSD 1TB,Componentes,Sudeste,Campinas,João Ribeiro,E-commerce,Pessoa Física,1,474.64,0,474.64,294.64,180.0
PED-03603,2025-05-26,Webcam HD,Acessórios,Sudeste,Rio de Janeiro,Carla Mendes,E-commerce,Pessoa Física,1,247.46,0,247.46,131.47,115.99
PED-03604,2025-05-06,Dock Station,Acessórios,Sudeste,Belo Horizonte,Felipe Martins,Loja Física,Pessoa Física,2,569.08,0.1,1024.34,614.58,409.76
PED-03605,2025-05-18,Dock Station,Acessórios,Sudeste,Campinas,Henrique Dias,E-commerce,Grande Empresa,2,546.47,0.05,1038.29,647.28,391.01
PED-03606,2025-05-17,Memória 16GB,Componentes,Sudeste,Belo Horizonte,Eduarda Rocha,Loja Física,Pequena Empresa,3,331.63,0,994.89,595.2,399.69
PED-03607,2025-10-16,Memória 16GB,Componentes,Sudeste,São Paulo,Ana Lima,Marketplace,Pessoa Física,1,327.9,0.1,295.11,192.94,102.17
PED-03608,2026-03-14,Webcam HD,Acessórios,Nordeste,Fortaleza,Ana Lima,Venda Corporativa,Pessoa Física,2,249.73,0.1,449.51,258.36,191.15
PED-03609,2025-05-20,Notebook Pro 14,Tecnologia,Nordeste,Salvador,Bruno Costa,Marketplace,Pessoa Física,1,4837.87,0,4837.87,3766.5,1071.37
PED-03610,2026-07-26,Monitor 27,Tecnologia,Sudeste,São Paulo,Isabela Freitas,Loja Física,Pequena Empresa,4,1521.64,0.1,5477.9,3893.28,1584.62
PED-03611,2025-10-17,Monitor 27,Tecnologia,Sudeste,Rio de Janeiro,João Ribeiro,E-commerce,Pequena Empresa,1,1546.9,0,1546.9,994.19,552.71
PED-03612,2026-04-07,Monitor 27,Tecnologia,Sudeste,Belo Horizonte,Felipe Martins,Loja Física,Pessoa Física,1,1538.45,0,1538.45,996.45,542.0
PED-03613,2025-12-19,Monitor 27,Tecnologia,Sudeste,Belo Horizonte,Isabela Freitas,E-commerce,Grande Empresa,1,1509.77,0,1509.77,1000.36,509.41
PED-03614,2026-02-10,Memória 16GB,Componentes,Nordeste,Recife,Isabela Freitas,Marketplace,Média Empresa,1,326.36,0.1,293.72,197.82,95.9
PED-03615,2025-10-20,Webcam HD,Acessórios,Sudeste,Rio de Janeiro,Felipe Martins,Marketplace,Pequena Empresa,1,242.51,0.1,218.26,126.86,91.4
PED-03616,2025-09-08,SSD 500GB,Componentes,Sul,Florianópolis,Felipe Martins,E-commerce,Pequena Empresa,1,299.22,0.2,239.38,178.31,61.07
PED-03617,2025-03-25,Headset Pro,Acessórios,Nordeste,Fortaleza,Henrique Dias,Loja Física,Pessoa Física,3,329.55,0.05,939.22,526.59,412.63
PED-03618,2025-03-11,Dock Station,Acessórios,Centro-Oeste,Cuiabá,Isabela Freitas,Marketplace,Pessoa Física,2,566.08,0.15,962.34,645.34,317.0
PED-03619,2025-11-30,SSD 1TB,Componentes,Nordeste,Fortaleza,Felipe Martins,Venda Corporativa,Pequena Empresa,3,468.12,0,1404.36,879.03,525.33
PED-03620,2026-03-25,Monitor 27,Tecnologia,Sudeste,Belo Horizonte,Ana Lima,E-commerce,Pessoa Física,1,1498.37,0.05,1423.45,987.91,435.54
PED-03621,2025-07-21,Dock Station,Acessórios,Centro-Oeste,Cuiabá,Gabriela Souza,Venda Corporativa,Pessoa Física,3,556.44,0.05,1585.85,943.53,642.32
PED-03622,2026-04-21,SSD 1TB,Componentes,Sudeste,Campinas,Isabela Freitas,Loja Física,Pessoa Física,5,446.64,0,2233.2,1504.2,729.0
PED-03623,2025-05-07,Notebook Pro 14,Tecnologia,Nordeste,Salvador,Eduarda Rocha,E-commerce,Média Empresa,3,4887.53,0.05,13929.46,10976.07,2953.39
PED-03624,2025-11-26,Webcam HD,Acessórios,Sudeste,Belo Horizonte,Bruno Costa,E-commerce,Pequena Empresa,3,253.72,0,761.16,382.23,378.93
PED-03625,2025-01-15,SSD 500GB,Componentes,Sul,Curitiba,Eduarda Rocha,Loja Física,Pessoa Física,3,285.85,0.15,728.92,547.95,180.97
PED-03626,2026-05-11,SSD 500GB,Componentes,Centro-Oeste,Goiânia,João Ribeiro,Venda Corporativa,Pessoa Física,3,286.35,0,859.05,542.61,316.44
PED-03627,2025-02-15,Mouse Wireless,Acessórios,Sudeste,São Paulo,João Ribeiro,Loja Física,Pequena Empresa,1,184.46,0.1,166.01,81.83,84.18
PED-03628,2025-08-29,Mouse Wireless,Acessórios,Sudeste,Campinas,Henrique Dias,E-commerce,Pessoa Física,2,176.77,0.05,335.86,169.02,166.84
PED-03629,2025-05-14,Headset Pro,Acessórios,Nordeste,Recife,Isabela Freitas,Venda Corporativa,Pessoa Física,1,326.03,0,326.03,175.33,150.7
PED-03630,2026-03-25,SSD 1TB,Componentes,Sudeste,São Paulo,Henrique Dias,Venda Corporativa,Pessoa Física,5,473.1,0.05,2247.22,1433.85,813.37
PED-03631,2026-02-27,Notebook Air 13,Tecnologia,Centro-Oeste,Cuiabá,João Ribeiro,E-commerce,Média Empresa,10,3669.39,0.05,34859.21,27340.1,7519.11
PED-03632,2026-05-25,SSD 500GB,Componentes,Sudeste,Rio de Janeiro,Bruno Costa,Loja Física,Pequena Empresa,1,287.78,0.1,259.0,179.71,79.29
PED-03633,2025-09-08,Memória 16GB,Componentes,Sudeste,Rio de Janeiro,Felipe Martins,Marketplace,Pessoa Física,10,317.73,0.15,2700.7,1891.1,809.6
PED-03634,2026-01-07,Mouse Wireless,Acessórios,Sul,Florianópolis,Gabriela Souza,Loja Física,Pessoa Física,1,183.14,0.2,146.51,84.64,61.87
PED-03635,2026-05-27,Monitor 27,Tecnologia,Sul,Curitiba,João Ribeiro,E-commerce,Pessoa Física,2,1497.6,0.15,2545.92,2013.88,532.04
PED-03636,2025-03-15,Monitor 27,Tecnologia,Sul,Curitiba,Eduarda Rocha,Loja Física,Pequena Empresa,2,1524.35,0.1,2743.83,1953.26,790.57
PED-03637,2026-08-10,Headset Pro,Acessórios,Sudeste,Campinas,Felipe Martins,E-commerce,Pessoa Física,1,320.01,0.15,272.01,171.39,100.62
PED-03638,2026-09-12,Mouse Wireless,Acessórios,Sudeste,Campinas,Diego Alves,Venda Corporativa,Pessoa Física,2,182.54,0.05,346.83,162.08,184.75
PED-03639,2025-02-25,Mouse Wireless,Acessórios,Sul,Porto Alegre,Eduarda Rocha,E-commerce,Pessoa Física,5,183.78,0.2,735.12,426.1,309.02
PED-03640,2025-02-26,Teclado Mecânico,Acessórios,Nordeste,Fortaleza,Bruno Costa,E-commerce,Pequena Empresa,1,408.08,0.15,346.87,223.85,123.02
PED-03641,2026-05-03,Memória 16GB,Componentes,Sul,Florianópolis,Diego Alves,Loja Física,Pessoa Física,1,329.23,0.15,279.85,197.41,82.44
PED-03642,2026-09-02,Mouse Wireless,Acessórios,Sul,Florianópolis,Gabriela Souza,Loja Física,Pessoa Física,1,180.11,0,180.11,83.72,96.39
PED-03643,2025-02-07,Webcam HD,Acessórios,Sudeste,Rio de Janeiro,João Ribeiro,Venda Corporativa,Pessoa Física,3,247.21,0.15,630.39,389.07,241.32
PED-03644,2025-07-07,Webcam HD,Acessórios,Sudeste,Rio de Janeiro,João Ribeiro,E-commerce,Pequena Empresa,4,243.77,0,975.08,511.88,463.2
PED-03645,2025-07-19,Webcam HD,Acessórios,Nordeste,Recife,Ana Lima,E-commerce,Pessoa Física,3,246.53,0.15,628.65,379.95,248.7
PED-03646,2026-05-09,Notebook Air 13,Tecnologia,Nordeste,Fortaleza,João Ribeiro,Venda Corporativa,Pessoa Física,1,3585.36,0.05,3406.09,2792.85,613.24
PED-03647,2025-12-28,Headset Pro,Acessórios,Nordeste,Recife,Gabriela Souza,Marketplace,Média Empresa,1,322.7,0.05,306.56,175.87,130.69
PED-03648,2026-01-06,Monitor 27,Tecnologia,Nordeste,Recife,Isabela Freitas,Loja Física,Pessoa Física,10,1454.63,0.05,13818.98,10061.5,3757.48
PED-03649,2025-06-01,Dock Station,Acessórios,Nordeste,Fortaleza,Carla Mendes,Loja Física,Pessoa Física,1,553.4,0.2,442.72,313.32,129.4
PED-03650,2026-09-20,Webcam HD,Acessórios,Sudeste,Rio de Janeiro,Felipe Martins,Marketplace,Pequena Empresa,2,244.26,0.05,464.09,256.24,207.85
PED-03651,2025-11-14,Memória 16GB,Componentes,Sul,Porto Alegre,Eduarda Rocha,Marketplace,Pessoa Física,2,321.04,0,642.08,377.1,264.98
PED-03652,2025-01-11,Notebook Air 13,Tecnologia,Centro-Oeste,Goiânia,Ana Lima,Loja Física,Pessoa Física,2,3677.47,0,7354.94,5622.26,1732.68
PED-03653,2025-12-26,Notebook Pro 14,Tecnologia,Nordeste,Recife,Isabela Freitas,E-commerce,Pessoa Física,2,4944.76,0,9889.52,7481.94,2407.58
PED-03654,2026-03-07,Webcam HD,Acessórios,Sul,Porto Alegre,Eduarda Rocha,Loja Física,Pessoa Física,1,254.99,0.05,242.24,128.31,113.93
PED-03655,2026-03-14,Headset Pro,Acessórios,Sudeste,Campinas,Eduarda Rocha,E-commerce,Pessoa Física,6,337.95,0,2027.7,1037.28,990.42
PED-03656,2026-08-11,Headset Pro,Acessórios,Centro-Oeste,Brasília,Henrique Dias,Loja Física,Média Empresa,1,335.08,0.15,284.82,178.59,106.23
PED-03657,2025-06-24,Dock Station,Acessórios,Sudeste,São Paulo,Felipe Martins,E-commerce,Pessoa Física,1,557.08,0.05,529.23,309.11,220.12
PED-03658,2025-11-17,Notebook Pro 14,Tecnologia,Sudeste,Rio de Janeiro,Bruno Costa,Loja Física,Pessoa Física,5,4914.32,0,24571.6,18845.1,5726.5
PED-03659,2025-01-28,SSD 1TB,Componentes,Sudeste,Campinas,Carla Mendes,Loja Física,Pessoa Física,6,452.82,0.05,2581.07,1835.94,745.13
PED-03660,2026-01-22,Notebook Pro 14,Tecnologia,Sul,Florianópolis,Felipe Martins,Loja Física,Pequena Empresa,1,4918.24,0.1,4426.42,3761.14,665.28
PED-03661,2026-02-03,Headset Pro,Acessórios,Sudeste,Campinas,Isabela Freitas,Loja Física,Pessoa Física,4,332.85,0.05,1264.83,702.88,561.95
PED-03662,2026-01-06,Webcam HD,Acessórios,Sudeste,São Paulo,João Ribeiro,Loja Física,Grande Empresa,1,252.0,0.1,226.8,126.92,99.88
PED-03663,2026-03-22,Monitor 24,Tecnologia,Nordeste,Recife,Carla Mendes,E-commerce,Pessoa Física,2,899.63,0,1799.26,1169.44,629.82
PED-03664,2025-05-26,Monitor 24,Tecnologia,Sul,Florianópolis,Henrique Dias,Loja Física,Pessoa Física,4,929.77,0.1,3347.17,2326.24,1020.93
PED-03665,2026-07-16,SSD 1TB,Componentes,Nordeste,Recife,Felipe Martins,E-commerce,Pequena Empresa,3,452.33,0.15,1153.44,903.27,250.17
PED-03666,2026-09-01,Notebook Pro 14,Tecnologia,Sul,Curitiba,Ana Lima,E-commerce,Pessoa Física,1,4902.28,0.1,4412.05,3674.03,738.02
PED-03667,2026-07-18,Mouse Wireless,Acessórios,Sudeste,Belo Horizonte,João Ribeiro,E-commerce,Pessoa Física,1,178.75,0,178.75,85.29,93.46
PED-03668,2026-04-26,Notebook Air 13,Tecnologia,Centro-Oeste,Brasília,João Ribeiro,E-commerce,Média Empresa,6,3683.25,0.1,19889.55,16317.48,3572.07
PED-03669,2025-07-27,Mouse Wireless,Acessórios,Centro-Oeste,Brasília,Felipe Martins,Loja Física,Pessoa Física,6,182.03,0.1,982.96,482.88,500.08
PED-03670,2026-02-10,Monitor 27,Tecnologia,Sul,Florianópolis,Bruno Costa,Loja Física,Média Empresa,2,1534.19,0.05,2914.96,1965.42,949.54
PED-03671,2026-04-27,Dock Station,Acessórios,Sul,Florianópolis,Carla Mendes,Marketplace,Pequena Empresa,10,568.63,0.05,5401.98,3091.7,2310.28
PED-03672,2026-08-26,Webcam HD,Acessórios,Sudeste,Rio de Janeiro,Gabriela Souza,Marketplace,Pessoa Física,2,258.89,0.1,466.0,255.84,210.16
PED-03673,2025-11-30,Mouse Wireless,Acessórios,Centro-Oeste,Brasília,Eduarda Rocha,E-commerce,Pessoa Física,1,181.16,0.1,163.04,81.26,81.78
PED-03674,2026-09-17,Memória 16GB,Componentes,Centro-Oeste,Cuiabá,Ana Lima,Marketplace,Pessoa Física,2,313.49,0,626.98,399.76,227.22
PED-03675,2026-02-19,Mouse Wireless,Acessórios,Sudeste,Rio de Janeiro,Felipe Martins,E-commerce,Pessoa Física,1,174.61,0,174.61,82.38,92.23
PED-03676,2026-05-27,Notebook Air 13,Tecnologia,Sudeste,Campinas,Felipe Martins,E-commerce,Pessoa Física,4,3689.66,0.1,13282.78,10748.08,2534.7
PED-03677,2025-11-20,Dock Station,Acessórios,Sudeste,Campinas,Ana Lima,Venda Corporativa,Pequena Empresa,1,559.89,0.05,531.9,320.4,211.5
PED-03678,2026-07-18,Notebook Pro 14,Tecnologia,Sudeste,Campinas,Felipe Martins,Loja Física,Pessoa Física,2,4964.38,0,9928.76,7343.56,2585.2
PED-03679,2026-04-10,Memória 16GB,Componentes,Nordeste,Salvador,Felipe Martins,E-commerce,Pessoa Física,1,319.44,0.05,303.47,188.05,115.42
PED-03680,2025-05-12,Dock Station,Acessórios,Sudeste,Campinas,Isabela Freitas,E-commerce,Pessoa Física,1,551.11,0.15,468.44,324.29,144.15
PED-03681,2025-12-08,Monitor 24,Tecnologia,Sudeste,Rio de Janeiro,Bruno Costa,E-commerce,Grande Empresa,2,886.04,0,1772.08,1164.94,607.14
PED-03682,2025-09-05,Notebook Pro 14,Tecnologia,Centro-Oeste,Goiânia,Diego Alves,Loja Física,Média Empresa,2,4763.46,0.05,9050.57,7439.78,1610.79
PED-03683,2026-05-29,Monitor 24,Tecnologia,Centro-Oeste,Goiânia,Isabela Freitas,Venda Corporativa,Pessoa Física,1,898.81,0.05,853.87,605.74,248.13
PED-03684,2025-02-17,Headset Pro,Acessórios,Sudeste,Belo Horizonte,Felipe Martins,Loja Física,Pessoa Física,1,337.34,0.15,286.74,171.06,115.68
PED-03685,2025-01-04,Mouse Wireless,Acessórios,Centro-Oeste,Cuiabá,Henrique Dias,Loja Física,Pequena Empresa,1,174.12,0,174.12,82.24,91.88
PED-03686,2026-06-30,SSD 500GB,Componentes,Sul,Florianópolis,Isabela Freitas,E-commerce,Pequena Empresa,6,291.02,0.1,1571.51,1057.92,513.59
PED-03687,2025-12-17,Webcam HD,Acessórios,Sul,Porto Alegre,Henrique Dias,Loja Física,Pessoa Física,1,243.52,0,243.52,130.47,113.05
PED-03688,2025-03-29,Mouse Wireless,Acessórios,Sudeste,Campinas,Eduarda Rocha,Loja Física,Pessoa Física,1,175.12,0.05,166.36,84.76,81.6
PED-03689,2025-04-28,Notebook Air 13,Tecnologia,Sudeste,Belo Horizonte,Gabriela Souza,Venda Corporativa,Pessoa Física,3,3560.43,0,10681.29,8345.04,2336.25
PED-03690,2025-12-31,Notebook Pro 14,Tecnologia,Sudeste,Belo Horizonte,Felipe Martins,Loja Física,Pessoa Física,3,4796.65,0.05,13670.45,11097.06,2573.39
PED-03691,2026-02-20,SSD 1TB,Componentes,Sul,Curitiba,Gabriela Souza,E-commerce,Pequena Empresa,2,466.09,0,932.18,602.54,329.64
PED-03692,2026-06-03,Notebook Pro 14,Tecnologia,Centro-Oeste,Brasília,Gabriela Souza,E-commerce,Pessoa Física,1,4808.53,0,4808.53,3669.7,1138.83
PED-03693,2026-06-07,Memória 16GB,Componentes,Sudeste,São Paulo,Isabela Freitas,Marketplace,Pessoa Física,1,316.06,0.1,284.45,195.77,88.68
PED-03694,2025-07-08,Teclado Mecânico,Acessórios,Sudeste,Campinas,Gabriela Souza,Marketplace,Pequena Empresa,1,388.0,0,388.0,216.07,171.93
PED-03695,2026-08-29,Memória 16GB,Componentes,Sul,Porto Alegre,Isabela Freitas,Venda Corporativa,Pessoa Física,3,313.13,0.05,892.42,574.23,318.19
PED-03696,2025-11-05,Notebook Pro 14,Tecnologia,Nordeste,Recife,Bruno Costa,Marketplace,Pessoa Física,2,4824.3,0.15,8201.31,7408.38,792.93
PED-03697,2025-01-15,SSD 1TB,Componentes,Sul,Curitiba,Gabriela Souza,Venda Corporativa,Grande Empresa,6,473.93,0,2843.58,1745.16,1098.42
PED-03698,2026-07-13,Teclado Mecânico,Acessórios,Sudeste,São Paulo,Carla Mendes,Loja Física,Pessoa Física,1,394.32,0,394.32,216.85,177.47
PED-03699,2025-06-07,Mouse Wireless,Acessórios,Sudeste,São Paulo,Carla Mendes,Venda Corporativa,Pessoa Física,1,181.07,0.05,172.02,82.96,89.06
PED-03700,2025-06-26,Monitor 27,Tecnologia,Nordeste,Fortaleza,Felipe Martins,Venda Corporativa,Pequena Empresa,3,1505.27,0.15,3838.44,2956.08,882.36
PED-03701,2026-07-23,Notebook Pro 14,Tecnologia,Sul,Florianópolis,Isabela Freitas,Loja Física,Pessoa Física,2,4827.64,0,9655.28,7541.56,2113.72
PED-03702,2026-05-23,Notebook Air 13,Tecnologia,Centro-Oeste,Brasília,Eduarda Rocha,E-commerce,Média Empresa,4,3719.84,0,14879.36,10814.76,4064.6
PED-03703,2025-03-31,Headset Pro,Acessórios,Sudeste,Belo Horizonte,Eduarda Rocha,Marketplace,Pessoa Física,2,327.08,0,654.16,350.96,303.2
PED-03704,2025-05-27,SSD 1TB,Componentes,Centro-Oeste,Goiânia,João Ribeiro,E-commerce,Grande Empresa,1,472.2,0.1,424.98,302.47,122.51
PED-03705,2025-04-28,Monitor 24,Tecnologia,Centro-Oeste,Goiânia,Isabela Freitas,E-commerce,Pequena Empresa,2,873.35,0.05,1659.37,1172.04,487.33
PED-03706,2026-07-15,Monitor 24,Tecnologia,Sudeste,Campinas,Felipe Martins,Marketplace,Pessoa Física,1,898.27,0.05,853.36,607.32,246.04
PED-03707,2026-05-13,Teclado Mecânico,Acessórios,Sul,Curitiba,Eduarda Rocha,Loja Física,Média Empresa,5,391.79,0,1958.95,1105.7,853.25
PED-03708,2025-07-14,Mouse Wireless,Acessórios,Sudeste,Rio de Janeiro,Felipe Martins,E-commerce,Pessoa Física,2,185.47,0,370.94,168.98,201.96
PED-03709,2025-04-01,Monitor 24,Tecnologia,Sul,Curitiba,Felipe Martins,E-commerce,Média Empresa,2,930.54,0,1861.08,1228.32,632.76
PED-03710,2026-01-06,Monitor 27,Tecnologia,Centro-Oeste,Goiânia,Ana Lima,E-commerce,Média Empresa,2,1548.96,0,3097.92,2009.6,1088.32
PED-03711,2026-06-23,Monitor 27,Tecnologia,Nordeste,Recife,Carla Mendes,Loja Física,Pessoa Física,1,1526.67,0,1526.67,973.05,553.62
PED-03712,2026-09-26,Monitor 24,Tecnologia,Sul,Curitiba,Diego Alves,E-commerce,Pessoa Física,2,927.31,0,1854.62,1166.76,687.86
PED-03713,2026-04-03,Memória 16GB,Componentes,Sudeste,Belo Horizonte,Gabriela Souza,Venda Corporativa,Pessoa Física,2,312.19,0.05,593.16,391.32,201.84
PED-03714,2025-10-27,Headset Pro,Acessórios,Sul,Porto Alegre,Henrique Dias,Marketplace,Pequena Empresa,1,325.31,0.05,309.04,174.89,134.15
PED-03715,2025-03-16,Monitor 24,Tecnologia,Sudeste,Belo Horizonte,Henrique Dias,E-commerce,Média Empresa,3,897.76,0.15,2289.29,1766.88,522.41
PED-03716,2026-09-11,Notebook Pro 14,Tecnologia,Centro-Oeste,Goiânia,Diego Alves,Loja Física,Pessoa Física,2,5013.77,0.05,9526.16,7170.22,2355.94
PED-03717,2025-03-19,Headset Pro,Acessórios,Sudeste,Rio de Janeiro,Bruno Costa,Loja Física,Pequena Empresa,1,340.21,0,340.21,174.22,165.99
PED-03718,2026-07-01,Monitor 24,Tecnologia,Sudeste,São Paulo,Felipe Martins,Marketplace,Pequena Empresa,5,873.02,0,4365.1,2973.2,1391.9
PED-03719,2025-10-14,Dock Station,Acessórios,Nordeste,Salvador,Diego Alves,Loja Física,Pessoa Física,5,541.06,0.15,2299.51,1576.35,723.16
PED-03720,2026-09-22,SSD 500GB,Componentes,Centro-Oeste,Brasília,Bruno Costa,E-commerce,Pessoa Física,5,291.73,0.15,1239.85,906.1,333.75
PED-03721,2025-04-07,Mouse Wireless,Acessórios,Sul,Porto Alegre,Bruno Costa,Venda Corporativa,Pessoa Física,1,183.34,0.1,165.01,80.43,84.58
PED-03722,2026-03-07,Monitor 27,Tecnologia,Sudeste,Campinas,Felipe Martins,E-commerce,Pessoa Física,8,1557.79,0.05,11839.2,7779.04,4060.16
PED-03723,2025-05-27,Teclado Mecânico,Acessórios,Centro-Oeste,Goiânia,Isabela Freitas,Loja Física,Pessoa Física,6,389.96,0.2,1871.81,1334.82,536.99
PED-03724,2025-05-30,Headset Pro,Acessórios,Centro-Oeste,Brasília,Diego Alves,E-commerce,Grande Empresa,1,325.79,0,325.79,168.51,157.28
PED-03725,2026-05-07,SSD 1TB,Componentes,Centro-Oeste,Goiânia,Ana Lima,E-commerce,Pequena Empresa,5,463.36,0,2316.8,1493.3,823.5
PED-03726,2025-12-29,Monitor 27,Tecnologia,Centro-Oeste,Goiânia,Isabela Freitas,E-commerce,Média Empresa,1,1497.97,0.05,1423.07,966.78,456.29
PED-03727,2026-02-05,Dock Station,Acessórios,Centro-Oeste,Cuiabá,Carla Mendes,E-commerce,Pessoa Física,8,540.06,0.05,4104.46,2521.6,1582.86
PED-03728,2026-04-10,Notebook Air 13,Tecnologia,Centro-Oeste,Brasília,João Ribeiro,E-commerce,Pequena Empresa,2,3497.62,0.2,5596.19,5331.34,264.85
PED-03729,2026-02-05,Monitor 27,Tecnologia,Sudeste,São Paulo,Henrique Dias,E-commerce,Pessoa Física,3,1483.98,0,4451.94,3051.06,1400.88
PED-03730,2026-04-05,SSD 1TB,Componentes,Sul,Florianópolis,Isabela Freitas,Loja Física,Pessoa Física,1,449.0,0,449.0,292.91,156.09
PED-03731,2025-06-28,Monitor 27,Tecnologia,Sul,Curitiba,Carla Mendes,E-commerce,Pessoa Física,3,1488.44,0.2,3572.26,2888.85,683.41
PED-03732,2025-10-31,SSD 1TB,Componentes,Sul,Florianópolis,Diego Alves,Loja Física,Grande Empresa,5,473.61,0.05,2249.65,1460.6,789.05
PED-03733,2025-03-29,Dock Station,Acessórios,Sul,Porto Alegre,Felipe Martins,Loja Física,Pessoa Física,1,556.71,0.05,528.87,321.81,207.06
PED-03734,2025-06-27,Memória 16GB,Componentes,Centro-Oeste,Goiânia,Diego Alves,E-commerce,Grande Empresa,4,328.24,0,1312.96,767.96,545.0
PED-03735,2026-01-10,SSD 500GB,Componentes,Sudeste,Belo Horizonte,Isabela Freitas,E-commerce,Pessoa Física,1,290.44,0.15,246.87,180.23,66.64
PED-03736,2025-02-02,SSD 1TB,Componentes,Sul,Florianópolis,Diego Alves,E-commerce,Pequena Empresa,1,470.73,0.15,400.12,301.81,98.31
PED-03737,2026-08-25,Memória 16GB,Componentes,Sul,Porto Alegre,Diego Alves,E-commerce,Pessoa Física,3,322.4,0.1,870.48,572.16,298.32
PED-03738,2025-04-29,Notebook Pro 14,Tecnologia,Sudeste,Campinas,Ana Lima,E-commerce,Pequena Empresa,1,4823.63,0.15,4100.09,3624.42,475.67
PED-03739,2026-03-22,Monitor 27,Tecnologia,Centro-Oeste,Goiânia,Ana Lima,Marketplace,Pessoa Física,10,1467.72,0.1,13209.48,9869.0,3340.48
PED-03740,2025-08-21,Monitor 24,Tecnologia,Sudeste,São Paulo,Eduarda Rocha,E-commerce,Pessoa Física,1,876.05,0,876.05,581.74,294.31
PED-03741,2026-04-05,Notebook Air 13,Tecnologia,Sul,Florianópolis,Eduarda Rocha,E-commerce,Média Empresa,1,3518.78,0,3518.78,2782.12,736.66
PED-03742,2026-08-10,Mouse Wireless,Acessórios,Sudeste,São Paulo,João Ribeiro,Venda Corporativa,Pessoa Física,4,177.8,0.1,640.08,339.16,300.92
PED-03743,2025-08-27,SSD 500GB,Componentes,Sudeste,Campinas,Diego Alves,E-commerce,Pessoa Física,2,287.64,0.05,546.52,355.46,191.06
PED-03744,2025-09-03,SSD 500GB,Componentes,Centro-Oeste,Brasília,Carla Mendes,Marketplace,Grande Empresa,4,300.44,0,1201.76,700.48,501.28
PED-03745,2026-03-01,Mouse Wireless,Acessórios,Nordeste,Salvador,Carla Mendes,E-commerce,Pessoa Física,1,179.15,0.15,152.28,82.01,70.27
PED-03746,2025-11-05,SSD 1TB,Componentes,Sudeste,Campinas,Bruno Costa,Loja Física,Pessoa Física,1,467.15,0.05,443.79,305.17,138.62
PED-03747,2026-05-21,Memória 16GB,Componentes,Nordeste,Recife,Carla Mendes,E-commerce,Pessoa Física,2,321.1,0.15,545.87,393.16,152.71
PED-03748,2026-06-21,SSD 1TB,Componentes,Nordeste,Salvador,Gabriela Souza,Marketplace,Pessoa Física,1,448.63,0.05,426.2,303.86,122.34
PED-03749,2025-04-27,Notebook Air 13,Tecnologia,Sudeste,Rio de Janeiro,Eduarda Rocha,E-commerce,Pessoa Física,4,3582.8,0,14331.2,10854.92,3476.28
PED-03750,2026-03-03,Webcam HD,Acessórios,Sudeste,Rio de Janeiro,Henrique Dias,E-commerce,Pequena Empresa,5,246.13,0.15,1046.05,642.7,403.35
PED-03751,2025-01-01,SSD 500GB,Componentes,Sudeste,Belo Horizonte,Eduarda Rocha,Venda Corporativa,Pessoa Física,1,295.31,0,295.31,174.5,120.81
PED-03752,2025-09-18,Notebook Pro 14,Tecnologia,Centro-Oeste,Cuiabá,Bruno Costa,Venda Corporativa,Pessoa Física,5,4884.73,0.05,23202.47,18148.55,5053.92
PED-03753,2025-02-07,Notebook Air 13,Tecnologia,Sudeste,Rio de Janeiro,Henrique Dias,E-commerce,Pessoa Física,1,3650.12,0.2,2920.1,2779.1,141.0
PED-03754,2026-04-11,Monitor 27,Tecnologia,Sudeste,Rio de Janeiro,Felipe Martins,Loja Física,Pessoa Física,8,1455.31,0.05,11060.36,7718.16,3342.2
PED-03755,2025-03-07,SSD 500GB,Componentes,Nordeste,Fortaleza,Felipe Martins,E-commerce,Pessoa Física,2,298.42,0,596.84,359.78,237.06
PED-03756,2025-06-02,Teclado Mecânico,Acessórios,Sudeste,Campinas,Eduarda Rocha,E-commerce,Pequena Empresa,1,406.79,0.2,325.43,223.38,102.05
PED-03757,2025-05-06,Teclado Mecânico,Acessórios,Centro-Oeste,Goiânia,Felipe Martins,Venda Corporativa,Pequena Empresa,6,412.43,0,2474.58,1311.9,1162.68
PED-03758,2025-05-10,Monitor 24,Tecnologia,Centro-Oeste,Brasília,Gabriela Souza,Venda Corporativa,Média Empresa,1,877.02,0,877.02,616.22,260.8
PED-03759,2025-09-25,Headset Pro,Acessórios,Sudeste,Belo Horizonte,Bruno Costa,Loja Física,Pessoa Física,1,335.01,0,335.01,172.26,162.75
PED-03760,2025-05-31,Notebook Air 13,Tecnologia,Nordeste,Recife,Eduarda Rocha,Loja Física,Pessoa Física,3,3729.5,0,11188.5,8395.41,2793.09
PED-03761,2025-10-04,SSD 1TB,Componentes,Nordeste,Salvador,Gabriela Souza,E-commerce,Pessoa Física,4,467.43,0,1869.72,1162.08,707.64
PED-03762,2025-04-17,Monitor 24,Tecnologia,Sul,Porto Alegre,Gabriela Souza,Marketplace,Pequena Empresa,3,872.78,0.1,2356.51,1796.1,560.41
PED-03763,2026-09-05,SSD 500GB,Componentes,Sudeste,Campinas,Isabela Freitas,Loja Física,Média Empresa,3,287.93,0.05,820.6,527.49,293.11
PED-03764,2026-06-24,Monitor 24,Tecnologia,Centro-Oeste,Goiânia,Bruno Costa,Marketplace,Pessoa Física,5,889.87,0,4449.35,2954.3,1495.05
PED-03765,2026-05-26,Monitor 24,Tecnologia,Sudeste,Rio de Janeiro,Felipe Martins,Venda Corporativa,Média Empresa,5,899.22,0.05,4271.3,3015.5,1255.8
PED-03766,2025-02-05,Notebook Air 13,Tecnologia,Sul,Florianópolis,Felipe Martins,E-commerce,Grande Empresa,4,3694.75,0,14779.0,11156.16,3622.84
PED-03767,2025-11-24,Notebook Pro 14,Tecnologia,Sudeste,São Paulo,João Ribeiro,E-commerce,Pessoa Física,6,4864.33,0,29185.98,22071.9,7114.08
PED-03768,2026-08-10,Memória 16GB,Componentes,Sudeste,São Paulo,João Ribeiro,E-commerce,Pessoa Física,1,330.38,0.1,297.34,187.61,109.73
PED-03769,2025-12-25,Webcam HD,Acessórios,Centro-Oeste,Brasília,Isabela Freitas,E-commerce,Pessoa Física,3,250.34,0.05,713.47,380.94,332.53
PED-03770,2025-07-30,Memória 16GB,Componentes,Centro-Oeste,Cuiabá,Carla Mendes,E-commerce,Pessoa Física,3,317.16,0,951.48,572.34,379.14
PED-03771,2026-01-26,Monitor 27,Tecnologia,Nordeste,Fortaleza,João Ribeiro,E-commerce,Grande Empresa,10,1459.69,0.1,13137.21,9948.6,3188.61
PED-03772,2025-07-26,Notebook Air 13,Tecnologia,Nordeste,Salvador,Bruno Costa,Loja Física,Pequena Empresa,2,3528.45,0.15,5998.36,5624.98,373.38
PED-03773,2025-06-14,Monitor 24,Tecnologia,Sudeste,São Paulo,Carla Mendes,E-commerce,Pessoa Física,1,915.46,0,915.46,612.61,302.85
PED-03774,2026-06-16,Mouse Wireless,Acessórios,Centro-Oeste,Goiânia,Bruno Costa,Loja Física,Pequena Empresa,3,176.9,0.2,424.56,244.35,180.21
PED-03775,2025-06-28,Webcam HD,Acessórios,Sul,Porto Alegre,Diego Alves,E-commerce,Pessoa Física,2,256.57,0.1,461.83,250.14,211.69
PED-03776,2025-04-14,SSD 500GB,Componentes,Centro-Oeste,Cuiabá,Carla Mendes,E-commerce,Pessoa Física,1,298.46,0.05,283.54,177.69,105.85
PED-03777,2026-01-14,SSD 500GB,Componentes,Sul,Curitiba,João Ribeiro,Marketplace,Pessoa Física,1,293.73,0.2,234.98,186.85,48.13
PED-03778,2025-05-20,SSD 500GB,Componentes,Centro-Oeste,Goiânia,Diego Alves,Venda Corporativa,Média Empresa,4,295.83,0,1183.32,715.92,467.4
PED-03779,2026-07-15,Webcam HD,Acessórios,Sul,Florianópolis,João Ribeiro,E-commerce,Pessoa Física,4,249.55,0.05,948.29,506.2,442.09
PED-03780,2025-06-02,Monitor 24,Tecnologia,Sul,Florianópolis,Bruno Costa,Loja Física,Pequena Empresa,5,881.38,0,4406.9,2940.45,1466.45
PED-03781,2025-04-17,Notebook Air 13,Tecnologia,Sul,Florianópolis,Bruno Costa,E-commerce,Pessoa Física,1,3538.32,0.05,3361.4,2835.17,526.23
PED-03782,2025-02-15,Monitor 27,Tecnologia,Centro-Oeste,Goiânia,João Ribeiro,E-commerce,Pessoa Física,4,1530.81,0,6123.24,3870.04,2253.2
PED-03783,2025-08-05,Monitor 27,Tecnologia,Nordeste,Salvador,Carla Mendes,E-commerce,Pessoa Física,1,1480.19,0.05,1406.18,1012.03,394.15
PED-03784,2026-05-01,Notebook Pro 14,Tecnologia,Centro-Oeste,Cuiabá,João Ribeiro,E-commerce,Pequena Empresa,4,4756.12,0,19024.48,14846.4,4178.08
PED-03785,2025-12-28,Dock Station,Acessórios,Centro-Oeste,Cuiabá,Diego Alves,Loja Física,Pessoa Física,1,548.83,0.2,439.06,324.34,114.72
PED-03786,2026-07-22,Monitor 27,Tecnologia,Sudeste,São Paulo,Isabela Freitas,E-commerce,Grande Empresa,2,1493.1,0.05,2836.89,2006.5,830.39
PED-03787,2025-03-18,Webcam HD,Acessórios,Nordeste,Recife,Eduarda Rocha,Marketplace,Pessoa Física,4,250.95,0.1,903.42,500.88,402.54
PED-03788,2025-10-12,SSD 500GB,Componentes,Sudeste,Rio de Janeiro,Isabela Freitas,E-commerce,Pessoa Física,1,285.39,0,285.39,177.76,107.63
PED-03789,2025-06-23,Teclado Mecânico,Acessórios,Nordeste,Recife,Eduarda Rocha,E-commerce,Média Empresa,5,395.99,0,1979.95,1071.0,908.95
PED-03790,2025-12-31,Mouse Wireless,Acessórios,Sul,Florianópolis,Isabela Freitas,E-commerce,Pessoa Física,1,181.99,0.1,163.79,84.83,78.96
PED-03791,2025-01-29,SSD 500GB,Componentes,Sul,Curitiba,João Ribeiro,Marketplace,Pessoa Física,10,299.15,0,2991.5,1835.3,1156.2
PED-03792,2026-07-02,Teclado Mecânico,Acessórios,Sul,Florianópolis,Isabela Freitas,Marketplace,Grande Empresa,2,393.15,0.1,707.67,423.52,284.15
PED-03793,2026-01-16,Headset Pro,Acessórios,Nordeste,Salvador,Felipe Martins,Venda Corporativa,Média Empresa,1,329.41,0.1,296.47,167.77,128.7
PED-03794,2026-02-25,Headset Pro,Acessórios,Nordeste,Recife,Ana Lima,Loja Física,Pequena Empresa,2,324.49,0.1,584.08,337.56,246.52
PED-03795,2025-03-12,Memória 16GB,Componentes,Sudeste,São Paulo,Bruno Costa,Venda Corporativa,Pequena Empresa,1,322.72,0,322.72,193.73,128.99
PED-03796,2025-04-27,Monitor 24,Tecnologia,Sudeste,São Paulo,Diego Alves,Loja Física,Pequena Empresa,8,931.68,0,7453.44,4786.08,2667.36
PED-03797,2025-08-05,Notebook Pro 14,Tecnologia,Sudeste,Rio de Janeiro,Ana Lima,Venda Corporativa,Pessoa Física,6,4767.49,0.05,27174.69,21682.56,5492.13
PED-03798,2025-04-09,Headset Pro,Acessórios,Sudeste,Belo Horizonte,Henrique Dias,Venda Corporativa,Pessoa Física,1,340.59,0.05,323.56,170.5,153.06
PED-03799,2026-01-04,Mouse Wireless,Acessórios,Sudeste,Campinas,Felipe Martins,Marketplace,Pessoa Física,2,184.8,0,369.6,165.14,204.46
PED-03800,2026-03-28,SSD 1TB,Componentes,Sul,Curitiba,Ana Lima,Marketplace,Grande Empresa,5,446.33,0.1,2008.49,1466.1,542.39
PED-03801,2026-07-16,SSD 500GB,Componentes,Centro-Oeste,Brasília,Diego Alves,E-commerce,Grande Empresa,1,291.2,0.15,247.52,181.52,66.0
PED-03802,2026-03-01,Dock Station,Acessórios,Nordeste,Fortaleza,Eduarda Rocha,E-commerce,Pessoa Física,8,570.84,0.05,4338.38,2551.44,1786.94
PED-03803,2026-07-06,Notebook Air 13,Tecnologia,Nordeste,Recife,Eduarda Rocha,E-commerce,Pessoa Física,8,3724.46,0,29795.68,22211.36,7584.32
PED-03804,2025-03-28,Mouse Wireless,Acessórios,Centro-Oeste,Cuiabá,Felipe Martins,Loja Física,Pequena Empresa,1,175.81,0.05,167.02,81.03,85.99
PED-03805,2026-02-08,SSD 500GB,Componentes,Sul,Porto Alegre,João Ribeiro,Marketplace,Pequena Empresa,1,281.78,0.2,225.42,185.46,39.96
PED-03806,2025-03-22,Teclado Mecânico,Acessórios,Centro-Oeste,Goiânia,Isabela Freitas,E-commerce,Pequena Empresa,1,394.15,0,394.15,222.52,171.63
PED-03807,2026-03-20,Mouse Wireless,Acessórios,Sudeste,Belo Horizonte,Ana Lima,Venda Corporativa,Pessoa Física,5,177.3,0,886.5,413.65,472.85
PED-03808,2026-01-03,Teclado Mecânico,Acessórios,Sul,Porto Alegre,Isabela Freitas,Marketplace,Pessoa Física,8,396.83,0.1,2857.18,1729.12,1128.06
PED-03809,2025-01-20,Teclado Mecânico,Acessórios,Centro-Oeste,Cuiabá,João Ribeiro,Loja Física,Média Empresa,2,399.42,0,798.84,423.22,375.62
PED-03810,2025-07-17,Dock Station,Acessórios,Sudeste,Campinas,João Ribeiro,E-commerce,Pessoa Física,10,558.19,0,5581.9,3061.2,2520.7
PED-03811,2026-01-29,Mouse Wireless,Acessórios,Sudeste,Belo Horizonte,Ana Lima,Loja Física,Pessoa Física,2,177.49,0.05,337.23,161.96,175.27
PED-03812,2025-01-23,Webcam HD,Acessórios,Centro-Oeste,Brasília,Henrique Dias,E-commerce,Pequena Empresa,3,255.54,0.05,728.29,393.12,335.17
PED-03813,2026-02-01,Monitor 24,Tecnologia,Nordeste,Salvador,Ana Lima,Marketplace,Média Empresa,4,887.61,0,3550.44,2409.28,1141.16
PED-03814,2026-02-16,Webcam HD,Acessórios,Sudeste,Belo Horizonte,Eduarda Rocha,Venda Corporativa,Pessoa Física,2,246.38,0.15,418.85,257.44,161.41
PED-03815,2025-10-17,Mouse Wireless,Acessórios,Nordeste,Fortaleza,Isabela Freitas,Loja Física,Pequena Empresa,1,185.43,0,185.43,83.47,101.96
PED-03816,2025-07-09,Dock Station,Acessórios,Centro-Oeste,Brasília,Bruno Costa,Venda Corporativa,Pequena Empresa,5,542.98,0.1,2443.41,1599.95,843.46
PED-03817,2025-10-13,Webcam HD,Acessórios,Centro-Oeste,Cuiabá,Carla Mendes,Marketplace,Pessoa Física,3,243.14,0.2,583.54,393.18,190.36
PED-03818,2025-11-03,Dock Station,Acessórios,Centro-Oeste,Cuiabá,Eduarda Rocha,E-commerce,Pessoa Física,3,565.22,0.05,1610.88,967.65,643.23
PED-03819,2025-09-19,Headset Pro,Acessórios,Sudeste,Rio de Janeiro,Eduarda Rocha,Loja Física,Média Empresa,2,333.96,0.05,634.52,346.56,287.96
PED-03820,2025-09-07,Webcam HD,Acessórios,Sudeste,Campinas,Gabriela Souza,Marketplace,Média Empresa,2,250.79,0,501.58,252.64,248.94
PED-03821,2025-10-08,Monitor 27,Tecnologia,Sudeste,São Paulo,Isabela Freitas,Loja Física,Pessoa Física,4,1486.2,0.05,5647.56,3961.04,1686.52
PED-03822,2026-04-14,Headset Pro,Acessórios,Sudeste,Campinas,Ana Lima,Marketplace,Pessoa Física,1,327.53,0,327.53,172.14,155.39
PED-03823,2025-09-17,Monitor 27,Tecnologia,Sudeste,Rio de Janeiro,Bruno Costa,Loja Física,Média Empresa,2,1455.66,0.15,2474.62,2029.68,444.94
PED-03824,2026-03-07,Webcam HD,Acessórios,Sudeste,São Paulo,Ana Lima,Loja Física,Média Empresa,2,255.41,0.1,459.74,259.9,199.84
PED-03825,2026-03-02,Webcam HD,Acessórios,Sudeste,Belo Horizonte,Eduarda Rocha,Marketplace,Pessoa Física,2,243.46,0.1,438.23,247.56,190.67
PED-03826,2026-04-07,Webcam HD,Acessórios,Centro-Oeste,Brasília,Carla Mendes,Venda Corporativa,Grande Empresa,3,247.8,0.1,669.06,395.91,273.15
PED-03827,2025-09-20,SSD 1TB,Componentes,Sudeste,Belo Horizonte,Henrique Dias,Marketplace,Pessoa Física,2,460.99,0.05,875.88,611.14,264.74
PED-03828,2025-10-01,Memória 16GB,Componentes,Sul,Porto Alegre,Felipe Martins,Marketplace,Pequena Empresa,3,328.04,0.05,934.91,591.75,343.16
PED-03829,2026-02-24,Monitor 24,Tecnologia,Sudeste,Belo Horizonte,Eduarda Rocha,Venda Corporativa,Pessoa Física,5,934.94,0,4674.7,3076.55,1598.15
PED-03830,2025-08-09,Notebook Pro 14,Tecnologia,Nordeste,Salvador,Henrique Dias,Venda Corporativa,Pessoa Física,2,5017.68,0.1,9031.82,7396.62,1635.2
PED-03831,2026-08-09,Mouse Wireless,Acessórios,Sul,Florianópolis,Henrique Dias,E-commerce,Pequena Empresa,2,185.39,0,370.78,162.52,208.26
PED-03832,2026-03-13,Headset Pro,Acessórios,Sudeste,Campinas,Gabriela Souza,Marketplace,Pessoa Física,4,329.83,0,1319.32,702.96,616.36
PED-03833,2025-11-10,Teclado Mecânico,Acessórios,Sul,Florianópolis,João Ribeiro,Venda Corporativa,Média Empresa,1,388.32,0.1,349.49,225.16,124.33
PED-03834,2026-09-10,Headset Pro,Acessórios,Nordeste,Recife,Felipe Martins,E-commerce,Pessoa Física,4,325.03,0.1,1170.11,683.64,486.47
PED-03835,2025-04-19,Headset Pro,Acessórios,Centro-Oeste,Cuiabá,Bruno Costa,Loja Física,Pessoa Física,6,326.81,0.05,1862.82,1066.86,795.96
PED-03836,2026-04-28,Monitor 27,Tecnologia,Sudeste,Rio de Janeiro,Felipe Martins,E-commerce,Pessoa Física,1,1504.02,0.05,1428.82,964.65,464.17
PED-03837,2026-06-06,Monitor 27,Tecnologia,Sudeste,Campinas,Ana Lima,E-commerce,Pessoa Física,1,1486.34,0.15,1263.39,1010.96,252.43
PED-03838,2025-01-19,Monitor 27,Tecnologia,Sudeste,Campinas,Eduarda Rocha,E-commerce,Média Empresa,2,1472.45,0.15,2503.16,2027.82,475.34
PED-03839,2025-10-16,Notebook Air 13,Tecnologia,Sul,Curitiba,Gabriela Souza,Marketplace,Pequena Empresa,5,3520.75,0.05,16723.56,13937.5,2786.06
PED-03840,2026-08-10,Teclado Mecânico,Acessórios,Sudeste,Belo Horizonte,Ana Lima,E-commerce,Grande Empresa,2,414.78,0.05,788.08,448.66,339.42
PED-03841,2025-09-27,Headset Pro,Acessórios,Centro-Oeste,Cuiabá,Felipe Martins,E-commerce,Pessoa Física,1,338.16,0.1,304.34,174.32,130.02
PED-03842,2025-03-02,Mouse Wireless,Acessórios,Sul,Porto Alegre,Gabriela Souza,Marketplace,Pequena Empresa,1,185.5,0,185.5,82.03,103.47
PED-03843,2025-07-13,Dock Station,Acessórios,Sul,Florianópolis,Henrique Dias,E-commerce,Média Empresa,3,566.6,0.2,1359.84,945.9,413.94
PED-03844,2025-11-04,Headset Pro,Acessórios,Sudeste,Campinas,Diego Alves,E-commerce,Pessoa Física,4,324.74,0,1298.96,709.4,589.56
PED-03845,2025-07-03,Webcam HD,Acessórios,Sudeste,Rio de Janeiro,Bruno Costa,Venda Corporativa,Pessoa Física,4,247.77,0.05,941.53,527.4,414.13
PED-03846,2025-12-04,Mouse Wireless,Acessórios,Sudeste,Campinas,Henrique Dias,Loja Física,Pessoa Física,5,177.45,0.1,798.52,424.0,374.52
PED-03847,2026-06-08,Monitor 24,Tecnologia,Nordeste,Salvador,Gabriela Souza,Venda Corporativa,Pequena Empresa,3,927.73,0.05,2644.03,1825.53,818.5
PED-03848,2026-06-24,SSD 1TB,Componentes,Nordeste,Fortaleza,Bruno Costa,Marketplace,Média Empresa,8,461.5,0.05,3507.4,2367.76,1139.64
PED-03849,2026-05-25,Dock Station,Acessórios,Sudeste,São Paulo,Ana Lima,E-commerce,Pessoa Física,3,538.89,0.15,1374.17,935.94,438.23
PED-03850,2026-09-28,Headset Pro,Acessórios,Sudeste,Belo Horizonte,Bruno Costa,Marketplace,Pessoa Física,1,322.37,0.05,306.25,171.0,135.25
PED-03851,2025-09-28,Notebook Air 13,Tecnologia,Nordeste,Salvador,Henrique Dias,Marketplace,Pessoa Física,1,3561.53,0.1,3205.38,2805.04,400.34
PED-03852,2025-09-12,Webcam HD,Acessórios,Sudeste,Rio de Janeiro,Gabriela Souza,E-commerce,Pessoa Física,1,245.4,0.05,233.13,126.63,106.5
PED-03853,2025-01-31,Notebook Air 13,Tecnologia,Sul,Porto Alegre,Diego Alves,Venda Corporativa,Pequena Empresa,1,3572.48,0,3572.48,2713.12,859.36
PED-03854,2026-02-10,Webcam HD,Acessórios,Nordeste,Salvador,Diego Alves,Loja Física,Pequena Empresa,3,258.74,0.1,698.6,388.77,309.83
PED-03855,2025-10-09,SSD 1TB,Componentes,Sudeste,Campinas,Felipe Martins,Loja Física,Pessoa Física,2,451.17,0,902.34,576.56,325.78
PED-03856,2026-04-01,Monitor 24,Tecnologia,Sudeste,Rio de Janeiro,João Ribeiro,Loja Física,Pequena Empresa,1,927.08,0.15,788.02,582.24,205.78
PED-03857,2025-10-24,SSD 1TB,Componentes,Sudeste,Rio de Janeiro,Bruno Costa,Marketplace,Grande Empresa,2,473.02,0,946.04,611.12,334.92
PED-03858,2025-09-25,Notebook Pro 14,Tecnologia,Centro-Oeste,Goiânia,Bruno Costa,E-commerce,Pessoa Física,1,4898.24,0.1,4408.42,3679.93,728.49
PED-03859,2025-06-25,SSD 500GB,Componentes,Sudeste,São Paulo,Eduarda Rocha,E-commerce,Pessoa Física,1,289.86,0,289.86,175.24,114.62
PED-03860,2026-07-25,Memória 16GB,Componentes,Nordeste,Salvador,Eduarda Rocha,E-commerce,Pessoa Física,1,310.99,0,310.99,188.68,122.31
PED-03861,2025-12-02,SSD 1TB,Componentes,Centro-Oeste,Cuiabá,Gabriela Souza,E-commerce,Grande Empresa,2,451.35,0.05,857.57,608.64,248.93
PED-03862,2025-10-08,Webcam HD,Acessórios,Centro-Oeste,Cuiabá,Gabriela Souza,Loja Física,Média Empresa,1,257.06,0.05,244.21,126.8,117.41
PED-03863,2025-11-21,Webcam HD,Acessórios,Sudeste,Belo Horizonte,Carla Mendes,E-commerce,Pessoa Física,1,251.83,0,251.83,125.8,126.03
PED-03864,2026-05-28,Headset Pro,Acessórios,Nordeste,Fortaleza,Henrique Dias,E-commerce,Pessoa Física,1,330.61,0.05,314.08,173.55,140.53
PED-03865,2025-04-29,Teclado Mecânico,Acessórios,Sul,Curitiba,Gabriela Souza,E-commerce,Grande Empresa,1,400.97,0,400.97,222.52,178.45
PED-03866,2025-12-05,Mouse Wireless,Acessórios,Centro-Oeste,Brasília,Isabela Freitas,E-commerce,Pessoa Física,2,177.72,0.15,302.12,161.26,140.86
PED-03867,2025-10-05,Memória 16GB,Componentes,Sudeste,Belo Horizonte,Eduarda Rocha,Marketplace,Pequena Empresa,6,326.15,0.1,1761.21,1162.68,598.53
PED-03868,2025-01-20,Dock Station,Acessórios,Sul,Florianópolis,Felipe Martins,Marketplace,Pessoa Física,4,558.24,0,2232.96,1272.32,960.64
PED-03869,2025-07-01,Headset Pro,Acessórios,Sul,Florianópolis,Henrique Dias,E-commerce,Pessoa Física,1,334.45,0.1,301.0,168.97,132.03
PED-03870,2025-06-03,Notebook Pro 14,Tecnologia,Sudeste,Campinas,Isabela Freitas,E-commerce,Pequena Empresa,1,5061.24,0.05,4808.18,3633.2,1174.98
PED-03871,2026-01-04,SSD 1TB,Componentes,Sudeste,Rio de Janeiro,João Ribeiro,Marketplace,Pequena Empresa,2,467.18,0.1,840.92,585.12,255.8
PED-03872,2025-05-05,Webcam HD,Acessórios,Nordeste,Recife,Ana Lima,E-commerce,Pessoa Física,1,256.71,0.1,231.04,126.55,104.49
PED-03873,2025-04-24,Memória 16GB,Componentes,Nordeste,Salvador,Ana Lima,Venda Corporativa,Média Empresa,2,315.77,0,631.54,384.2,247.34
PED-03874,2026-04-13,Headset Pro,Acessórios,Sudeste,Campinas,Henrique Dias,Loja Física,Pessoa Física,2,321.26,0,642.52,352.54,289.98
PED-03875,2025-07-01,Dock Station,Acessórios,Nordeste,Recife,João Ribeiro,Venda Corporativa,Pessoa Física,1,563.1,0.1,506.79,306.2,200.59
PED-03876,2025-06-12,Webcam HD,Acessórios,Centro-Oeste,Cuiabá,Felipe Martins,Loja Física,Pessoa Física,1,249.62,0.2,199.7,132.06,67.64
PED-03877,2025-02-25,Dock Station,Acessórios,Sul,Curitiba,Carla Mendes,Marketplace,Pessoa Física,2,563.59,0.1,1014.46,637.46,377.0
PED-03878,2026-02-05,SSD 1TB,Componentes,Nordeste,Fortaleza,Isabela Freitas,E-commerce,Pessoa Física,4,458.24,0,1832.96,1155.2,677.76
PED-03879,2026-06-29,Monitor 24,Tecnologia,Sudeste,São Paulo,Isabela Freitas,Loja Física,Pessoa Física,2,921.88,0.1,1659.38,1226.6,432.78
PED-03880,2025-06-22,Memória 16GB,Componentes,Sudeste,Campinas,Diego Alves,Loja Física,Pessoa Física,1,317.28,0,317.28,198.98,118.3
PED-03881,2025-04-19,Mouse Wireless,Acessórios,Sudeste,Campinas,Gabriela Souza,Marketplace,Pessoa Física,2,178.72,0.2,285.95,169.96,115.99
PED-03882,2025-12-22,Dock Station,Acessórios,Nordeste,Fortaleza,Diego Alves,E-commerce,Grande Empresa,1,570.22,0,570.22,311.95,258.27
PED-03883,2026-05-15,Monitor 24,Tecnologia,Centro-Oeste,Brasília,João Ribeiro,E-commerce,Pessoa Física,1,906.62,0,906.62,617.24,289.38
PED-03884,2025-01-21,Headset Pro,Acessórios,Sul,Curitiba,João Ribeiro,Loja Física,Média Empresa,2,341.21,0,682.42,350.7,331.72
PED-03885,2026-07-27,Webcam HD,Acessórios,Centro-Oeste,Cuiabá,Diego Alves,Loja Física,Pessoa Física,1,242.42,0,242.42,123.52,118.9
PED-03886,2026-02-03,Mouse Wireless,Acessórios,Sul,Florianópolis,Eduarda Rocha,Venda Corporativa,Grande Empresa,1,183.77,0.1,165.39,83.59,81.8
PED-03887,2025-01-28,Notebook Pro 14,Tecnologia,Sudeste,São Paulo,Diego Alves,Marketplace,Pessoa Física,3,4995.14,0.05,14236.15,11197.98,3038.17
PED-03888,2026-05-24,Notebook Pro 14,Tecnologia,Sudeste,Rio de Janeiro,Henrique Dias,E-commerce,Pequena Empresa,1,4961.42,0.05,4713.35,3590.01,1123.34
PED-03889,2025-11-19,Memória 16GB,Componentes,Sul,Curitiba,Ana Lima,E-commerce,Pessoa Física,2,309.96,0.05,588.92,397.06,191.86
PED-03890,2026-03-12,Teclado Mecânico,Acessórios,Sudeste,Rio de Janeiro,Ana Lima,Marketplace,Pequena Empresa,1,388.42,0.1,349.58,223.56,126.02
PED-03891,2026-07-13,Mouse Wireless,Acessórios,Centro-Oeste,Goiânia,Eduarda Rocha,Loja Física,Média Empresa,2,177.17,0,354.34,166.28,188.06
PED-03892,2025-01-25,Headset Pro,Acessórios,Sudeste,Rio de Janeiro,Isabela Freitas,E-commerce,Pessoa Física,1,323.36,0,323.36,172.01,151.35
PED-03893,2025-05-24,Dock Station,Acessórios,Sudeste,Belo Horizonte,Felipe Martins,Venda Corporativa,Pessoa Física,1,535.63,0,535.63,321.18,214.45
PED-03894,2026-07-21,Dock Station,Acessórios,Sudeste,Belo Horizonte,Ana Lima,Marketplace,Pessoa Física,10,559.11,0.05,5311.55,3228.4,2083.15
PED-03895,2025-10-01,Notebook Air 13,Tecnologia,Sul,Porto Alegre,Bruno Costa,Marketplace,Pessoa Física,1,3698.83,0.1,3328.95,2749.25,579.7
PED-03896,2025-02-12,Teclado Mecânico,Acessórios,Nordeste,Recife,Bruno Costa,E-commerce,Pequena Empresa,6,409.44,0,2456.64,1278.12,1178.52
PED-03897,2026-02-21,Memória 16GB,Componentes,Sul,Porto Alegre,Isabela Freitas,Loja Física,Média Empresa,1,319.82,0,319.82,195.36,124.46
PED-03898,2025-02-13,SSD 1TB,Componentes,Centro-Oeste,Cuiabá,Felipe Martins,E-commerce,Pessoa Física,1,457.02,0.2,365.62,290.22,75.4
PED-03899,2025-02-16,Webcam HD,Acessórios,Sudeste,Belo Horizonte,Bruno Costa,E-commerce,Pessoa Física,4,243.92,0.05,926.9,504.96,421.94
PED-03900,2025-03-13,SSD 1TB,Componentes,Sudeste,Campinas,Gabriela Souza,Loja Física,Média Empresa,2,458.97,0,917.94,600.04,317.9
PED-03901,2025-07-19,Notebook Air 13,Tecnologia,Sul,Florianópolis,Felipe Martins,Marketplace,Pequena Empresa,4,3597.02,0,14388.08,11200.36,3187.72
PED-03902,2026-01-12,Notebook Pro 14,Tecnologia,Nordeste,Fortaleza,Felipe Martins,Venda Corporativa,Média Empresa,2,4975.99,0,9951.98,7654.16,2297.82
PED-03903,2026-07-01,Webcam HD,Acessórios,Sul,Florianópolis,Henrique Dias,Venda Corporativa,Pequena Empresa,1,242.34,0.1,218.11,125.23,92.88
PED-03904,2025-10-15,Monitor 27,Tecnologia,Nordeste,Salvador,Diego Alves,Marketplace,Pequena Empresa,2,1464.91,0.1,2636.84,1999.0,637.84
PED-03905,2025-01-05,Monitor 27,Tecnologia,Sudeste,Rio de Janeiro,Henrique Dias,E-commerce,Pessoa Física,4,1541.65,0,6166.6,4093.2,2073.4
PED-03906,2026-01-24,Headset Pro,Acessórios,Sul,Porto Alegre,Ana Lima,Marketplace,Pequena Empresa,2,329.82,0.1,593.68,346.58,247.1
PED-03907,2026-06-03,SSD 1TB,Componentes,Sudeste,Campinas,Diego Alves,Loja Física,Pessoa Física,1,451.45,0.2,361.16,287.34,73.82
PED-03908,2026-07-23,Dock Station,Acessórios,Centro-Oeste,Brasília,Diego Alves,E-commerce,Média Empresa,2,555.92,0,1111.84,650.7,461.14
PED-03909,2026-07-10,Monitor 27,Tecnologia,Sudeste,Campinas,Ana Lima,Loja Física,Pessoa Física,1,1495.6,0.1,1346.04,967.56,378.48
PED-03910,2026-07-31,Dock Station,Acessórios,Sul,Florianópolis,Gabriela Souza,Marketplace,Pessoa Física,2,539.21,0.2,862.74,635.76,226.98
PED-03911,2025-03-11,Headset Pro,Acessórios,Sul,Florianópolis,Gabriela Souza,E-commerce,Pessoa Física,5,337.39,0.05,1602.6,878.65,723.95
PED-03912,2026-06-21,Notebook Air 13,Tecnologia,Centro-Oeste,Brasília,Henrique Dias,Loja Física,Pessoa Física,5,3628.16,0,18140.8,13531.55,4609.25
PED-03913,2025-11-27,Dock Station,Acessórios,Centro-Oeste,Goiânia,Isabela Freitas,Marketplace,Pequena Empresa,2,543.5,0,1087.0,636.5,450.5
PED-03914,2026-09-17,Webcam HD,Acessórios,Centro-Oeste,Goiânia,Ana Lima,E-commerce,Pessoa Física,1,251.27,0,251.27,123.52,127.75
PED-03915,2026-07-14,Mouse Wireless,Acessórios,Centro-Oeste,Goiânia,Eduarda Rocha,Venda Corporativa,Grande Empresa,2,183.9,0,367.8,171.58,196.22
PED-03916,2026-07-01,Monitor 24,Tecnologia,Sudeste,Campinas,Felipe Martins,Loja Física,Média Empresa,2,880.56,0.1,1585.01,1161.34,423.67
PED-03917,2025-04-13,Monitor 24,Tecnologia,Sudeste,São Paulo,Gabriela Souza,Marketplace,Pequena Empresa,2,930.05,0,1860.1,1206.44,653.66
PED-03918,2026-08-15,Webcam HD,Acessórios,Sul,Porto Alegre,Diego Alves,Loja Física,Pessoa Física,3,253.78,0,761.34,382.23,379.11
PED-03919,2025-06-27,SSD 500GB,Componentes,Nordeste,Fortaleza,Diego Alves,Loja Física,Pessoa Física,3,291.0,0.15,742.05,524.19,217.86
PED-03920,2025-03-24,Mouse Wireless,Acessórios,Nordeste,Recife,Henrique Dias,Loja Física,Pequena Empresa,1,176.14,0.1,158.53,80.81,77.72
PED-03921,2025-06-21,Notebook Air 13,Tecnologia,Nordeste,Fortaleza,Felipe Martins,E-commerce,Pessoa Física,2,3734.26,0.05,7095.09,5407.22,1687.87
PED-03922,2025-07-21,Notebook Air 13,Tecnologia,Sul,Florianópolis,Carla Mendes,Loja Física,Pequena Empresa,1,3646.39,0.1,3281.75,2733.29,548.46
PED-03923,2025-05-19,Notebook Pro 14,Tecnologia,Sul,Curitiba,Henrique Dias,Loja Física,Pequena Empresa,2,5014.02,0.15,8523.83,7323.68,1200.15
PED-03924,2026-04-05,Teclado Mecânico,Acessórios,Sudeste,Campinas,Carla Mendes,E-commerce,Pequena Empresa,2,410.56,0.1,739.01,431.72,307.29
PED-03925,2025-05-09,Mouse Wireless,Acessórios,Centro-Oeste,Cuiabá,Eduarda Rocha,E-commerce,Pessoa Física,4,175.82,0.05,668.12,325.56,342.56
PED-03926,2026-09-14,Notebook Pro 14,Tecnologia,Centro-Oeste,Brasília,Carla Mendes,Venda Corporativa,Pessoa Física,2,4980.49,0,9960.98,7204.54,2756.44
PED-03927,2025-09-24,Notebook Air 13,Tecnologia,Sudeste,Rio de Janeiro,Henrique Dias,Marketplace,Média Empresa,2,3623.45,0.1,6522.21,5686.84,835.37
PED-03928,2026-09-23,Monitor 27,Tecnologia,Nordeste,Fortaleza,João Ribeiro,Loja Física,Pessoa Física,1,1498.44,0.15,1273.67,994.77,278.9
PED-03929,2026-03-08,Monitor 27,Tecnologia,Sul,Porto Alegre,Bruno Costa,E-commerce,Pessoa Física,1,1512.23,0,1512.23,998.79,513.44
PED-03930,2025-11-16,Monitor 24,Tecnologia,Sul,Curitiba,Eduarda Rocha,Marketplace,Pessoa Física,2,911.48,0.05,1731.81,1156.74,575.07
PED-03931,2026-02-13,Notebook Pro 14,Tecnologia,Sudeste,São Paulo,Carla Mendes,Marketplace,Pessoa Física,1,5035.96,0.05,4784.16,3726.59,1057.57
PED-03932,2026-03-21,Notebook Air 13,Tecnologia,Sudeste,São Paulo,João Ribeiro,Venda Corporativa,Pessoa Física,1,3589.84,0,3589.84,2814.11,775.73
PED-03933,2026-08-31,Mouse Wireless,Acessórios,Sudeste,Belo Horizonte,Diego Alves,E-commerce,Pessoa Física,5,184.33,0.15,783.4,405.55,377.85
PED-03934,2026-05-18,Memória 16GB,Componentes,Sudeste,Rio de Janeiro,Ana Lima,Venda Corporativa,Pessoa Física,4,324.28,0,1297.12,778.12,519.0
PED-03935,2026-06-03,Webcam HD,Acessórios,Nordeste,Salvador,Ana Lima,Loja Física,Grande Empresa,1,248.45,0.05,236.03,130.72,105.31
PED-03936,2026-02-14,SSD 1TB,Componentes,Centro-Oeste,Brasília,Henrique Dias,E-commerce,Pessoa Física,3,447.34,0.1,1207.82,865.71,342.11
PED-03937,2026-05-22,Notebook Air 13,Tecnologia,Sudeste,Belo Horizonte,Ana Lima,Loja Física,Pessoa Física,8,3535.41,0.05,26869.12,22731.76,4137.36
PED-03938,2026-03-07,Teclado Mecânico,Acessórios,Sudeste,Belo Horizonte,Gabriela Souza,E-commerce,Média Empresa,3,388.73,0.15,991.26,646.53,344.73
PED-03939,2025-07-17,Teclado Mecânico,Acessórios,Sul,Porto Alegre,Eduarda Rocha,E-commerce,Grande Empresa,1,406.61,0.05,386.28,223.9,162.38
PED-03940,2025-07-16,Memória 16GB,Componentes,Nordeste,Fortaleza,Isabela Freitas,Marketplace,Pessoa Física,2,320.45,0.15,544.76,382.82,161.94
PED-03941,2025-07-11,Notebook Pro 14,Tecnologia,Sudeste,São Paulo,Felipe Martins,Venda Corporativa,Pessoa Física,4,5021.07,0.05,19080.07,15245.08,3834.99
PED-03942,2025-08-22,Notebook Pro 14,Tecnologia,Nordeste,Salvador,Gabriela Souza,Venda Corporativa,Pessoa Física,1,4836.42,0.15,4110.96,3823.86,287.1
PED-03943,2025-05-18,SSD 1TB,Componentes,Centro-Oeste,Goiânia,Eduarda Rocha,E-commerce,Pequena Empresa,1,476.57,0.1,428.91,298.28,130.63
PED-03944,2025-11-13,Mouse Wireless,Acessórios,Sul,Florianópolis,Gabriela Souza,Venda Corporativa,Média Empresa,3,184.63,0.1,498.5,242.01,256.49
PED-03945,2026-04-29,Webcam HD,Acessórios,Sudeste,Campinas,Eduarda Rocha,Venda Corporativa,Pessoa Física,4,255.57,0.1,920.05,501.36,418.69
PED-03946,2025-10-30,Notebook Air 13,Tecnologia,Sul,Curitiba,Gabriela Souza,Loja Física,Média Empresa,3,3499.14,0,10497.42,8293.11,2204.31
PED-03947,2026-07-27,Teclado Mecânico,Acessórios,Sudeste,Rio de Janeiro,João Ribeiro,Loja Física,Pessoa Física,1,394.28,0,394.28,212.52,181.76
PED-03948,2026-05-30,Monitor 27,Tecnologia,Sudeste,Belo Horizonte,João Ribeiro,Loja Física,Pequena Empresa,8,1472.91,0.15,10015.79,7966.24,2049.55
PED-03949,2025-03-15,Notebook Pro 14,Tecnologia,Sudeste,Belo Horizonte,Henrique Dias,Loja Física,Pessoa Física,1,4933.37,0.15,4193.36,3643.7,549.66
PED-03950,2025-09-28,SSD 500GB,Componentes,Centro-Oeste,Goiânia,Felipe Martins,Venda Corporativa,Pequena Empresa,10,284.47,0,2844.7,1777.4,1067.3
PED-03951,2025-02-27,Memória 16GB,Componentes,Centro-Oeste,Cuiabá,Ana Lima,Loja Física,Pessoa Física,5,330.42,0,1652.1,951.9,700.2
PED-03952,2025-12-03,SSD 1TB,Componentes,Sul,Curitiba,Felipe Martins,Venda Corporativa,Pessoa Física,4,472.76,0.15,1607.38,1195.28,412.1
PED-03953,2026-04-29,Monitor 24,Tecnologia,Centro-Oeste,Cuiabá,Bruno Costa,E-commerce,Pessoa Física,3,883.51,0.1,2385.48,1772.82,612.66
PED-03954,2025-06-05,Notebook Air 13,Tecnologia,Centro-Oeste,Cuiabá,Bruno Costa,E-commerce,Pessoa Física,2,3638.06,0.05,6912.31,5602.68,1309.63
PED-03955,2026-04-12,Notebook Pro 14,Tecnologia,Sul,Porto Alegre,Ana Lima,Loja Física,Pequena Empresa,6,4970.98,0.1,26843.29,22891.74,3951.55
PED-03956,2026-01-30,SSD 500GB,Componentes,Sudeste,Campinas,Gabriela Souza,E-commerce,Pessoa Física,3,300.32,0.1,810.86,528.18,282.68
PED-03957,2025-12-09,Webcam HD,Acessórios,Sudeste,Campinas,João Ribeiro,Loja Física,Pessoa Física,2,252.36,0.05,479.48,260.92,218.56
PED-03958,2025-09-05,Webcam HD,Acessórios,Sul,Florianópolis,Henrique Dias,Loja Física,Pessoa Física,3,252.34,0.1,681.32,386.88,294.44
PED-03959,2025-07-19,Headset Pro,Acessórios,Sul,Curitiba,Isabela Freitas,E-commerce,Pessoa Física,1,332.63,0.1,299.37,175.64,123.73
PED-03960,2026-06-04,Mouse Wireless,Acessórios,Sudeste,Rio de Janeiro,Isabela Freitas,E-commerce,Média Empresa,3,178.89,0,536.67,256.89,279.78
PED-03961,2025-04-18,Mouse Wireless,Acessórios,Sul,Florianópolis,Felipe Martins,E-commerce,Média Empresa,2,184.04,0.1,331.27,172.12,159.15
PED-03962,2025-04-12,Mouse Wireless,Acessórios,Sul,Florianópolis,Diego Alves,E-commerce,Pessoa Física,8,185.42,0.05,1409.19,653.36,755.83
PED-03963,2025-08-07,SSD 500GB,Componentes,Sudeste,Campinas,Felipe Martins,Venda Corporativa,Média Empresa,2,282.25,0.05,536.27,360.46,175.81
PED-03964,2026-01-05,SSD 500GB,Componentes,Sudeste,São Paulo,Ana Lima,Marketplace,Pequena Empresa,1,286.55,0.05,272.22,182.05,90.17
PED-03965,2026-07-31,Mouse Wireless,Acessórios,Centro-Oeste,Cuiabá,Henrique Dias,E-commerce,Pessoa Física,1,177.71,0,177.71,83.3,94.41
PED-03966,2025-02-24,SSD 500GB,Componentes,Nordeste,Salvador,Bruno Costa,Loja Física,Pessoa Física,5,297.22,0.15,1263.18,896.05,367.13
PED-03967,2026-09-05,Monitor 24,Tecnologia,Sudeste,Campinas,João Ribeiro,Venda Corporativa,Pequena Empresa,3,903.37,0.15,2303.59,1818.3,485.29
PED-03968,2026-01-30,Monitor 27,Tecnologia,Sudeste,Campinas,Felipe Martins,E-commerce,Pessoa Física,5,1481.33,0,7406.65,5074.05,2332.6
PED-03969,2026-07-06,Webcam HD,Acessórios,Sudeste,São Paulo,Henrique Dias,E-commerce,Pequena Empresa,3,252.88,0,758.64,377.07,381.57
PED-03970,2026-09-16,Teclado Mecânico,Acessórios,Nordeste,Salvador,João Ribeiro,Marketplace,Pessoa Física,1,403.08,0.2,322.46,225.33,97.13
PED-03971,2026-01-29,Monitor 27,Tecnologia,Sul,Florianópolis,Diego Alves,Loja Física,Pessoa Física,2,1540.98,0.15,2619.67,2026.02,593.65
PED-03972,2026-04-03,SSD 500GB,Componentes,Sudeste,Belo Horizonte,Henrique Dias,Venda Corporativa,Pessoa Física,3,280.44,0.05,799.25,539.94,259.31
PED-03973,2025-11-25,SSD 500GB,Componentes,Sudeste,Rio de Janeiro,Felipe Martins,E-commerce,Média Empresa,4,282.14,0.15,959.28,724.24,235.04
PED-03974,2026-04-09,Monitor 27,Tecnologia,Centro-Oeste,Goiânia,Felipe Martins,Loja Física,Pessoa Física,4,1499.11,0,5996.44,4091.8,1904.64
PED-03975,2026-09-27,Headset Pro,Acessórios,Nordeste,Fortaleza,Henrique Dias,Marketplace,Pequena Empresa,8,320.39,0.1,2306.81,1366.56,940.25
PED-03976,2025-10-06,Notebook Pro 14,Tecnologia,Nordeste,Salvador,Carla Mendes,E-commerce,Pessoa Física,2,4910.27,0.1,8838.49,7368.24,1470.25
PED-03977,2026-02-09,Mouse Wireless,Acessórios,Nordeste,Salvador,Carla Mendes,Loja Física,Pessoa Física,8,174.36,0,1394.88,643.04,751.84
PED-03978,2026-06-17,Mouse Wireless,Acessórios,Sul,Florianópolis,Carla Mendes,E-commerce,Pessoa Física,4,178.97,0.15,608.5,337.56,270.94
PED-03979,2025-05-01,Teclado Mecânico,Acessórios,Nordeste,Fortaleza,Ana Lima,Venda Corporativa,Média Empresa,4,396.37,0.2,1268.38,893.96,374.42
PED-03980,2026-04-19,Monitor 24,Tecnologia,Nordeste,Salvador,Felipe Martins,E-commerce,Média Empresa,1,872.03,0.05,828.43,598.47,229.96
PED-03981,2026-06-25,Notebook Air 13,Tecnologia,Sul,Porto Alegre,Carla Mendes,Loja Física,Pessoa Física,2,3519.1,0.1,6334.38,5640.78,693.6
PED-03982,2026-05-06,Notebook Air 13,Tecnologia,Nordeste,Salvador,Gabriela Souza,E-commerce,Pessoa Física,1,3710.23,0.05,3524.72,2666.74,857.98
PED-03983,2026-08-14,Notebook Pro 14,Tecnologia,Sudeste,São Paulo,Henrique Dias,Marketplace,Pessoa Física,5,4960.8,0.05,23563.8,18746.95,4816.85
PED-03984,2025-04-17,SSD 1TB,Componentes,Sul,Porto Alegre,Gabriela Souza,Loja Física,Pessoa Física,2,462.89,0.1,833.2,583.4,249.8
PED-03985,2026-03-07,Notebook Air 13,Tecnologia,Centro-Oeste,Brasília,João Ribeiro,Venda Corporativa,Pessoa Física,1,3614.5,0.1,3253.05,2753.89,499.16
PED-03986,2026-04-26,Webcam HD,Acessórios,Nordeste,Fortaleza,Isabela Freitas,Venda Corporativa,Pessoa Física,4,252.37,0.05,959.01,528.72,430.29
PED-03987,2026-02-06,Dock Station,Acessórios,Nordeste,Salvador,Henrique Dias,Venda Corporativa,Média Empresa,1,533.0,0.1,479.7,320.71,158.99
PED-03988,2025-02-06,SSD 1TB,Componentes,Nordeste,Salvador,Felipe Martins,E-commerce,Média Empresa,2,448.95,0,897.9,612.96,284.94
PED-03989,2025-08-10,Headset Pro,Acessórios,Sudeste,Rio de Janeiro,Bruno Costa,E-commerce,Pessoa Física,2,341.4,0.1,614.52,341.8,272.72
PED-03990,2026-07-03,Monitor 27,Tecnologia,Centro-Oeste,Brasília,Eduarda Rocha,Marketplace,Pessoa Física,6,1541.39,0.1,8323.51,6096.24,2227.27
PED-03991,2025-05-02,SSD 500GB,Componentes,Sudeste,São Paulo,Gabriela Souza,Marketplace,Pessoa Física,1,293.76,0.1,264.38,184.19,80.19
PED-03992,2025-04-19,Mouse Wireless,Acessórios,Centro-Oeste,Goiânia,Diego Alves,Loja Física,Pessoa Física,4,181.82,0,727.28,335.48,391.8
PED-03993,2026-01-09,Notebook Air 13,Tecnologia,Sul,Curitiba,Diego Alves,E-commerce,Pequena Empresa,1,3601.9,0,3601.9,2664.94,936.96
PED-03994,2026-03-19,Memória 16GB,Componentes,Sudeste,Belo Horizonte,Ana Lima,Marketplace,Pequena Empresa,2,322.94,0,645.88,380.32,265.56
PED-03995,2025-09-19,Monitor 27,Tecnologia,Sul,Florianópolis,Bruno Costa,Venda Corporativa,Pequena Empresa,8,1525.98,0.05,11597.45,7921.36,3676.09
PED-03996,2026-07-02,SSD 1TB,Componentes,Sudeste,Campinas,Ana Lima,Loja Física,Média Empresa,2,471.98,0.15,802.37,584.92,217.45
PED-03997,2025-03-24,Headset Pro,Acessórios,Centro-Oeste,Goiânia,Gabriela Souza,E-commerce,Pessoa Física,2,333.16,0,666.32,339.06,327.26
PED-03998,2025-01-03,Headset Pro,Acessórios,Centro-Oeste,Goiânia,Ana Lima,Loja Física,Pessoa Física,3,327.07,0.1,883.09,508.26,374.83
PED-03999,2025-01-12,Teclado Mecânico,Acessórios,Sul,Porto Alegre,Henrique Dias,Marketplace,Pequena Empresa,3,391.96,0.1,1058.29,677.19,381.1
PED-04000,2025-02-04,Monitor 24,Tecnologia,Sudeste,São Paulo,Felipe Martins,E-commerce,Pequena Empresa,5,893.9,0,4469.5,3006.3,1463.2
PED-04001,2026-03-22,Monitor 27,Tecnologia,Nordeste,Fortaleza,Eduarda Rocha,Loja Física,Pequena Empresa,2,1554.73,0,3109.46,2004.5,1104.96
PED-04002,2026-08-27,Mouse Wireless,Acessórios,Centro-Oeste,Brasília,Carla Mendes,Venda Corporativa,Pessoa Física,2,175.34,0,350.68,170.6,180.08
PED-04003,2026-02-18,Monitor 24,Tecnologia,Sudeste,Rio de Janeiro,Carla Mendes,Loja Física,Pequena Empresa,3,905.48,0.05,2580.62,1806.12,774.5
PED-04004,2025-06-19,Headset Pro,Acessórios,Sul,Curitiba,João Ribeiro,Marketplace,Pessoa Física,1,325.54,0,325.54,174.02,151.52
PED-04005,2025-07-06,Notebook Air 13,Tecnologia,Sudeste,São Paulo,Bruno Costa,E-commerce,Pequena Empresa,1,3560.68,0.05,3382.65,2674.7,707.95
PED-04006,2026-01-15,Notebook Air 13,Tecnologia,Sudeste,Belo Horizonte,Felipe Martins,Marketplace,Pessoa Física,5,3582.13,0,17910.65,13757.25,4153.4
PED-04007,2025-08-09,SSD 1TB,Componentes,Sul,Curitiba,Henrique Dias,E-commerce,Pessoa Física,1,468.28,0.1,421.45,289.17,132.28
PED-04008,2025-08-29,Teclado Mecânico,Acessórios,Nordeste,Salvador,Diego Alves,Loja Física,Pequena Empresa,2,399.11,0.05,758.31,449.78,308.53
PED-04009,2025-06-19,Dock Station,Acessórios,Sudeste,Rio de Janeiro,Diego Alves,E-commerce,Pessoa Física,3,545.05,0.15,1389.88,932.64,457.24
PED-04010,2026-06-20,Notebook Pro 14,Tecnologia,Centro-Oeste,Goiânia,Isabela Freitas,E-commerce,Média Empresa,1,4937.57,0.15,4196.93,3709.7,487.23
PED-04011,2025-07-11,Mouse Wireless,Acessórios,Nordeste,Fortaleza,Henrique Dias,Marketplace,Pessoa Física,5,173.92,0.1,782.64,414.1,368.54
PED-04012,2025-06-11,SSD 500GB,Componentes,Sul,Florianópolis,Henrique Dias,Marketplace,Pessoa Física,2,291.22,0,582.44,369.48,212.96
PED-04013,2025-05-20,Headset Pro,Acessórios,Sudeste,Rio de Janeiro,Bruno Costa,Venda Corporativa,Grande Empresa,1,321.07,0,321.07,169.95,151.12
PED-04014,2025-05-19,SSD 500GB,Componentes,Centro-Oeste,Cuiabá,Ana Lima,Venda Corporativa,Pessoa Física,1,298.63,0,298.63,178.0,120.63
PED-04015,2026-03-31,Webcam HD,Acessórios,Centro-Oeste,Goiânia,Isabela Freitas,Loja Física,Pequena Empresa,1,245.65,0.05,233.37,127.36,106.01
PED-04016,2026-08-28,SSD 1TB,Componentes,Sul,Curitiba,Isabela Freitas,E-commerce,Média Empresa,8,461.48,0,3691.84,2377.52,1314.32
PED-04017,2026-08-21,Dock Station,Acessórios,Nordeste,Salvador,Carla Mendes,Marketplace,Pequena Empresa,4,565.92,0.2,1810.94,1249.08,561.86
PED-04018,2025-12-05,Webcam HD,Acessórios,Nordeste,Recife,Diego Alves,Marketplace,Pessoa Física,3,246.55,0,739.65,373.44,366.21
PED-04019,2025-12-02,Headset Pro,Acessórios,Sudeste,Rio de Janeiro,Carla Mendes,E-commerce,Grande Empresa,3,336.9,0.1,909.63,532.59,377.04
PED-04020,2025-10-03,Monitor 27,Tecnologia,Sul,Florianópolis,Gabriela Souza,E-commerce,Pessoa Física,2,1546.62,0.05,2938.58,1972.4,966.18
PED-04021,2026-03-19,SSD 1TB,Componentes,Sul,Florianópolis,Diego Alves,Loja Física,Pessoa Física,1,466.37,0.2,373.1,296.98,76.12
PED-04022,2026-06-16,Memória 16GB,Componentes,Sudeste,Rio de Janeiro,Bruno Costa,E-commerce,Grande Empresa,2,309.76,0.1,557.57,392.92,164.65
PED-04023,2026-05-12,Dock Station,Acessórios,Sudeste,Campinas,Bruno Costa,Marketplace,Pessoa Física,3,546.38,0.1,1475.23,950.37,524.86
PED-04024,2026-03-02,Monitor 27,Tecnologia,Sudeste,São Paulo,João Ribeiro,E-commerce,Pessoa Física,1,1511.44,0,1511.44,997.88,513.56
PED-04025,2026-08-20,SSD 500GB,Componentes,Nordeste,Salvador,Isabela Freitas,Venda Corporativa,Pequena Empresa,2,280.96,0.05,533.82,350.58,183.24
PED-04026,2025-01-04,Webcam HD,Acessórios,Sudeste,Rio de Janeiro,Diego Alves,Marketplace,Pessoa Física,4,242.04,0.05,919.75,516.84,402.91
PED-04027,2026-07-26,SSD 500GB,Componentes,Sul,Porto Alegre,Eduarda Rocha,E-commerce,Média Empresa,1,284.34,0,284.34,179.82,104.52
PED-04028,2026-05-22,Webcam HD,Acessórios,Nordeste,Salvador,Isabela Freitas,Marketplace,Pessoa Física,6,242.85,0.1,1311.39,789.66,521.73
PED-04029,2025-02-26,Teclado Mecânico,Acessórios,Sudeste,Belo Horizonte,Diego Alves,E-commerce,Pequena Empresa,2,396.23,0.2,633.97,444.62,189.35
PED-04030,2026-06-09,Memória 16GB,Componentes,Nordeste,Salvador,Bruno Costa,Loja Física,Pessoa Física,8,321.17,0,2569.36,1577.36,992.0
PED-04031,2025-10-13,Webcam HD,Acessórios,Sudeste,São Paulo,Diego Alves,E-commerce,Pessoa Física,2,249.21,0.05,473.5,253.8,219.7
PED-04032,2025-08-11,Notebook Pro 14,Tecnologia,Sudeste,Rio de Janeiro,Bruno Costa,E-commerce,Pessoa Física,1,4757.85,0.1,4282.07,3622.41,659.66
PED-04033,2025-09-08,Monitor 27,Tecnologia,Sul,Porto Alegre,Isabela Freitas,Loja Física,Pessoa Física,1,1539.22,0,1539.22,962.06,577.16
PED-04034,2025-08-12,Notebook Pro 14,Tecnologia,Nordeste,Salvador,Gabriela Souza,E-commerce,Média Empresa,1,4941.75,0.05,4694.66,3721.72,972.94
PED-04035,2025-01-10,SSD 1TB,Componentes,Sudeste,São Paulo,Ana Lima,E-commerce,Média Empresa,1,472.18,0.05,448.57,301.65,146.92
PED-04036,2025-03-07,Monitor 24,Tecnologia,Sudeste,Rio de Janeiro,Carla Mendes,E-commerce,Pequena Empresa,1,932.13,0.1,838.92,585.49,253.43
PED-04037,2026-08-03,SSD 500GB,Componentes,Centro-Oeste,Brasília,João Ribeiro,E-commerce,Pessoa Física,6,292.79,0,1756.74,1052.82,703.92
PED-04038,2025-08-30,Headset Pro,Acessórios,Sudeste,Campinas,Henrique Dias,E-commerce,Pessoa Física,1,327.52,0.1,294.77,175.91,118.86
PED-04039,2026-08-09,Dock Station,Acessórios,Sudeste,Rio de Janeiro,Felipe Martins,E-commerce,Grande Empresa,1,547.99,0,547.99,307.87,240.12
PED-04040,2025-05-16,Mouse Wireless,Acessórios,Centro-Oeste,Brasília,Eduarda Rocha,Marketplace,Pessoa Física,1,176.69,0,176.69,85.4,91.29
PED-04041,2026-01-07,SSD 500GB,Componentes,Sudeste,Belo Horizonte,Bruno Costa,E-commerce,Pequena Empresa,1,284.44,0.05,270.22,185.22,85.0
PED-04042,2026-08-24,Monitor 27,Tecnologia,Sudeste,São Paulo,Henrique Dias,E-commerce,Pequena Empresa,1,1525.41,0.05,1449.14,988.86,460.28
PED-04043,2025-09-02,Monitor 24,Tecnologia,Sul,Curitiba,Gabriela Souza,E-commerce,Grande Empresa,8,889.52,0,7116.16,4698.72,2417.44
PED-04044,2025-04-14,SSD 1TB,Componentes,Sudeste,São Paulo,Ana Lima,E-commerce,Pessoa Física,1,457.35,0,457.35,293.53,163.82
PED-04045,2025-04-05,Memória 16GB,Componentes,Sudeste,Rio de Janeiro,Bruno Costa,E-commerce,Pessoa Física,8,314.46,0.1,2264.11,1524.8,739.31
PED-04046,2026-01-15,Mouse Wireless,Acessórios,Sul,Florianópolis,Eduarda Rocha,E-commerce,Pequena Empresa,3,179.92,0,539.76,254.22,285.54
PED-04047,2026-09-05,Notebook Pro 14,Tecnologia,Sudeste,Rio de Janeiro,Ana Lima,E-commerce,Grande Empresa,1,5071.41,0.05,4817.84,3578.78,1239.06
PED-04048,2025-01-17,SSD 1TB,Componentes,Sudeste,Campinas,Felipe Martins,E-commerce,Grande Empresa,1,463.81,0.2,371.05,289.46,81.59
PED-04049,2026-04-18,Webcam HD,Acessórios,Sul,Curitiba,Eduarda Rocha,Loja Física,Média Empresa,3,253.27,0.1,683.83,394.44,289.39
PED-04050,2025-10-18,Monitor 24,Tecnologia,Nordeste,Fortaleza,Gabriela Souza,E-commerce,Pessoa Física,3,924.36,0.1,2495.77,1813.77,682.0
PED-04051,2025-06-18,Notebook Pro 14,Tecnologia,Sudeste,São Paulo,Eduarda Rocha,Marketplace,Grande Empresa,8,4762.28,0,38098.24,29080.72,9017.52
PED-04052,2025-12-14,Monitor 24,Tecnologia,Sudeste,Campinas,Eduarda Rocha,E-commerce,Pessoa Física,1,926.18,0.2,740.94,597.57,143.37
PED-04053,2026-08-20,Webcam HD,Acessórios,Centro-Oeste,Goiânia,Diego Alves,E-commerce,Pessoa Física,2,258.21,0,516.42,263.92,252.5
PED-04054,2025-02-20,Monitor 27,Tecnologia,Sul,Curitiba,Gabriela Souza,Marketplace,Pessoa Física,2,1498.6,0.2,2397.76,2046.66,351.1
PED-04055,2025-05-19,Webcam HD,Acessórios,Nordeste,Fortaleza,Eduarda Rocha,E-commerce,Pequena Empresa,1,241.96,0.1,217.76,128.07,89.69
PED-04056,2025-06-13,Teclado Mecânico,Acessórios,Sudeste,São Paulo,Eduarda Rocha,Marketplace,Pequena Empresa,2,392.56,0,785.12,421.58,363.54
PED-04057,2025-10-30,Notebook Air 13,Tecnologia,Sul,Porto Alegre,Ana Lima,E-commerce,Pessoa Física,1,3541.96,0.15,3010.67,2780.7,229.97
PED-04058,2025-07-12,Teclado Mecânico,Acessórios,Nordeste,Recife,Gabriela Souza,E-commerce,Pessoa Física,1,395.39,0.05,375.62,211.74,163.88
PED-04059,2026-01-14,Teclado Mecânico,Acessórios,Sul,Curitiba,Gabriela Souza,E-commerce,Grande Empresa,2,402.37,0,804.74,438.08,366.66
PED-04060,2026-07-21,Notebook Air 13,Tecnologia,Sudeste,Rio de Janeiro,Diego Alves,Marketplace,Pequena Empresa,2,3517.06,0.1,6330.71,5600.26,730.45
PED-04061,2026-07-11,Monitor 27,Tecnologia,Nordeste,Recife,Felipe Martins,Loja Física,Pessoa Física,4,1552.93,0.1,5590.55,3919.76,1670.79
PED-04062,2025-10-12,Memória 16GB,Componentes,Sudeste,Campinas,Gabriela Souza,E-commerce,Pessoa Física,1,329.5,0,329.5,194.6,134.9
PED-04063,2025-12-28,Notebook Pro 14,Tecnologia,Nordeste,Salvador,Eduarda Rocha,E-commerce,Grande Empresa,8,4805.27,0.05,36520.05,29573.6,6946.45
PED-04064,2025-01-16,SSD 1TB,Componentes,Sul,Curitiba,Isabela Freitas,Loja Física,Pessoa Física,2,469.8,0.05,892.62,576.7,315.92
PED-04065,2025-09-02,Dock Station,Acessórios,Sul,Curitiba,Felipe Martins,Marketplace,Pessoa Física,1,558.38,0.15,474.62,319.53,155.09
PED-04066,2026-02-24,Mouse Wireless,Acessórios,Nordeste,Salvador,Isabela Freitas,Marketplace,Pessoa Física,4,180.26,0.1,648.94,339.32,309.62
PED-04067,2025-07-10,Dock Station,Acessórios,Nordeste,Fortaleza,Ana Lima,Venda Corporativa,Pessoa Física,1,540.96,0.05,513.91,304.12,209.79
PED-04068,2026-07-09,Monitor 24,Tecnologia,Nordeste,Salvador,Isabela Freitas,Venda Corporativa,Pessoa Física,1,901.91,0.05,856.81,610.9,245.91
PED-04069,2026-08-30,Monitor 27,Tecnologia,Nordeste,Salvador,João Ribeiro,Venda Corporativa,Pessoa Física,1,1505.4,0,1505.4,967.37,538.03
PED-04070,2026-04-15,Notebook Pro 14,Tecnologia,Sul,Porto Alegre,Eduarda Rocha,Venda Corporativa,Pequena Empresa,1,4760.43,0.1,4284.39,3688.52,595.87
PED-04071,2025-04-30,Teclado Mecânico,Acessórios,Sudeste,Campinas,Gabriela Souza,Loja Física,Pessoa Física,1,406.35,0,406.35,220.24,186.11
PED-04072,2026-01-17,Headset Pro,Acessórios,Sul,Florianópolis,Felipe Martins,Loja Física,Pessoa Física,1,336.1,0,336.1,170.29,165.81
PED-04073,2026-05-03,Monitor 24,Tecnologia,Sudeste,Belo Horizonte,Diego Alves,Loja Física,Pessoa Física,3,876.99,0.1,2367.87,1817.22,550.65
PED-04074,2025-02-11,Mouse Wireless,Acessórios,Sudeste,Belo Horizonte,Bruno Costa,Venda Corporativa,Pessoa Física,3,173.89,0,521.67,248.79,272.88
PED-04075,2026-06-15,SSD 500GB,Componentes,Nordeste,Salvador,João Ribeiro,Marketplace,Pessoa Física,4,293.3,0.05,1114.54,735.08,379.46
PED-04076,2025-02-04,Mouse Wireless,Acessórios,Nordeste,Fortaleza,Bruno Costa,Loja Física,Pessoa Física,1,175.96,0.1,158.36,81.72,76.64
PED-04077,2025-09-04,Webcam HD,Acessórios,Sudeste,Rio de Janeiro,Henrique Dias,E-commerce,Pessoa Física,1,258.88,0,258.88,125.18,133.7
PED-04078,2025-03-18,Monitor 24,Tecnologia,Sudeste,Campinas,Bruno Costa,Marketplace,Pequena Empresa,1,878.87,0,878.87,619.45,259.42
PED-04079,2026-04-18,Headset Pro,Acessórios,Centro-Oeste,Brasília,Ana Lima,Loja Física,Pessoa Física,2,336.41,0.15,571.9,352.7,219.2
PED-04080,2025-11-16,Notebook Air 13,Tecnologia,Sudeste,Belo Horizonte,Felipe Martins,Marketplace,Pessoa Física,1,3740.4,0.15,3179.34,2667.98,511.36
PED-04081,2025-04-11,Headset Pro,Acessórios,Sul,Porto Alegre,João Ribeiro,E-commerce,Pessoa Física,2,319.45,0.1,575.01,355.94,219.07
PED-04082,2026-06-20,SSD 1TB,Componentes,Sudeste,Rio de Janeiro,Ana Lima,E-commerce,Pessoa Física,1,477.21,0.05,453.35,288.29,165.06
PED-04083,2026-01-18,Headset Pro,Acessórios,Sudeste,São Paulo,Eduarda Rocha,Venda Corporativa,Pessoa Física,2,334.58,0.1,602.24,341.9,260.34
PED-04084,2026-02-16,Memória 16GB,Componentes,Sudeste,Rio de Janeiro,Gabriela Souza,E-commerce,Pessoa Física,3,330.41,0,991.23,583.41,407.82
PED-04085,2025-08-11,Headset Pro,Acessórios,Nordeste,Salvador,Eduarda Rocha,Loja Física,Pequena Empresa,2,340.11,0,680.22,353.42,326.8
PED-04086,2026-08-27,Memória 16GB,Componentes,Sudeste,São Paulo,Eduarda Rocha,E-commerce,Pequena Empresa,1,321.15,0.15,272.98,197.05,75.93
PED-04087,2025-10-11,SSD 1TB,Componentes,Sudeste,São Paulo,Gabriela Souza,E-commerce,Pessoa Física,2,451.58,0.1,812.84,600.54,212.3
PED-04088,2026-02-21,Dock Station,Acessórios,Nordeste,Salvador,Diego Alves,Venda Corporativa,Pessoa Física,1,556.96,0.1,501.26,321.37,179.89
PED-04089,2026-07-26,Notebook Air 13,Tecnologia,Sul,Porto Alegre,Felipe Martins,Venda Corporativa,Pequena Empresa,1,3625.79,0.1,3263.21,2662.28,600.93
PED-04090,2025-06-29,Notebook Air 13,Tecnologia,Sudeste,Campinas,Bruno Costa,Loja Física,Pequena Empresa,1,3721.26,0,3721.26,2745.63,975.63
PED-04091,2026-06-18,Webcam HD,Acessórios,Sudeste,Rio de Janeiro,Isabela Freitas,Loja Física,Pequena Empresa,1,257.45,0,257.45,129.53,127.92
PED-04092,2026-06-28,Dock Station,Acessórios,Sudeste,Belo Horizonte,Ana Lima,E-commerce,Pessoa Física,2,552.94,0,1105.88,636.64,469.24
PED-04093,2026-03-31,SSD 1TB,Componentes,Sul,Florianópolis,Isabela Freitas,E-commerce,Pequena Empresa,1,447.09,0.1,402.38,297.53,104.85
PED-04094,2025-06-08,Monitor 27,Tecnologia,Nordeste,Fortaleza,Isabela Freitas,E-commerce,Pessoa Física,1,1479.75,0.05,1405.76,1013.5,392.26
PED-04095,2026-08-28,Dock Station,Acessórios,Nordeste,Salvador,Carla Mendes,E-commerce,Pessoa Física,1,536.34,0.05,509.52,318.54,190.98
PED-04096,2025-12-15,Headset Pro,Acessórios,Nordeste,Fortaleza,Carla Mendes,E-commerce,Pessoa Física,3,319.81,0.05,911.46,527.13,384.33
PED-04097,2025-10-14,Headset Pro,Acessórios,Sul,Curitiba,Eduarda Rocha,Marketplace,Pessoa Física,1,319.15,0.15,271.28,171.11,100.17
PED-04098,2025-04-18,Monitor 27,Tecnologia,Sudeste,Rio de Janeiro,Gabriela Souza,E-commerce,Pessoa Física,1,1473.53,0,1473.53,1016.4,457.13
PED-04099,2026-07-12,SSD 500GB,Componentes,Centro-Oeste,Goiânia,Bruno Costa,Loja Física,Pessoa Física,4,289.62,0.1,1042.63,718.04,324.59
PED-04100,2026-03-02,Monitor 24,Tecnologia,Sul,Florianópolis,Felipe Martins,Loja Física,Pequena Empresa,2,908.66,0.05,1726.45,1191.64,534.81
PED-04101,2026-05-01,Teclado Mecânico,Acessórios,Sudeste,Campinas,João Ribeiro,Loja Física,Pequena Empresa,8,413.05,0.05,3139.18,1714.96,1424.22
PED-04102,2025-09-10,Webcam HD,Acessórios,Nordeste,Recife,Gabriela Souza,Marketplace,Média Empresa,2,247.5,0,495.0,254.94,240.06
PED-04103,2026-05-23,Dock Station,Acessórios,Sudeste,Rio de Janeiro,João Ribeiro,E-commerce,Pessoa Física,1,569.92,0,569.92,323.96,245.96
PED-04104,2026-06-10,Memória 16GB,Componentes,Sudeste,Belo Horizonte,Eduarda Rocha,Loja Física,Pessoa Física,1,329.23,0.1,296.31,192.22,104.09
PED-04105,2025-10-16,Monitor 27,Tecnologia,Sudeste,Belo Horizonte,Ana Lima,E-commerce,Média Empresa,2,1470.34,0.1,2646.61,2056.1,590.51
PED-04106,2026-06-14,Monitor 27,Tecnologia,Sul,Florianópolis,Isabela Freitas,Loja Física,Pessoa Física,2,1454.38,0,2908.76,1952.92,955.84
PED-04107,2026-02-25,Monitor 24,Tecnologia,Nordeste,Fortaleza,Eduarda Rocha,E-commerce,Média Empresa,2,932.25,0.1,1678.05,1181.52,496.53
PED-04108,2026-05-18,Teclado Mecânico,Acessórios,Sudeste,Rio de Janeiro,Gabriela Souza,Loja Física,Média Empresa,6,397.51,0.05,2265.81,1293.0,972.81
PED-04109,2025-05-04,Notebook Pro 14,Tecnologia,Sul,Curitiba,João Ribeiro,Marketplace,Pessoa Física,10,5042.82,0.15,42863.97,37676.8,5187.17
PED-04110,2025-07-31,SSD 1TB,Componentes,Nordeste,Fortaleza,Bruno Costa,E-commerce,Pequena Empresa,1,470.75,0.1,423.68,298.18,125.5
PED-04111,2025-07-05,Mouse Wireless,Acessórios,Centro-Oeste,Brasília,Gabriela Souza,E-commerce,Pessoa Física,1,178.37,0,178.37,84.0,94.37
PED-04112,2026-07-23,Notebook Air 13,Tecnologia,Centro-Oeste,Cuiabá,Henrique Dias,Marketplace,Pequena Empresa,4,3710.57,0.05,14100.17,10879.2,3220.97
PED-04113,2025-11-19,Webcam HD,Acessórios,Sudeste,Belo Horizonte,Bruno Costa,E-commerce,Pessoa Física,4,257.71,0.1,927.76,523.12,404.64
PED-04114,2026-02-22,SSD 500GB,Componentes,Centro-Oeste,Cuiabá,Felipe Martins,E-commerce,Pessoa Física,1,294.35,0,294.35,178.09,116.26
PED-04115,2026-01-19,Headset Pro,Acessórios,Sul,Florianópolis,João Ribeiro,E-commerce,Pessoa Física,1,339.77,0.1,305.79,177.36,128.43
PED-04116,2026-09-27,Webcam HD,Acessórios,Sudeste,Belo Horizonte,Felipe Martins,E-commerce,Pequena Empresa,2,255.04,0,510.08,250.14,259.94
PED-04117,2025-01-22,Mouse Wireless,Acessórios,Sudeste,Rio de Janeiro,Eduarda Rocha,Loja Física,Pequena Empresa,2,182.73,0.05,347.19,167.0,180.19
PED-04118,2025-04-29,Dock Station,Acessórios,Sudeste,Belo Horizonte,Isabela Freitas,Loja Física,Pessoa Física,1,548.63,0,548.63,308.64,239.99
PED-04119,2025-11-10,Dock Station,Acessórios,Sudeste,Belo Horizonte,Bruno Costa,E-commerce,Pequena Empresa,1,541.8,0.05,514.71,313.57,201.14
PED-04120,2025-02-27,Monitor 27,Tecnologia,Sudeste,Rio de Janeiro,Ana Lima,Loja Física,Pequena Empresa,1,1461.39,0.15,1242.18,971.6,270.58
PED-04121,2025-07-22,Teclado Mecânico,Acessórios,Centro-Oeste,Cuiabá,Felipe Martins,E-commerce,Pessoa Física,2,388.17,0,776.34,426.98,349.36
PED-04122,2026-02-15,Headset Pro,Acessórios,Nordeste,Fortaleza,Henrique Dias,E-commerce,Pessoa Física,2,328.78,0,657.56,345.86,311.7
PED-04123,2026-06-24,Monitor 24,Tecnologia,Sudeste,São Paulo,Felipe Martins,E-commerce,Pequena Empresa,1,902.59,0,902.59,598.16,304.43
PED-04124,2026-01-24,Webcam HD,Acessórios,Sul,Florianópolis,Diego Alves,Marketplace,Pequena Empresa,1,248.21,0.15,210.98,125.4,85.58
PED-04125,2025-03-23,SSD 1TB,Componentes,Sudeste,Belo Horizonte,Felipe Martins,Marketplace,Pequena Empresa,1,472.14,0,472.14,292.41,179.73
PED-04126,2025-09-28,SSD 500GB,Componentes,Sudeste,Rio de Janeiro,Isabela Freitas,Marketplace,Média Empresa,1,291.66,0,291.66,183.62,108.04
PED-04127,2025-05-22,Headset Pro,Acessórios,Nordeste,Recife,Gabriela Souza,Loja Física,Grande Empresa,1,330.34,0.05,313.82,176.76,137.06
PED-04128,2026-06-18,Headset Pro,Acessórios,Nordeste,Fortaleza,João Ribeiro,E-commerce,Média Empresa,2,328.89,0.05,624.89,348.68,276.21
PED-04129,2025-03-22,Teclado Mecânico,Acessórios,Sudeste,Rio de Janeiro,Felipe Martins,Loja Física,Pequena Empresa,5,388.51,0,1942.55,1074.7,867.85
PED-04130,2025-10-26,Teclado Mecânico,Acessórios,Sudeste,Rio de Janeiro,Henrique Dias,E-commerce,Pessoa Física,1,391.24,0,391.24,219.14,172.1
PED-04131,2025-03-07,Notebook Pro 14,Tecnologia,Sul,Porto Alegre,Henrique Dias,Marketplace,Pessoa Física,2,4908.53,0.15,8344.5,7654.86,689.64
PED-04132,2026-09-21,Monitor 24,Tecnologia,Sul,Porto Alegre,Gabriela Souza,Marketplace,Pessoa Física,2,931.22,0.2,1489.95,1158.96,330.99
PED-04133,2025-11-18,Headset Pro,Acessórios,Sul,Florianópolis,João Ribeiro,Marketplace,Pequena Empresa,1,327.7,0.1,294.93,173.5,121.43
PED-04134,2026-04-16,Notebook Pro 14,Tecnologia,Centro-Oeste,Goiânia,Felipe Martins,E-commerce,Pessoa Física,3,5039.42,0.05,14362.35,11191.38,3170.97
PED-04135,2025-06-27,Mouse Wireless,Acessórios,Sudeste,Campinas,João Ribeiro,Venda Corporativa,Grande Empresa,2,183.32,0.1,329.98,170.02,159.96
PED-04136,2025-09-08,Notebook Air 13,Tecnologia,Nordeste,Recife,Henrique Dias,E-commerce,Pessoa Física,2,3676.15,0.1,6617.07,5634.42,982.65
PED-04137,2026-02-26,Notebook Air 13,Tecnologia,Sudeste,Rio de Janeiro,Diego Alves,Marketplace,Pessoa Física,4,3493.64,0,13974.56,10773.36,3201.2
PED-04138,2026-02-24,Monitor 27,Tecnologia,Sudeste,Campinas,Eduarda Rocha,E-commerce,Pessoa Física,2,1483.08,0.1,2669.54,1987.54,682.0
PED-04139,2025-02-01,Mouse Wireless,Acessórios,Sudeste,Belo Horizonte,Eduarda Rocha,Venda Corporativa,Média Empresa,4,181.77,0.2,581.66,328.04,253.62
PED-04140,2025-05-16,Notebook Air 13,Tecnologia,Sul,Porto Alegre,Carla Mendes,E-commerce,Pessoa Física,1,3535.53,0,3535.53,2756.54,778.99
PED-04141,2025-09-13,Teclado Mecânico,Acessórios,Centro-Oeste,Brasília,Isabela Freitas,E-commerce,Pessoa Física,3,387.55,0,1162.65,643.2,519.45
PED-04142,2026-01-30,Mouse Wireless,Acessórios,Sudeste,Belo Horizonte,Gabriela Souza,Loja Física,Pequena Empresa,2,174.63,0,349.26,162.66,186.6
PED-04143,2025-08-12,Monitor 24,Tecnologia,Sudeste,Belo Horizonte,Carla Mendes,Marketplace,Pessoa Física,1,930.42,0.2,744.34,604.52,139.82
PED-04144,2025-12-01,Dock Station,Acessórios,Nordeste,Fortaleza,Carla Mendes,Loja Física,Pessoa Física,8,563.69,0,4509.52,2513.76,1995.76
PED-04145,2026-08-08,Memória 16GB,Componentes,Nordeste,Salvador,Diego Alves,E-commerce,Pessoa Física,6,329.63,0.05,1878.89,1124.7,754.19
PED-04146,2026-07-19,Teclado Mecânico,Acessórios,Sudeste,Belo Horizonte,Henrique Dias,E-commerce,Pessoa Física,2,405.7,0.1,730.26,426.68,303.58
PED-04147,2026-08-13,Memória 16GB,Componentes,Nordeste,Salvador,Gabriela Souza,E-commerce,Pessoa Física,1,323.64,0,323.64,199.72,123.92
PED-04148,2026-05-14,Monitor 24,Tecnologia,Sul,Florianópolis,Gabriela Souza,E-commerce,Pessoa Física,1,895.28,0.2,716.22,615.09,101.13
PED-04149,2026-01-06,Teclado Mecânico,Acessórios,Sudeste,São Paulo,Carla Mendes,Marketplace,Média Empresa,1,394.86,0.1,355.37,225.43,129.94
PED-04150,2026-04-11,SSD 500GB,Componentes,Sudeste,Belo Horizonte,Eduarda Rocha,Marketplace,Pessoa Física,2,290.71,0.1,523.28,353.18,170.1
PED-04151,2026-06-07,SSD 1TB,Componentes,Sudeste,Belo Horizonte,Diego Alves,Marketplace,Grande Empresa,1,453.65,0.1,408.28,289.84,118.44
PED-04152,2026-03-17,Monitor 27,Tecnologia,Nordeste,Fortaleza,Gabriela Souza,Marketplace,Pequena Empresa,2,1462.91,0.2,2340.66,2024.88,315.78
PED-04153,2026-06-03,Teclado Mecânico,Acessórios,Centro-Oeste,Goiânia,Felipe Martins,Marketplace,Pessoa Física,3,399.97,0.1,1079.92,644.43,435.49
PED-04154,2025-04-01,Dock Station,Acessórios,Centro-Oeste,Goiânia,Ana Lima,E-commerce,Média Empresa,5,542.54,0,2712.7,1601.25,1111.45
PED-04155,2025-11-19,Teclado Mecânico,Acessórios,Sudeste,Belo Horizonte,Bruno Costa,E-commerce,Pessoa Física,1,399.06,0.05,379.11,212.14,166.97
PED-04156,2025-12-24,SSD 1TB,Componentes,Sudeste,Campinas,Carla Mendes,E-commerce,Pequena Empresa,1,454.0,0,454.0,292.48,161.52
PED-04157,2026-09-03,Teclado Mecânico,Acessórios,Sudeste,Rio de Janeiro,Isabela Freitas,E-commerce,Pessoa Física,3,414.68,0,1244.04,667.29,576.75
PED-04158,2025-08-04,Notebook Air 13,Tecnologia,Sul,Curitiba,Henrique Dias,Loja Física,Pessoa Física,5,3538.63,0,17693.15,13304.6,4388.55
PED-04159,2025-02-08,Monitor 24,Tecnologia,Nordeste,Fortaleza,Diego Alves,Venda Corporativa,Pequena Empresa,1,873.61,0.05,829.93,591.86,238.07
PED-04160,2026-01-09,Memória 16GB,Componentes,Sudeste,Belo Horizonte,Gabriela Souza,Marketplace,Média Empresa,1,318.02,0.05,302.12,191.79,110.33
PED-04161,2026-03-30,Dock Station,Acessórios,Nordeste,Salvador,João Ribeiro,E-commerce,Pequena Empresa,1,554.76,0,554.76,311.42,243.34
PED-04162,2026-07-07,Dock Station,Acessórios,Sul,Porto Alegre,Isabela Freitas,Loja Física,Média Empresa,4,565.4,0.05,2148.52,1274.12,874.4
PED-04163,2026-08-03,Mouse Wireless,Acessórios,Sul,Florianópolis,Isabela Freitas,E-commerce,Pessoa Física,1,174.52,0.1,157.07,83.82,73.25
PED-04164,2026-03-19,Mouse Wireless,Acessórios,Sul,Florianópolis,Isabela Freitas,E-commerce,Pequena Empresa,3,184.06,0.1,496.96,254.07,242.89
PED-04165,2025-12-16,Headset Pro,Acessórios,Sudeste,Belo Horizonte,Gabriela Souza,Loja Física,Pessoa Física,1,321.42,0,321.42,173.98,147.44
PED-04166,2026-06-04,Webcam HD,Acessórios,Sudeste,Campinas,Felipe Martins,E-commerce,Pessoa Física,5,242.13,0.1,1089.59,632.45,457.14
PED-04167,2025-05-10,Notebook Pro 14,Tecnologia,Sudeste,São Paulo,Henrique Dias,Venda Corporativa,Pessoa Física,1,4841.09,0.05,4599.04,3713.17,885.87
PED-04168,2026-05-07,Webcam HD,Acessórios,Sudeste,Rio de Janeiro,Ana Lima,E-commerce,Pequena Empresa,1,246.22,0.15,209.29,129.5,79.79
PED-04169,2025-08-30,SSD 500GB,Componentes,Sudeste,Campinas,Bruno Costa,Venda Corporativa,Pequena Empresa,3,281.7,0,845.1,525.48,319.62
PED-04170,2025-07-20,Headset Pro,Acessórios,Sul,Curitiba,João Ribeiro,Marketplace,Pequena Empresa,3,333.64,0.05,950.87,536.07,414.8
PED-04171,2026-03-20,Notebook Air 13,Tecnologia,Centro-Oeste,Goiânia,Gabriela Souza,Marketplace,Pessoa Física,1,3665.96,0,3665.96,2697.51,968.45
PED-04172,2025-07-07,Webcam HD,Acessórios,Sudeste,Belo Horizonte,Carla Mendes,Venda Corporativa,Pequena Empresa,2,253.46,0,506.92,262.74,244.18
PED-04173,2025-07-17,Notebook Pro 14,Tecnologia,Sul,Curitiba,Gabriela Souza,E-commerce,Média Empresa,1,4806.33,0,4806.33,3722.31,1084.02
PED-04174,2025-02-17,Notebook Pro 14,Tecnologia,Nordeste,Recife,Eduarda Rocha,E-commerce,Pequena Empresa,5,4843.86,0.1,21797.37,19097.85,2699.52
PED-04175,2026-07-18,Headset Pro,Acessórios,Sudeste,Belo Horizonte,Carla Mendes,Loja Física,Pequena Empresa,1,324.02,0.05,307.82,177.77,130.05
PED-04176,2025-11-04,Headset Pro,Acessórios,Nordeste,Recife,Eduarda Rocha,Loja Física,Pessoa Física,1,329.03,0.05,312.58,179.06,133.52
PED-04177,2025-08-31,Webcam HD,Acessórios,Centro-Oeste,Cuiabá,Isabela Freitas,Venda Corporativa,Pessoa Física,1,242.22,0.05,230.11,127.53,102.58
PED-04178,2026-09-15,Notebook Pro 14,Tecnologia,Sul,Porto Alegre,Henrique Dias,Loja Física,Grande Empresa,2,4787.95,0,9575.9,7202.56,2373.34
PED-04179,2025-03-04,Memória 16GB,Componentes,Sudeste,Campinas,Eduarda Rocha,Loja Física,Média Empresa,2,323.49,0,646.98,386.52,260.46
PED-04180,2026-01-09,Webcam HD,Acessórios,Sul,Curitiba,Diego Alves,E-commerce,Pessoa Física,3,254.61,0.1,687.45,394.83,292.62
PED-04181,2026-05-16,SSD 1TB,Componentes,Centro-Oeste,Brasília,João Ribeiro,Marketplace,Pequena Empresa,2,469.08,0.05,891.25,610.82,280.43
PED-04182,2026-06-26,Teclado Mecânico,Acessórios,Sul,Porto Alegre,Felipe Martins,E-commerce,Pequena Empresa,2,410.47,0,820.94,427.22,393.72
PED-04183,2025-08-06,Notebook Pro 14,Tecnologia,Sudeste,Rio de Janeiro,Ana Lima,Marketplace,Média Empresa,1,5078.83,0,5078.83,3696.73,1382.1
PED-04184,2025-12-12,Teclado Mecânico,Acessórios,Sudeste,Rio de Janeiro,João Ribeiro,Loja Física,Pessoa Física,3,392.92,0.15,1001.95,638.4,363.55
PED-04185,2025-03-24,Notebook Air 13,Tecnologia,Sudeste,Rio de Janeiro,Diego Alves,E-commerce,Média Empresa,1,3610.62,0,3610.62,2837.5,773.12
PED-04186,2026-02-02,Monitor 24,Tecnologia,Nordeste,Salvador,Isabela Freitas,Marketplace,Pessoa Física,6,906.85,0.15,4624.94,3710.4,914.54
PED-04187,2025-01-14,Dock Station,Acessórios,Centro-Oeste,Cuiabá,Gabriela Souza,Venda Corporativa,Pessoa Física,1,533.33,0,533.33,310.41,222.92
PED-04188,2025-08-26,Notebook Pro 14,Tecnologia,Sudeste,Belo Horizonte,Henrique Dias,Venda Corporativa,Pessoa Física,1,4992.89,0.05,4743.25,3708.97,1034.28
PED-04189,2025-01-01,SSD 1TB,Componentes,Sul,Curitiba,Henrique Dias,Venda Corporativa,Média Empresa,8,449.36,0.15,3055.65,2343.84,711.81
PED-04190,2026-03-05,Webcam HD,Acessórios,Sudeste,Campinas,Bruno Costa,E-commerce,Pessoa Física,1,248.68,0.05,236.25,129.17,107.08
PED-04191,2025-10-08,Headset Pro,Acessórios,Centro-Oeste,Goiânia,Bruno Costa,E-commerce,Média Empresa,1,326.29,0.05,309.98,174.15,135.83
PED-04192,2025-12-10,Monitor 24,Tecnologia,Sul,Porto Alegre,Carla Mendes,E-commerce,Pessoa Física,2,908.71,0,1817.42,1203.46,613.96
PED-04193,2026-05-19,Memória 16GB,Componentes,Sul,Curitiba,João Ribeiro,E-commerce,Pessoa Física,5,325.62,0,1628.1,1001.0,627.1
PED-04194,2025-09-13,SSD 500GB,Componentes,Sul,Curitiba,Bruno Costa,E-commerce,Pequena Empresa,5,293.41,0,1467.05,876.05,591.0
PED-04195,2026-03-27,SSD 500GB,Componentes,Nordeste,Recife,Bruno Costa,Loja Física,Grande Empresa,3,284.83,0.1,769.04,531.69,237.35
PED-04196,2025-11-11,Webcam HD,Acessórios,Centro-Oeste,Brasília,Felipe Martins,Marketplace,Pessoa Física,3,258.34,0,775.02,386.55,388.47
PED-04197,2025-12-19,SSD 500GB,Componentes,Nordeste,Salvador,Diego Alves,Marketplace,Pessoa Física,1,299.02,0.05,284.07,186.75,97.32
PED-04198,2026-08-17,SSD 500GB,Componentes,Centro-Oeste,Brasília,Gabriela Souza,E-commerce,Pequena Empresa,2,294.4,0,588.8,359.06,229.74
PED-04199,2025-02-24,SSD 500GB,Componentes,Nordeste,Salvador,Ana Lima,Venda Corporativa,Pessoa Física,1,293.26,0.15,249.27,177.12,72.15
PED-04200,2025-07-24,Teclado Mecânico,Acessórios,Nordeste,Salvador,Gabriela Souza,E-commerce,Pessoa Física,1,401.62,0.2,321.3,217.37,103.93
PED-04201,2025-09-12,Teclado Mecânico,Acessórios,Sul,Porto Alegre,Eduarda Rocha,E-commerce,Pessoa Física,2,402.02,0,804.04,443.84,360.2
PED-04202,2025-09-05,Notebook Pro 14,Tecnologia,Sul,Porto Alegre,Henrique Dias,E-commerce,Pequena Empresa,1,4833.05,0.05,4591.4,3654.12,937.28
PED-04203,2026-05-10,Notebook Pro 14,Tecnologia,Sul,Florianópolis,Carla Mendes,Loja Física,Pessoa Física,2,4995.36,0,9990.72,7174.7,2816.02
PED-04204,2025-11-16,Mouse Wireless,Acessórios,Sudeste,Rio de Janeiro,Gabriela Souza,E-commerce,Pessoa Física,1,185.22,0,185.22,82.3,102.92
PED-04205,2025-04-09,Monitor 27,Tecnologia,Sul,Florianópolis,Henrique Dias,E-commerce,Pessoa Física,1,1464.97,0,1464.97,990.74,474.23
PED-04206,2025-09-16,Teclado Mecânico,Acessórios,Centro-Oeste,Goiânia,Gabriela Souza,E-commerce,Pessoa Física,3,410.63,0,1231.89,650.22,581.67
PED-04207,2025-12-06,Notebook Air 13,Tecnologia,Sudeste,Rio de Janeiro,Bruno Costa,Loja Física,Pessoa Física,1,3656.56,0,3656.56,2775.12,881.44
PED-04208,2025-11-01,Mouse Wireless,Acessórios,Sudeste,Campinas,Ana Lima,Marketplace,Média Empresa,1,183.72,0,183.72,82.88,100.84
PED-04209,2025-12-07,Memória 16GB,Componentes,Sul,Curitiba,Henrique Dias,Loja Física,Pessoa Física,2,314.47,0,628.94,392.18,236.76
PED-04210,2025-05-02,Monitor 27,Tecnologia,Sudeste,São Paulo,Henrique Dias,Loja Física,Pessoa Física,1,1472.55,0,1472.55,1023.33,449.22
PED-04211,2025-05-11,Teclado Mecânico,Acessórios,Sudeste,Belo Horizonte,Isabela Freitas,Loja Física,Pessoa Física,1,397.21,0,397.21,214.44,182.77
PED-04212,2025-04-21,Webcam HD,Acessórios,Sudeste,Belo Horizonte,Eduarda Rocha,Loja Física,Média Empresa,1,251.62,0.1,226.46,124.44,102.02
PED-04213,2025-04-13,Teclado Mecânico,Acessórios,Sul,Porto Alegre,Diego Alves,Loja Física,Pequena Empresa,5,410.16,0.05,1948.26,1091.6,856.66
PED-04214,2025-08-29,Mouse Wireless,Acessórios,Sul,Porto Alegre,Isabela Freitas,Venda Corporativa,Pequena Empresa,3,179.58,0,538.74,243.42,295.32
PED-04215,2026-03-30,Webcam HD,Acessórios,Nordeste,Recife,Gabriela Souza,Loja Física,Grande Empresa,1,241.61,0.15,205.37,128.69,76.68
PED-04216,2026-04-07,Teclado Mecânico,Acessórios,Sudeste,Belo Horizonte,Ana Lima,Venda Corporativa,Pessoa Física,1,414.14,0.1,372.73,222.09,150.64
PED-04217,2026-09-02,Memória 16GB,Componentes,Sudeste,São Paulo,Gabriela Souza,E-commerce,Pessoa Física,2,321.84,0.05,611.5,382.26,229.24
PED-04218,2025-06-08,Memória 16GB,Componentes,Sul,Porto Alegre,Gabriela Souza,E-commerce,Pessoa Física,2,319.54,0,639.08,377.82,261.26
PED-04219,2025-01-15,Monitor 27,Tecnologia,Sudeste,Campinas,Felipe Martins,Loja Física,Grande Empresa,1,1454.89,0,1454.89,1000.16,454.73
PED-04220,2025-01-27,SSD 500GB,Componentes,Centro-Oeste,Cuiabá,Isabela Freitas,Loja Física,Pessoa Física,1,299.1,0,299.1,180.12,118.98
PED-04221,2025-06-07,Dock Station,Acessórios,Centro-Oeste,Cuiabá,Henrique Dias,Loja Física,Pequena Empresa,3,534.49,0.05,1523.3,960.6,562.7
PED-04222,2025-07-15,Notebook Pro 14,Tecnologia,Sudeste,São Paulo,Isabela Freitas,E-commerce,Pequena Empresa,2,4809.06,0,9618.12,7600.16,2017.96
PED-04223,2026-08-28,Webcam HD,Acessórios,Sudeste,Campinas,Carla Mendes,E-commerce,Pessoa Física,1,242.71,0.2,194.17,128.58,65.59
PED-04224,2026-07-29,Notebook Pro 14,Tecnologia,Sudeste,Rio de Janeiro,Henrique Dias,Marketplace,Pequena Empresa,1,4955.85,0.1,4460.27,3793.89,666.38
PED-04225,2025-06-08,SSD 500GB,Componentes,Sul,Curitiba,Felipe Martins,Loja Física,Média Empresa,1,298.17,0,298.17,176.93,121.24
PED-04226,2026-08-20,SSD 500GB,Componentes,Nordeste,Recife,Eduarda Rocha,Loja Física,Pessoa Física,1,295.93,0.05,281.13,183.74,97.39
PED-04227,2025-09-03,Mouse Wireless,Acessórios,Sudeste,Belo Horizonte,Henrique Dias,Marketplace,Pessoa Física,2,178.64,0,357.28,163.2,194.08
PED-04228,2026-06-13,SSD 1TB,Componentes,Sudeste,Campinas,Bruno Costa,Marketplace,Pessoa Física,1,460.92,0.15,391.78,290.41,101.37
PED-04229,2025-06-03,SSD 1TB,Componentes,Sudeste,Belo Horizonte,João Ribeiro,Loja Física,Pequena Empresa,10,472.81,0.15,4018.89,3052.7,966.19
PED-04230,2025-11-01,Notebook Air 13,Tecnologia,Sudeste,Belo Horizonte,Carla Mendes,Marketplace,Pessoa Física,2,3646.0,0.15,6198.2,5588.78,609.42
PED-04231,2025-04-09,Teclado Mecânico,Acessórios,Sudeste,Belo Horizonte,Isabela Freitas,E-commerce,Pessoa Física,8,400.25,0.2,2561.6,1705.04,856.56
PED-04232,2025-10-14,Mouse Wireless,Acessórios,Nordeste,Recife,Isabela Freitas,Marketplace,Pessoa Física,1,180.85,0.15,153.72,81.36,72.36
PED-04233,2025-07-08,Dock Station,Acessórios,Centro-Oeste,Cuiabá,Gabriela Souza,E-commerce,Pessoa Física,1,557.77,0.15,474.1,325.22,148.88
PED-04234,2025-02-27,Dock Station,Acessórios,Sul,Curitiba,Felipe Martins,Loja Física,Pessoa Física,2,565.74,0.05,1074.91,649.46,425.45
PED-04235,2025-11-26,Webcam HD,Acessórios,Sudeste,Rio de Janeiro,João Ribeiro,E-commerce,Pessoa Física,4,248.04,0.1,892.94,516.36,376.58
PED-04236,2026-05-28,Notebook Pro 14,Tecnologia,Nordeste,Fortaleza,Eduarda Rocha,Loja Física,Pequena Empresa,1,4990.22,0,4990.22,3720.62,1269.6
PED-04237,2025-05-11,Monitor 24,Tecnologia,Sudeste,Rio de Janeiro,Eduarda Rocha,Marketplace,Pessoa Física,3,921.41,0.1,2487.81,1818.66,669.15
PED-04238,2025-01-05,Monitor 27,Tecnologia,Centro-Oeste,Goiânia,Bruno Costa,Loja Física,Pessoa Física,5,1468.61,0.05,6975.9,5040.2,1935.7
PED-04239,2026-03-12,Notebook Pro 14,Tecnologia,Sul,Porto Alegre,Henrique Dias,Marketplace,Média Empresa,4,4918.14,0.05,18688.93,14776.16,3912.77
PED-04240,2025-09-06,Notebook Pro 14,Tecnologia,Centro-Oeste,Cuiabá,Diego Alves,E-commerce,Pessoa Física,2,4963.95,0,9927.9,7592.78,2335.12
PED-04241,2025-02-28,Notebook Pro 14,Tecnologia,Nordeste,Recife,Diego Alves,E-commerce,Pessoa Física,2,4925.17,0.1,8865.31,7573.0,1292.31
PED-04242,2025-05-18,Notebook Pro 14,Tecnologia,Sul,Curitiba,Diego Alves,E-commerce,Pequena Empresa,2,4908.64,0.15,8344.69,7263.76,1080.93
PED-04243,2026-03-20,Dock Station,Acessórios,Nordeste,Salvador,Isabela Freitas,Marketplace,Pessoa Física,8,546.26,0,4370.08,2454.48,1915.6
PED-04244,2026-06-06,Headset Pro,Acessórios,Sul,Porto Alegre,Isabela Freitas,E-commerce,Pequena Empresa,2,341.83,0.05,649.48,347.16,302.32
PED-04245,2026-06-22,Monitor 27,Tecnologia,Sul,Porto Alegre,Isabela Freitas,Loja Física,Pessoa Física,1,1491.0,0,1491.0,988.2,502.8
PED-04246,2025-09-29,Mouse Wireless,Acessórios,Nordeste,Salvador,Eduarda Rocha,Loja Física,Pessoa Física,1,181.48,0,181.48,83.28,98.2
PED-04247,2025-10-22,Webcam HD,Acessórios,Sudeste,São Paulo,Eduarda Rocha,E-commerce,Pessoa Física,3,244.94,0,734.82,371.52,363.3
PED-04248,2026-09-10,Mouse Wireless,Acessórios,Sul,Curitiba,Isabela Freitas,E-commerce,Pessoa Física,1,179.15,0.05,170.19,85.38,84.81
PED-04249,2026-09-24,Mouse Wireless,Acessórios,Sudeste,Belo Horizonte,Carla Mendes,E-commerce,Pessoa Física,1,184.71,0,184.71,84.08,100.63
PED-04250,2025-10-23,Notebook Air 13,Tecnologia,Sul,Florianópolis,Henrique Dias,Marketplace,Média Empresa,3,3492.49,0,10477.47,8028.84,2448.63
PED-04251,2026-01-22,Webcam HD,Acessórios,Nordeste,Recife,Eduarda Rocha,Venda Corporativa,Pessoa Física,1,252.4,0,252.4,123.5,128.9
PED-04252,2026-08-31,Dock Station,Acessórios,Sudeste,Rio de Janeiro,Henrique Dias,E-commerce,Pessoa Física,3,542.96,0.05,1547.44,927.87,619.57
PED-04253,2026-09-11,Monitor 24,Tecnologia,Centro-Oeste,Goiânia,Henrique Dias,E-commerce,Grande Empresa,2,903.85,0,1807.7,1163.14,644.56
PED-04254,2025-04-03,Memória 16GB,Componentes,Centro-Oeste,Cuiabá,Henrique Dias,Marketplace,Pessoa Física,8,324.48,0,2595.84,1555.2,1040.64
PED-04255,2025-07-13,Notebook Air 13,Tecnologia,Nordeste,Recife,Felipe Martins,E-commerce,Pessoa Física,3,3676.46,0.15,9374.97,8331.72,1043.25
PED-04256,2025-01-29,Mouse Wireless,Acessórios,Sudeste,São Paulo,Carla Mendes,Venda Corporativa,Pessoa Física,1,177.38,0.15,150.77,81.16,69.61
PED-04257,2026-06-29,Teclado Mecânico,Acessórios,Centro-Oeste,Cuiabá,Felipe Martins,Loja Física,Grande Empresa,2,397.49,0.05,755.23,447.62,307.61
PED-04258,2025-04-07,SSD 500GB,Componentes,Sudeste,São Paulo,Diego Alves,E-commerce,Pessoa Física,2,296.14,0,592.28,366.2,226.08
PED-04259,2025-09-05,Mouse Wireless,Acessórios,Sul,Porto Alegre,Bruno Costa,E-commerce,Pessoa Física,3,180.94,0,542.82,244.05,298.77
PED-04260,2025-06-30,Mouse Wireless,Acessórios,Nordeste,Salvador,Carla Mendes,E-commerce,Pessoa Física,2,183.23,0.15,311.49,172.12,139.37
PED-04261,2026-04-22,Teclado Mecânico,Acessórios,Nordeste,Recife,Bruno Costa,Venda Corporativa,Pessoa Física,1,392.65,0.1,353.38,218.16,135.22
PED-04262,2025-02-26,Monitor 27,Tecnologia,Sudeste,Campinas,Eduarda Rocha,Loja Física,Grande Empresa,1,1458.7,0.1,1312.83,986.49,326.34
PED-04263,2026-05-12,Headset Pro,Acessórios,Sudeste,Belo Horizonte,Eduarda Rocha,E-commerce,Pessoa Física,2,342.15,0,684.3,356.38,327.92
PED-04264,2026-01-20,Monitor 24,Tecnologia,Sudeste,Belo Horizonte,Gabriela Souza,E-commerce,Pequena Empresa,3,906.47,0.05,2583.44,1851.39,732.05
PED-04265,2025-02-08,Monitor 27,Tecnologia,Sudeste,São Paulo,Felipe Martins,Marketplace,Média Empresa,1,1530.37,0.1,1377.33,1025.37,351.96
PED-04266,2025-04-08,Webcam HD,Acessórios,Sudeste,Rio de Janeiro,Gabriela Souza,Venda Corporativa,Pessoa Física,1,253.02,0.1,227.72,128.21,99.51
PED-04267,2025-06-23,Headset Pro,Acessórios,Sudeste,Rio de Janeiro,Diego Alves,E-commerce,Pequena Empresa,1,319.95,0,319.95,171.41,148.54
PED-04268,2026-01-04,Monitor 24,Tecnologia,Sudeste,Campinas,Bruno Costa,Venda Corporativa,Grande Empresa,2,895.04,0,1790.08,1200.24,589.84
PED-04269,2026-09-11,Monitor 27,Tecnologia,Sudeste,Rio de Janeiro,Diego Alves,E-commerce,Pessoa Física,1,1513.04,0,1513.04,1022.32,490.72
PED-04270,2025-08-19,Monitor 24,Tecnologia,Sudeste,Belo Horizonte,Gabriela Souza,E-commerce,Pessoa Física,2,881.71,0.05,1675.25,1177.92,497.33
PED-04271,2025-08-03,SSD 1TB,Componentes,Sul,Porto Alegre,Eduarda Rocha,Loja Física,Pessoa Física,2,456.32,0,912.64,587.02,325.62
PED-04272,2025-08-02,Monitor 24,Tecnologia,Centro-Oeste,Brasília,Henrique Dias,Loja Física,Pequena Empresa,1,872.09,0.05,828.49,606.03,222.46
PED-04273,2025-01-11,Teclado Mecânico,Acessórios,Sudeste,Belo Horizonte,Ana Lima,E-commerce,Média Empresa,1,410.46,0.05,389.94,215.92,174.02
PED-04274,2025-11-27,Dock Station,Acessórios,Sul,Florianópolis,Ana Lima,Loja Física,Pessoa Física,6,551.62,0.15,2813.26,1925.52,887.74
PED-04275,2025-05-17,Monitor 27,Tecnologia,Sudeste,Belo Horizonte,Carla Mendes,E-commerce,Pessoa Física,1,1460.75,0,1460.75,967.61,493.14
PED-04276,2025-02-08,Headset Pro,Acessórios,Nordeste,Recife,Bruno Costa,Marketplace,Pessoa Física,3,320.94,0,962.82,526.86,435.96
PED-04277,2025-04-04,Teclado Mecânico,Acessórios,Centro-Oeste,Brasília,Ana Lima,Venda Corporativa,Pessoa Física,2,391.06,0,782.12,426.14,355.98
PED-04278,2026-02-26,SSD 500GB,Componentes,Nordeste,Salvador,Eduarda Rocha,E-commerce,Pequena Empresa,3,286.36,0.15,730.22,528.75,201.47
PED-04279,2026-09-01,Monitor 27,Tecnologia,Sudeste,Rio de Janeiro,Ana Lima,E-commerce,Pequena Empresa,4,1456.89,0,5827.56,3893.92,1933.64
PED-04280,2026-04-04,Dock Station,Acessórios,Centro-Oeste,Brasília,Isabela Freitas,Marketplace,Pessoa Física,3,557.15,0,1671.45,965.82,705.63
PED-04281,2026-08-04,Notebook Air 13,Tecnologia,Nordeste,Salvador,Felipe Martins,E-commerce,Pessoa Física,1,3651.31,0.05,3468.74,2747.75,720.99
PED-04282,2026-02-25,Monitor 27,Tecnologia,Sul,Florianópolis,Isabela Freitas,E-commerce,Pequena Empresa,4,1548.43,0,6193.72,3989.04,2204.68
PED-04283,2026-09-03,Webcam HD,Acessórios,Sudeste,Belo Horizonte,Diego Alves,E-commerce,Média Empresa,1,252.72,0,252.72,123.83,128.89
PED-04284,2025-02-25,Headset Pro,Acessórios,Sudeste,Rio de Janeiro,Gabriela Souza,E-commerce,Pessoa Física,1,341.46,0,341.46,172.64,168.82
PED-04285,2025-06-17,Headset Pro,Acessórios,Sudeste,Rio de Janeiro,Gabriela Souza,E-commerce,Pessoa Física,1,331.69,0.05,315.11,173.21,141.9
PED-04286,2026-04-07,Webcam HD,Acessórios,Sudeste,Rio de Janeiro,Eduarda Rocha,E-commerce,Pessoa Física,1,251.88,0.05,239.29,124.94,114.35
PED-04287,2025-06-14,Dock Station,Acessórios,Nordeste,Salvador,Isabela Freitas,Marketplace,Pessoa Física,2,539.32,0.15,916.84,614.68,302.16
PED-04288,2025-12-12,SSD 1TB,Componentes,Centro-Oeste,Goiânia,Carla Mendes,Loja Física,Pessoa Física,2,474.77,0.1,854.59,605.76,248.83
PED-04289,2025-02-13,Memória 16GB,Componentes,Nordeste,Recife,Eduarda Rocha,E-commerce,Pessoa Física,6,331.48,0,1988.88,1143.24,845.64
PED-04290,2026-01-14,Headset Pro,Acessórios,Sudeste,São Paulo,Isabela Freitas,Marketplace,Pequena Empresa,1,339.97,0.1,305.97,175.93,130.04
PED-04291,2025-12-23,Notebook Pro 14,Tecnologia,Sudeste,Rio de Janeiro,João Ribeiro,Marketplace,Pessoa Física,8,4872.88,0,38983.04,29018.16,9964.88
PED-04292,2025-12-17,Dock Station,Acessórios,Nordeste,Fortaleza,Diego Alves,E-commerce,Pessoa Física,2,546.57,0.15,929.17,634.68,294.49
PED-04293,2026-09-17,Notebook Pro 14,Tecnologia,Sudeste,São Paulo,João Ribeiro,Loja Física,Pessoa Física,2,4870.53,0,9741.06,7413.98,2327.08
PED-04294,2025-07-09,Mouse Wireless,Acessórios,Nordeste,Recife,Carla Mendes,E-commerce,Pequena Empresa,3,179.67,0,539.01,250.71,288.3
PED-04295,2025-03-13,Dock Station,Acessórios,Sudeste,Belo Horizonte,Isabela Freitas,Marketplace,Pessoa Física,2,556.74,0.05,1057.81,622.8,435.01
PED-04296,2026-09-27,Notebook Air 13,Tecnologia,Sudeste,Rio de Janeiro,Felipe Martins,Venda Corporativa,Pessoa Física,1,3685.3,0.05,3501.03,2764.19,736.84
PED-04297,2025-05-23,Webcam HD,Acessórios,Nordeste,Fortaleza,Ana Lima,Marketplace,Pessoa Física,1,255.52,0.1,229.97,129.08,100.89
PED-04298,2025-09-28,SSD 500GB,Componentes,Sudeste,São Paulo,Ana Lima,Venda Corporativa,Média Empresa,1,293.55,0.05,278.87,186.63,92.24
PED-04299,2025-05-27,Headset Pro,Acessórios,Sul,Porto Alegre,Gabriela Souza,Venda Corporativa,Pessoa Física,4,338.19,0.15,1149.85,715.8,434.05
PED-04300,2025-11-17,SSD 1TB,Componentes,Sudeste,Campinas,Ana Lima,E-commerce,Pessoa Física,1,472.3,0.15,401.45,292.8,108.65
PED-04301,2025-07-23,Memória 16GB,Componentes,Sudeste,Campinas,Felipe Martins,E-commerce,Pequena Empresa,1,323.59,0.2,258.87,191.12,67.75
PED-04302,2025-08-14,Teclado Mecânico,Acessórios,Centro-Oeste,Cuiabá,Diego Alves,Loja Física,Pessoa Física,5,392.34,0.1,1765.53,1062.5,703.03
PED-04303,2026-09-16,Notebook Air 13,Tecnologia,Sudeste,Campinas,Isabela Freitas,E-commerce,Média Empresa,2,3583.02,0.15,6091.13,5587.28,503.85
PED-04304,2025-03-21,Memória 16GB,Componentes,Centro-Oeste,Brasília,Felipe Martins,E-commerce,Média Empresa,2,315.72,0.05,599.87,389.04,210.83
PED-04305,2025-03-05,Headset Pro,Acessórios,Sudeste,Campinas,Eduarda Rocha,E-commerce,Pessoa Física,2,319.98,0.15,543.97,358.68,185.29
PED-04306,2025-01-31,Webcam HD,Acessórios,Sul,Florianópolis,Ana Lima,Marketplace,Pequena Empresa,1,256.16,0,256.16,126.04,130.12
PED-04307,2025-01-10,Mouse Wireless,Acessórios,Sudeste,Belo Horizonte,Carla Mendes,E-commerce,Pequena Empresa,2,181.81,0.1,327.26,161.02,166.24
PED-04308,2025-09-20,SSD 1TB,Componentes,Sudeste,São Paulo,Ana Lima,Loja Física,Pequena Empresa,3,471.11,0.1,1272.0,914.73,357.27
PED-04309,2025-06-27,Notebook Pro 14,Tecnologia,Sudeste,Rio de Janeiro,Ana Lima,Marketplace,Pessoa Física,1,4796.64,0,4796.64,3592.07,1204.57
PED-04310,2025-02-11,SSD 500GB,Componentes,Nordeste,Fortaleza,Diego Alves,E-commerce,Média Empresa,1,282.11,0,282.11,183.51,98.6
PED-04311,2026-06-10,Webcam HD,Acessórios,Sul,Curitiba,Gabriela Souza,Loja Física,Pequena Empresa,2,252.82,0.1,455.08,251.68,203.4
PED-04312,2025-09-29,Dock Station,Acessórios,Sudeste,São Paulo,Felipe Martins,Loja Física,Pessoa Física,1,568.32,0.1,511.49,314.09,197.4
PED-04313,2025-06-09,Notebook Air 13,Tecnologia,Sudeste,Rio de Janeiro,Isabela Freitas,E-commerce,Pessoa Física,1,3719.58,0,3719.58,2738.21,981.37
PED-04314,2026-04-28,Notebook Air 13,Tecnologia,Sudeste,Belo Horizonte,João Ribeiro,E-commerce,Pessoa Física,2,3597.31,0.1,6475.16,5435.14,1040.02
PED-04315,2025-09-18,Memória 16GB,Componentes,Centro-Oeste,Brasília,Felipe Martins,E-commerce,Pessoa Física,3,320.58,0.05,913.65,564.51,349.14
PED-04316,2025-05-30,Notebook Pro 14,Tecnologia,Sudeste,Belo Horizonte,Ana Lima,Loja Física,Grande Empresa,1,4812.66,0.1,4331.39,3813.7,517.69
PED-04317,2026-07-16,Dock Station,Acessórios,Sudeste,São Paulo,João Ribeiro,Loja Física,Pequena Empresa,1,563.76,0.15,479.2,312.64,166.56
PED-04318,2025-04-12,SSD 500GB,Componentes,Sudeste,Rio de Janeiro,Bruno Costa,Marketplace,Pequena Empresa,1,297.27,0.1,267.54,184.07,83.47
PED-04319,2025-01-27,SSD 1TB,Componentes,Sul,Florianópolis,Bruno Costa,E-commerce,Pequena Empresa,2,448.78,0.15,762.93,604.66,158.27
PED-04320,2025-05-19,SSD 500GB,Componentes,Nordeste,Fortaleza,Carla Mendes,Loja Física,Pessoa Física,5,287.12,0.1,1292.04,909.05,382.99
PED-04321,2025-09-21,SSD 1TB,Componentes,Sudeste,Belo Horizonte,Eduarda Rocha,Loja Física,Pessoa Física,1,458.25,0,458.25,291.49,166.76
PED-04322,2025-06-27,Webcam HD,Acessórios,Sudeste,Campinas,João Ribeiro,Venda Corporativa,Média Empresa,5,256.85,0.05,1220.04,619.05,600.99
PED-04323,2025-03-13,Monitor 27,Tecnologia,Sul,Florianópolis,Carla Mendes,Marketplace,Pessoa Física,4,1531.25,0,6125.0,3976.8,2148.2
PED-04324,2026-05-25,SSD 1TB,Componentes,Sul,Florianópolis,Gabriela Souza,Loja Física,Pessoa Física,1,467.44,0,467.44,288.91,178.53
PED-04325,2025-02-25,Dock Station,Acessórios,Sul,Curitiba,Felipe Martins,E-commerce,Pequena Empresa,5,561.81,0,2809.05,1626.8,1182.25
PED-04326,2026-04-11,SSD 1TB,Componentes,Sudeste,Rio de Janeiro,Diego Alves,Marketplace,Pessoa Física,4,450.5,0.05,1711.9,1151.36,560.54
PED-04327,2025-06-04,SSD 1TB,Componentes,Nordeste,Recife,Bruno Costa,Marketplace,Pessoa Física,4,473.56,0.05,1799.53,1190.6,608.93
PED-04328,2026-03-05,SSD 1TB,Componentes,Sudeste,São Paulo,Bruno Costa,Venda Corporativa,Pessoa Física,1,465.3,0.1,418.77,301.33,117.44
PED-04329,2025-07-04,SSD 500GB,Componentes,Sul,Porto Alegre,Gabriela Souza,Venda Corporativa,Pessoa Física,2,288.77,0.1,519.79,371.0,148.79
PED-04330,2025-07-31,Monitor 24,Tecnologia,Nordeste,Fortaleza,Felipe Martins,E-commerce,Pessoa Física,2,898.98,0.2,1438.37,1221.82,216.55
PED-04331,2025-12-15,Mouse Wireless,Acessórios,Sudeste,São Paulo,Ana Lima,E-commerce,Média Empresa,3,176.36,0,529.08,248.25,280.83
PED-04332,2026-09-29,Monitor 27,Tecnologia,Sudeste,São Paulo,Felipe Martins,Venda Corporativa,Grande Empresa,5,1486.73,0.15,6318.6,4828.7,1489.9
PED-04333,2026-08-11,Memória 16GB,Componentes,Sudeste,São Paulo,Carla Mendes,E-commerce,Pessoa Física,2,325.04,0,650.08,390.3,259.78
PED-04334,2026-08-22,SSD 1TB,Componentes,Centro-Oeste,Goiânia,Gabriela Souza,E-commerce,Pessoa Física,3,474.09,0,1422.27,877.53,544.74
PED-04335,2026-07-04,Monitor 24,Tecnologia,Sudeste,Belo Horizonte,João Ribeiro,E-commerce,Pessoa Física,6,889.59,0.05,5070.66,3675.72,1394.94
PED-04336,2025-04-06,Notebook Air 13,Tecnologia,Nordeste,Recife,Henrique Dias,E-commerce,Pessoa Física,3,3501.27,0.1,9453.43,8074.56,1378.87
PED-04337,2026-05-21,Mouse Wireless,Acessórios,Sul,Curitiba,Bruno Costa,E-commerce,Pessoa Física,3,175.29,0.1,473.28,244.14,229.14
PED-04338,2025-11-26,Notebook Pro 14,Tecnologia,Nordeste,Salvador,Isabela Freitas,E-commerce,Média Empresa,6,4897.6,0,29385.6,21908.34,7477.26
PED-04339,2026-03-16,Webcam HD,Acessórios,Nordeste,Recife,Henrique Dias,Venda Corporativa,Média Empresa,4,242.84,0,971.36,505.04,466.32
PED-04340,2025-09-22,SSD 500GB,Componentes,Nordeste,Recife,Eduarda Rocha,E-commerce,Média Empresa,2,283.78,0.05,539.18,360.3,178.88
PED-04341,2025-02-15,Memória 16GB,Componentes,Sudeste,Campinas,Isabela Freitas,E-commerce,Pessoa Física,1,327.34,0.1,294.61,187.25,107.36
PED-04342,2025-06-05,Monitor 24,Tecnologia,Sudeste,São Paulo,Gabriela Souza,E-commerce,Pequena Empresa,1,902.81,0.05,857.67,599.69,257.98
PED-04343,2025-12-29,Notebook Air 13,Tecnologia,Centro-Oeste,Goiânia,Bruno Costa,Loja Física,Pessoa Física,2,3716.71,0,7433.42,5329.8,2103.62
PED-04344,2025-08-17,SSD 1TB,Componentes,Sudeste,Campinas,Bruno Costa,Loja Física,Pequena Empresa,1,460.21,0,460.21,303.33,156.88
PED-04345,2026-03-31,Monitor 27,Tecnologia,Sudeste,São Paulo,Felipe Martins,E-commerce,Pequena Empresa,5,1530.02,0,7650.1,4808.65,2841.45
PED-04346,2025-07-04,Dock Station,Acessórios,Sul,Porto Alegre,Felipe Martins,Marketplace,Pequena Empresa,5,555.12,0.1,2498.04,1560.55,937.49
PED-04347,2026-06-04,Headset Pro,Acessórios,Centro-Oeste,Cuiabá,João Ribeiro,Venda Corporativa,Média Empresa,3,325.45,0.05,927.53,509.58,417.95
PED-04348,2026-09-14,Notebook Air 13,Tecnologia,Sul,Curitiba,Diego Alves,Loja Física,Pessoa Física,2,3567.55,0.1,6421.59,5408.36,1013.23
PED-04349,2025-08-18,SSD 500GB,Componentes,Sul,Porto Alegre,Diego Alves,E-commerce,Pequena Empresa,1,281.58,0.2,225.26,178.54,46.72
PED-04350,2025-12-14,Monitor 24,Tecnologia,Nordeste,Recife,João Ribeiro,E-commerce,Pessoa Física,1,885.74,0.05,841.45,588.73,252.72
PED-04351,2026-08-10,Notebook Pro 14,Tecnologia,Sudeste,Belo Horizonte,João Ribeiro,E-commerce,Pessoa Física,6,5042.47,0,30254.82,21914.88,8339.94
PED-04352,2025-03-22,Mouse Wireless,Acessórios,Sudeste,Rio de Janeiro,Bruno Costa,Marketplace,Pessoa Física,2,180.18,0,360.36,167.7,192.66
PED-04353,2025-02-15,Notebook Air 13,Tecnologia,Sudeste,Campinas,Felipe Martins,Loja Física,Pequena Empresa,2,3569.24,0,7138.48,5590.48,1548.0
PED-04354,2026-03-08,Mouse Wireless,Acessórios,Sul,Florianópolis,Diego Alves,Loja Física,Pessoa Física,3,181.5,0.15,462.82,246.27,216.55
PED-04355,2025-10-29,SSD 500GB,Componentes,Sudeste,Rio de Janeiro,João Ribeiro,Loja Física,Pessoa Física,5,285.46,0,1427.3,933.25,494.05
PED-04356,2026-02-04,SSD 1TB,Componentes,Nordeste,Fortaleza,Bruno Costa,Venda Corporativa,Pessoa Física,2,449.65,0.2,719.44,601.4,118.04
PED-04357,2025-12-05,Monitor 24,Tecnologia,Sudeste,Rio de Janeiro,Bruno Costa,E-commerce,Média Empresa,1,928.17,0,928.17,611.15,317.02
PED-04358,2025-04-17,SSD 1TB,Componentes,Sudeste,Belo Horizonte,Isabela Freitas,Marketplace,Pessoa Física,6,447.23,0,2683.38,1804.14,879.24
PED-04359,2025-08-20,Monitor 24,Tecnologia,Centro-Oeste,Goiânia,Felipe Martins,E-commerce,Pequena Empresa,1,918.84,0.2,735.07,592.53,142.54
PED-04360,2025-03-31,Dock Station,Acessórios,Sudeste,Campinas,Isabela Freitas,Loja Física,Pessoa Física,2,544.35,0.15,925.39,645.94,279.45
PED-04361,2025-01-25,Webcam HD,Acessórios,Nordeste,Recife,Diego Alves,Loja Física,Pessoa Física,4,255.93,0.05,972.53,496.04,476.49
PED-04362,2025-02-26,Webcam HD,Acessórios,Sul,Porto Alegre,Henrique Dias,Venda Corporativa,Pessoa Física,1,258.47,0,258.47,126.29,132.18
PED-04363,2026-01-28,Memória 16GB,Componentes,Sudeste,Rio de Janeiro,Gabriela Souza,Venda Corporativa,Pessoa Física,10,313.47,0,3134.7,1905.7,1229.0
PED-04364,2025-10-15,Notebook Air 13,Tecnologia,Centro-Oeste,Brasília,Gabriela Souza,Marketplace,Pessoa Física,1,3507.25,0.05,3331.89,2708.02,623.87
PED-04365,2025-06-10,Memória 16GB,Componentes,Sudeste,Rio de Janeiro,Gabriela Souza,E-commerce,Pessoa Física,2,319.47,0,638.94,384.04,254.9
PED-04366,2026-05-23,Webcam HD,Acessórios,Sudeste,Campinas,Bruno Costa,E-commerce,Média Empresa,1,245.97,0.05,233.67,124.24,109.43
PED-04367,2026-01-22,Teclado Mecânico,Acessórios,Sudeste,São Paulo,Ana Lima,Marketplace,Pequena Empresa,1,409.1,0.1,368.19,224.32,143.87
PED-04368,2025-12-04,SSD 1TB,Componentes,Sul,Porto Alegre,Carla Mendes,Loja Física,Pessoa Física,4,460.57,0.05,1750.17,1175.92,574.25
PED-04369,2025-09-24,Notebook Pro 14,Tecnologia,Sudeste,Belo Horizonte,Henrique Dias,Marketplace,Pessoa Física,1,4845.49,0,4845.49,3801.35,1044.14
PED-04370,2025-05-11,Dock Station,Acessórios,Sul,Curitiba,Gabriela Souza,Marketplace,Pequena Empresa,3,545.67,0.05,1555.16,948.51,606.65
PED-04371,2026-01-21,Webcam HD,Acessórios,Sudeste,Rio de Janeiro,Henrique Dias,E-commerce,Pessoa Física,3,245.61,0,736.83,378.51,358.32
PED-04372,2026-06-07,SSD 1TB,Componentes,Sudeste,Campinas,Felipe Martins,Loja Física,Pessoa Física,2,475.4,0,950.8,579.72,371.08
PED-04373,2025-02-20,SSD 1TB,Componentes,Sudeste,São Paulo,Felipe Martins,E-commerce,Pessoa Física,5,473.39,0,2366.95,1502.15,864.8
PED-04374,2026-09-17,SSD 500GB,Componentes,Centro-Oeste,Cuiabá,Ana Lima,E-commerce,Pessoa Física,3,294.31,0.05,838.78,546.0,292.78
PED-04375,2026-04-02,Notebook Pro 14,Tecnologia,Sudeste,Rio de Janeiro,Isabela Freitas,Loja Física,Média Empresa,1,4906.6,0.15,4170.61,3794.5,376.11
PED-04376,2025-12-28,Memória 16GB,Componentes,Sul,Porto Alegre,Eduarda Rocha,E-commerce,Pessoa Física,2,319.84,0.1,575.71,393.52,182.19
PED-04377,2026-07-17,Mouse Wireless,Acessórios,Sudeste,Rio de Janeiro,Eduarda Rocha,E-commerce,Pequena Empresa,10,184.75,0,1847.5,847.5,1000.0
PED-04378,2025-11-05,Memória 16GB,Componentes,Sudeste,Campinas,João Ribeiro,Marketplace,Pessoa Física,2,319.51,0.05,607.07,379.7,227.37
PED-04379,2025-09-19,SSD 500GB,Componentes,Sudeste,Rio de Janeiro,Eduarda Rocha,Loja Física,Pessoa Física,1,289.56,0.05,275.08,180.43,94.65
PED-04380,2026-07-04,Notebook Air 13,Tecnologia,Sudeste,Campinas,Bruno Costa,Marketplace,Pessoa Física,1,3586.28,0.05,3406.97,2745.66,661.31
PED-04381,2025-03-29,Monitor 24,Tecnologia,Nordeste,Fortaleza,Henrique Dias,E-commerce,Pessoa Física,3,929.03,0.2,2229.67,1805.13,424.54
PED-04382,2025-05-01,Headset Pro,Acessórios,Sudeste,São Paulo,Gabriela Souza,E-commerce,Pequena Empresa,3,331.69,0.05,945.32,528.69,416.63
PED-04383,2026-03-18,Webcam HD,Acessórios,Centro-Oeste,Goiânia,Carla Mendes,Venda Corporativa,Pessoa Física,1,251.46,0,251.46,129.03,122.43
PED-04384,2025-07-05,Monitor 27,Tecnologia,Sudeste,Campinas,Isabela Freitas,Loja Física,Pessoa Física,3,1542.39,0,4627.17,2900.13,1727.04
PED-04385,2025-10-02,Dock Station,Acessórios,Sul,Porto Alegre,Henrique Dias,Loja Física,Pessoa Física,2,539.92,0.1,971.86,621.3,350.56
PED-04386,2025-06-04,SSD 1TB,Componentes,Sul,Curitiba,João Ribeiro,E-commerce,Pequena Empresa,1,453.3,0.05,430.63,291.67,138.96
PED-04387,2025-10-20,Webcam HD,Acessórios,Nordeste,Salvador,Bruno Costa,E-commerce,Pessoa Física,10,258.06,0.15,2193.51,1284.0,909.51
PED-04388,2026-08-03,Mouse Wireless,Acessórios,Sudeste,São Paulo,João Ribeiro,Venda Corporativa,Pessoa Física,1,181.81,0.05,172.72,85.96,86.76
PED-04389,2026-09-13,Monitor 24,Tecnologia,Nordeste,Salvador,Diego Alves,E-commerce,Média Empresa,5,887.37,0,4436.85,2931.55,1505.3
PED-04390,2026-02-14,Teclado Mecânico,Acessórios,Sudeste,Belo Horizonte,Ana Lima,Venda Corporativa,Grande Empresa,1,407.63,0.1,366.87,221.6,145.27
PED-04391,2025-06-29,Memória 16GB,Componentes,Sudeste,São Paulo,Carla Mendes,E-commerce,Pessoa Física,2,328.54,0,657.08,376.2,280.88
PED-04392,2026-08-17,SSD 1TB,Componentes,Sul,Porto Alegre,João Ribeiro,Marketplace,Pequena Empresa,2,467.81,0,935.62,591.94,343.68
PED-04393,2026-01-05,Headset Pro,Acessórios,Sul,Florianópolis,Carla Mendes,E-commerce,Pessoa Física,1,337.59,0.15,286.95,170.17,116.78
PED-04394,2025-11-10,Mouse Wireless,Acessórios,Sudeste,Rio de Janeiro,Gabriela Souza,Venda Corporativa,Pequena Empresa,2,185.82,0.1,334.48,165.74,168.74
PED-04395,2026-03-20,Monitor 24,Tecnologia,Sudeste,Belo Horizonte,Eduarda Rocha,Marketplace,Média Empresa,2,913.67,0,1827.34,1233.28,594.06
PED-04396,2025-07-18,Monitor 27,Tecnologia,Nordeste,Recife,Diego Alves,Loja Física,Pequena Empresa,1,1456.45,0.1,1310.81,970.05,340.76
PED-04397,2026-08-18,Teclado Mecânico,Acessórios,Sudeste,Rio de Janeiro,Bruno Costa,E-commerce,Média Empresa,1,392.96,0,392.96,222.16,170.8
PED-04398,2025-12-16,Notebook Pro 14,Tecnologia,Sudeste,Campinas,Isabela Freitas,Venda Corporativa,Pessoa Física,2,4916.68,0,9833.36,7601.04,2232.32
PED-04399,2025-04-07,Monitor 27,Tecnologia,Centro-Oeste,Brasília,Isabela Freitas,E-commerce,Pequena Empresa,2,1540.14,0.05,2926.27,2002.54,923.73
PED-04400,2025-02-11,Notebook Air 13,Tecnologia,Sudeste,São Paulo,Felipe Martins,Loja Física,Grande Empresa,2,3600.51,0.05,6840.97,5686.3,1154.67
PED-04401,2025-03-04,Memória 16GB,Componentes,Sul,Porto Alegre,Isabela Freitas,E-commerce,Pessoa Física,1,310.12,0.2,248.1,198.74,49.36
PED-04402,2025-12-01,SSD 500GB,Componentes,Centro-Oeste,Goiânia,Gabriela Souza,Loja Física,Pessoa Física,3,296.92,0,890.76,557.07,333.69
PED-04403,2025-08-05,Monitor 24,Tecnologia,Sudeste,Belo Horizonte,Henrique Dias,E-commerce,Pessoa Física,3,929.3,0,2787.9,1777.23,1010.67
PED-04404,2026-08-12,Mouse Wireless,Acessórios,Sul,Florianópolis,João Ribeiro,E-commerce,Pessoa Física,3,185.77,0.05,529.44,251.34,278.1
PED-04405,2026-09-29,SSD 500GB,Componentes,Sudeste,São Paulo,Diego Alves,E-commerce,Pessoa Física,3,294.48,0,883.44,528.15,355.29
PED-04406,2026-01-13,SSD 1TB,Componentes,Sudeste,Rio de Janeiro,Gabriela Souza,E-commerce,Pessoa Física,1,447.62,0.15,380.48,303.01,77.47
PED-04407,2025-01-14,Notebook Air 13,Tecnologia,Nordeste,Recife,Diego Alves,Venda Corporativa,Pessoa Física,2,3644.32,0,7288.64,5449.68,1838.96
PED-04408,2025-07-20,SSD 500GB,Componentes,Sudeste,Campinas,Diego Alves,E-commerce,Pessoa Física,2,282.69,0,565.38,353.78,211.6
PED-04409,2025-07-26,SSD 500GB,Componentes,Centro-Oeste,Brasília,Felipe Martins,E-commerce,Pequena Empresa,1,283.83,0.05,269.64,178.28,91.36
PED-04410,2026-07-29,Dock Station,Acessórios,Nordeste,Fortaleza,Isabela Freitas,E-commerce,Pequena Empresa,10,542.7,0.05,5155.65,3098.0,2057.65
PED-04411,2025-12-05,Mouse Wireless,Acessórios,Sudeste,São Paulo,Gabriela Souza,Loja Física,Pessoa Física,3,177.8,0,533.4,254.25,279.15
PED-04412,2026-04-07,SSD 500GB,Componentes,Centro-Oeste,Goiânia,Bruno Costa,E-commerce,Pequena Empresa,1,282.32,0,282.32,174.46,107.86
PED-04413,2026-06-10,SSD 500GB,Componentes,Nordeste,Salvador,Gabriela Souza,Marketplace,Pessoa Física,2,297.88,0,595.76,373.4,222.36
PED-04414,2025-06-08,Notebook Air 13,Tecnologia,Centro-Oeste,Goiânia,Isabela Freitas,Venda Corporativa,Pessoa Física,5,3666.13,0,18330.65,13458.4,4872.25
PED-04415,2025-09-24,Monitor 27,Tecnologia,Sul,Curitiba,Isabela Freitas,Marketplace,Pessoa Física,10,1549.69,0,15496.9,9974.3,5522.6
PED-04416,2025-11-29,Webcam HD,Acessórios,Sul,Curitiba,João Ribeiro,Marketplace,Grande Empresa,1,245.27,0.05,233.01,127.64,105.37
PED-04417,2025-03-26,Monitor 27,Tecnologia,Sudeste,Campinas,João Ribeiro,Loja Física,Pessoa Física,1,1501.97,0.1,1351.77,996.11,355.66
PED-04418,2026-07-19,Notebook Air 13,Tecnologia,Nordeste,Recife,Ana Lima,Marketplace,Pessoa Física,3,3494.62,0.15,8911.28,8000.01,911.27
PED-04419,2025-03-15,Dock Station,Acessórios,Sudeste,Campinas,Bruno Costa,Loja Física,Pessoa Física,1,564.03,0,564.03,310.41,253.62
PED-04420,2025-04-22,Memória 16GB,Componentes,Nordeste,Fortaleza,Carla Mendes,Marketplace,Pequena Empresa,2,328.96,0,657.92,389.94,267.98
PED-04421,2025-11-30,Monitor 27,Tecnologia,Sudeste,Rio de Janeiro,João Ribeiro,E-commerce,Pessoa Física,1,1482.25,0,1482.25,1024.66,457.59
PED-04422,2026-08-01,Dock Station,Acessórios,Sudeste,São Paulo,Ana Lima,Loja Física,Pequena Empresa,1,542.36,0,542.36,314.57,227.79
PED-04423,2026-03-18,Notebook Air 13,Tecnologia,Sudeste,Belo Horizonte,Isabela Freitas,Venda Corporativa,Pessoa Física,3,3593.37,0,10780.11,8162.49,2617.62
PED-04424,2025-05-19,SSD 500GB,Componentes,Sudeste,São Paulo,Carla Mendes,E-commerce,Média Empresa,2,286.37,0.1,515.47,351.08,164.39
PED-04425,2025-03-03,Notebook Pro 14,Tecnologia,Sudeste,Rio de Janeiro,Diego Alves,E-commerce,Pequena Empresa,1,5035.15,0.05,4783.39,3663.17,1120.22
PED-04426,2026-01-13,SSD 500GB,Componentes,Centro-Oeste,Cuiabá,Henrique Dias,Venda Corporativa,Pessoa Física,2,300.24,0.1,540.43,353.66,186.77
PED-04427,2026-06-02,Teclado Mecânico,Acessórios,Sudeste,Rio de Janeiro,Eduarda Rocha,E-commerce,Média Empresa,1,407.98,0.05,387.58,214.67,172.91
PED-04428,2026-09-10,SSD 500GB,Componentes,Sudeste,Rio de Janeiro,Isabela Freitas,Marketplace,Média Empresa,2,287.26,0.1,517.07,364.18,152.89
PED-04429,2025-01-08,SSD 1TB,Componentes,Nordeste,Fortaleza,Eduarda Rocha,E-commerce,Pequena Empresa,2,450.13,0,900.26,611.26,289.0
PED-04430,2026-05-19,Monitor 27,Tecnologia,Sudeste,Campinas,Carla Mendes,Loja Física,Grande Empresa,1,1552.45,0,1552.45,1000.39,552.06
PED-04431,2025-12-25,Memória 16GB,Componentes,Sudeste,São Paulo,Felipe Martins,E-commerce,Pessoa Física,1,331.19,0,331.19,192.1,139.09
PED-04432,2026-09-30,Headset Pro,Acessórios,Sudeste,Belo Horizonte,Carla Mendes,E-commerce,Pessoa Física,1,325.22,0,325.22,173.86,151.36
PED-04433,2025-06-25,SSD 1TB,Componentes,Sul,Florianópolis,Carla Mendes,E-commerce,Pessoa Física,1,477.01,0.15,405.46,294.01,111.45
PED-04434,2025-04-19,SSD 500GB,Componentes,Sul,Florianópolis,Eduarda Rocha,E-commerce,Pessoa Física,1,295.57,0.05,280.79,186.74,94.05
PED-04435,2025-09-08,Notebook Air 13,Tecnologia,Sudeste,Campinas,Carla Mendes,Marketplace,Pessoa Física,1,3561.73,0.15,3027.47,2668.2,359.27
PED-04436,2025-01-17,Notebook Pro 14,Tecnologia,Sudeste,Rio de Janeiro,Bruno Costa,E-commerce,Pessoa Física,1,4837.19,0,4837.19,3741.08,1096.11
PED-04437,2026-05-30,SSD 500GB,Componentes,Centro-Oeste,Brasília,Felipe Martins,E-commerce,Média Empresa,1,290.01,0,290.01,180.35,109.66
PED-04438,2025-05-10,Headset Pro,Acessórios,Sudeste,Belo Horizonte,João Ribeiro,Loja Física,Pequena Empresa,3,336.08,0.05,957.83,521.34,436.49
PED-04439,2026-04-06,Memória 16GB,Componentes,Sudeste,Campinas,João Ribeiro,Loja Física,Pequena Empresa,1,309.77,0,309.77,193.17,116.6
PED-04440,2026-03-21,Teclado Mecânico,Acessórios,Sul,Porto Alegre,Henrique Dias,E-commerce,Pessoa Física,2,398.51,0,797.02,422.2,374.82
PED-04441,2025-02-11,Webcam HD,Acessórios,Sudeste,São Paulo,João Ribeiro,Venda Corporativa,Pessoa Física,1,247.74,0.15,210.58,125.1,85.48
PED-04442,2025-02-16,Notebook Air 13,Tecnologia,Sudeste,Campinas,Ana Lima,Marketplace,Pessoa Física,8,3634.61,0,29076.88,21585.44,7491.44
PED-04443,2025-05-22,Monitor 24,Tecnologia,Nordeste,Salvador,Eduarda Rocha,E-commerce,Pessoa Física,5,899.18,0.15,3821.51,2974.85,846.66
PED-04444,2026-09-29,SSD 500GB,Componentes,Sudeste,Belo Horizonte,Gabriela Souza,Loja Física,Pessoa Física,1,290.99,0.05,276.44,183.38,93.06
PED-04445,2025-12-05,Notebook Air 13,Tecnologia,Nordeste,Salvador,Felipe Martins,Loja Física,Média Empresa,1,3721.17,0.05,3535.11,2749.65,785.46
PED-04446,2025-11-26,SSD 500GB,Componentes,Sudeste,Campinas,Ana Lima,E-commerce,Pessoa Física,1,294.97,0.15,250.72,178.21,72.51
PED-04447,2026-06-06,Dock Station,Acessórios,Nordeste,Recife,Gabriela Souza,Marketplace,Média Empresa,2,550.27,0.1,990.49,631.54,358.95
PED-04448,2025-12-21,Notebook Pro 14,Tecnologia,Sul,Curitiba,Felipe Martins,Loja Física,Pessoa Física,1,5032.94,0.15,4278.0,3704.17,573.83
PED-04449,2025-09-22,SSD 500GB,Componentes,Sudeste,São Paulo,Ana Lima,E-commerce,Pessoa Física,1,285.5,0.05,271.22,177.88,93.34
PED-04450,2025-08-25,Webcam HD,Acessórios,Sul,Curitiba,Gabriela Souza,E-commerce,Grande Empresa,1,248.45,0.05,236.03,132.28,103.75
PED-04451,2026-04-15,Notebook Air 13,Tecnologia,Sudeste,São Paulo,Gabriela Souza,E-commerce,Pessoa Física,2,3546.52,0.05,6738.39,5624.08,1114.31
PED-04452,2026-04-20,Teclado Mecânico,Acessórios,Sul,Porto Alegre,Isabela Freitas,Marketplace,Pessoa Física,1,406.35,0.15,345.4,214.35,131.05
PED-04453,2025-04-15,SSD 500GB,Componentes,Sul,Florianópolis,Bruno Costa,E-commerce,Pessoa Física,5,284.65,0,1423.25,893.1,530.15
PED-04454,2025-12-27,Mouse Wireless,Acessórios,Sul,Florianópolis,Henrique Dias,Loja Física,Pessoa Física,2,174.39,0.1,313.9,170.98,142.92
PED-04455,2025-02-26,Teclado Mecânico,Acessórios,Sul,Porto Alegre,Felipe Martins,Venda Corporativa,Pessoa Física,1,389.93,0.05,370.43,224.67,145.76
PED-04456,2025-04-17,Monitor 27,Tecnologia,Sudeste,Belo Horizonte,João Ribeiro,E-commerce,Pequena Empresa,2,1494.1,0.05,2838.79,2015.56,823.23
PED-04457,2025-09-22,Notebook Pro 14,Tecnologia,Sudeste,Belo Horizonte,Carla Mendes,E-commerce,Média Empresa,2,4934.4,0,9868.8,7374.28,2494.52
PED-04458,2025-06-09,SSD 500GB,Componentes,Sudeste,Rio de Janeiro,Eduarda Rocha,E-commerce,Pessoa Física,2,283.44,0,566.88,353.48,213.4
PED-04459,2025-02-22,Teclado Mecânico,Acessórios,Sudeste,Campinas,Eduarda Rocha,Venda Corporativa,Pessoa Física,2,391.4,0,782.8,423.26,359.54
PED-04460,2025-04-20,Memória 16GB,Componentes,Sudeste,Campinas,Gabriela Souza,E-commerce,Pessoa Física,8,317.78,0.05,2415.13,1503.28,911.85
PED-04461,2025-09-02,Monitor 27,Tecnologia,Centro-Oeste,Cuiabá,João Ribeiro,E-commerce,Pequena Empresa,10,1472.85,0,14728.5,9860.9,4867.6
PED-04462,2025-01-02,Headset Pro,Acessórios,Nordeste,Salvador,Gabriela Souza,Venda Corporativa,Pessoa Física,2,336.82,0.1,606.28,343.2,263.08
PED-04463,2026-07-08,Dock Station,Acessórios,Sudeste,Belo Horizonte,Carla Mendes,E-commerce,Pessoa Física,5,567.33,0,2836.65,1521.95,1314.7
PED-04464,2025-02-04,SSD 500GB,Componentes,Sudeste,Campinas,Henrique Dias,Loja Física,Pessoa Física,1,283.24,0.1,254.92,186.22,68.7
PED-04465,2025-04-09,Mouse Wireless,Acessórios,Sudeste,Campinas,Felipe Martins,E-commerce,Pessoa Física,2,180.85,0,361.7,161.04,200.66
PED-04466,2026-06-20,Headset Pro,Acessórios,Sudeste,São Paulo,Eduarda Rocha,Marketplace,Pessoa Física,5,330.54,0,1652.7,840.7,812.0
PED-04467,2025-10-21,Monitor 24,Tecnologia,Sudeste,São Paulo,Henrique Dias,Loja Física,Pessoa Física,2,930.63,0,1861.26,1205.74,655.52
PED-04468,2025-12-07,Dock Station,Acessórios,Sul,Florianópolis,Gabriela Souza,Loja Física,Pessoa Física,2,535.68,0.05,1017.79,641.18,376.61
PED-04469,2026-04-28,SSD 500GB,Componentes,Centro-Oeste,Goiânia,Diego Alves,Venda Corporativa,Pequena Empresa,2,281.62,0,563.24,354.02,209.22
PED-04470,2025-12-25,Monitor 27,Tecnologia,Nordeste,Fortaleza,Carla Mendes,Venda Corporativa,Pessoa Física,1,1469.55,0.2,1175.64,992.33,183.31
PED-04471,2025-12-10,Notebook Pro 14,Tecnologia,Sudeste,São Paulo,Gabriela Souza,Marketplace,Pequena Empresa,1,4961.03,0.05,4712.98,3717.24,995.74
PED-04472,2026-02-24,Notebook Pro 14,Tecnologia,Sudeste,São Paulo,Carla Mendes,Loja Física,Pessoa Física,3,4858.68,0,14576.04,11089.02,3487.02
PED-04473,2025-09-11,Monitor 24,Tecnologia,Sul,Florianópolis,Henrique Dias,E-commerce,Pessoa Física,5,876.9,0.1,3946.05,2970.6,975.45
PED-04474,2025-02-05,Teclado Mecânico,Acessórios,Sudeste,Campinas,Bruno Costa,E-commerce,Grande Empresa,5,405.14,0.1,1823.13,1127.8,695.33
PED-04475,2025-09-27,Teclado Mecânico,Acessórios,Sudeste,São Paulo,Eduarda Rocha,E-commerce,Pessoa Física,1,398.61,0.05,378.68,224.62,154.06
PED-04476,2025-02-03,Mouse Wireless,Acessórios,Sudeste,Belo Horizonte,Gabriela Souza,Marketplace,Média Empresa,1,175.97,0.05,167.17,84.68,82.49
PED-04477,2026-02-11,SSD 500GB,Componentes,Sudeste,Belo Horizonte,Gabriela Souza,E-commerce,Pessoa Física,5,282.08,0,1410.4,908.65,501.75
PED-04478,2025-02-02,Headset Pro,Acessórios,Sudeste,Campinas,Diego Alves,E-commerce,Pessoa Física,2,336.64,0.05,639.62,337.0,302.62
PED-04479,2026-05-19,Dock Station,Acessórios,Sudeste,Rio de Janeiro,Felipe Martins,Loja Física,Pessoa Física,2,554.89,0.1,998.8,625.2,373.6
PED-04480,2025-10-26,Monitor 27,Tecnologia,Nordeste,Salvador,João Ribeiro,E-commerce,Pessoa Física,2,1500.52,0,3001.04,2029.28,971.76
PED-04481,2026-05-05,Headset Pro,Acessórios,Sudeste,Campinas,Felipe Martins,Marketplace,Pessoa Física,3,340.53,0.15,868.35,532.92,335.43
PED-04482,2026-06-17,Monitor 24,Tecnologia,Sudeste,São Paulo,Henrique Dias,Loja Física,Pessoa Física,10,904.36,0,9043.6,6084.8,2958.8
PED-04483,2025-07-19,Webcam HD,Acessórios,Sul,Porto Alegre,Bruno Costa,E-commerce,Pequena Empresa,1,250.64,0.05,238.11,126.85,111.26
PED-04484,2026-06-15,Notebook Pro 14,Tecnologia,Sul,Curitiba,Henrique Dias,Loja Física,Pessoa Física,1,4815.96,0,4815.96,3613.57,1202.39
PED-04485,2026-01-09,Notebook Pro 14,Tecnologia,Sul,Florianópolis,Gabriela Souza,Marketplace,Pessoa Física,2,4805.32,0,9610.64,7172.22,2438.42
PED-04486,2025-08-16,Webcam HD,Acessórios,Nordeste,Recife,Carla Mendes,Marketplace,Pessoa Física,2,244.61,0.05,464.76,261.56,203.2
PED-04487,2025-08-22,SSD 1TB,Componentes,Sudeste,Rio de Janeiro,Gabriela Souza,Venda Corporativa,Pequena Empresa,2,455.76,0.15,774.79,578.78,196.01
PED-04488,2026-03-03,Memória 16GB,Componentes,Centro-Oeste,Cuiabá,Diego Alves,Marketplace,Pequena Empresa,6,328.91,0.1,1776.11,1164.06,612.05
PED-04489,2025-05-25,Teclado Mecânico,Acessórios,Sudeste,Campinas,Carla Mendes,Marketplace,Pessoa Física,4,396.68,0.05,1507.38,873.04,634.34
PED-04490,2026-03-03,Notebook Air 13,Tecnologia,Sul,Curitiba,João Ribeiro,Marketplace,Média Empresa,1,3673.38,0.05,3489.71,2705.65,784.06
PED-04491,2025-08-01,Monitor 24,Tecnologia,Sudeste,Rio de Janeiro,Henrique Dias,E-commerce,Pessoa Física,1,883.71,0.1,795.34,593.04,202.3
PED-04492,2025-09-23,Monitor 27,Tecnologia,Sudeste,Rio de Janeiro,Carla Mendes,Marketplace,Pequena Empresa,2,1469.53,0,2939.06,2030.62,908.44
PED-04493,2025-12-23,Monitor 24,Tecnologia,Sudeste,São Paulo,Bruno Costa,E-commerce,Média Empresa,1,907.69,0.15,771.54,615.68,155.86
PED-04494,2025-09-17,Mouse Wireless,Acessórios,Sudeste,Campinas,Felipe Martins,Marketplace,Grande Empresa,4,180.48,0.05,685.82,325.44,360.38
PED-04495,2025-10-31,SSD 1TB,Componentes,Nordeste,Salvador,Diego Alves,E-commerce,Pessoa Física,4,468.86,0,1875.44,1172.52,702.92
PED-04496,2026-04-21,Mouse Wireless,Acessórios,Nordeste,Fortaleza,João Ribeiro,Loja Física,Pequena Empresa,5,185.86,0.05,882.83,404.5,478.33
PED-04497,2025-03-29,Monitor 24,Tecnologia,Centro-Oeste,Brasília,Ana Lima,Loja Física,Pessoa Física,2,877.52,0.05,1667.29,1178.14,489.15
PED-04498,2026-02-14,Mouse Wireless,Acessórios,Centro-Oeste,Brasília,Gabriela Souza,Venda Corporativa,Pessoa Física,3,177.89,0.15,453.62,256.68,196.94
PED-04499,2025-03-06,Headset Pro,Acessórios,Sudeste,Campinas,Felipe Martins,E-commerce,Pequena Empresa,3,341.19,0,1023.57,516.36,507.21
PED-04500,2026-02-27,SSD 1TB,Componentes,Sudeste,São Paulo,Carla Mendes,E-commerce,Pessoa Física,10,463.65,0.05,4404.68,3024.9,1379.78
PED-04501,2025-04-17,Teclado Mecânico,Acessórios,Sudeste,São Paulo,Eduarda Rocha,E-commerce,Pequena Empresa,8,389.92,0,3119.36,1735.92,1383.44
PED-04502,2026-03-17,Monitor 24,Tecnologia,Sudeste,Campinas,Henrique Dias,Marketplace,Pequena Empresa,1,878.25,0,878.25,585.88,292.37
PED-04503,2025-11-05,Monitor 27,Tecnologia,Centro-Oeste,Brasília,João Ribeiro,Marketplace,Pessoa Física,2,1545.73,0.1,2782.31,2014.44,767.87
PED-04504,2025-01-29,Monitor 24,Tecnologia,Sudeste,Rio de Janeiro,Bruno Costa,Loja Física,Pessoa Física,3,895.02,0.05,2550.81,1763.88,786.93
PED-04505,2026-07-27,Mouse Wireless,Acessórios,Sudeste,Rio de Janeiro,Diego Alves,E-commerce,Pessoa Física,1,185.61,0,185.61,80.86,104.75
PED-04506,2025-08-11,Mouse Wireless,Acessórios,Sul,Florianópolis,Diego Alves,Venda Corporativa,Pequena Empresa,10,179.14,0,1791.4,808.1,983.3
PED-04507,2025-03-08,Headset Pro,Acessórios,Sudeste,Rio de Janeiro,Felipe Martins,E-commerce,Pequena Empresa,3,339.06,0.15,864.6,510.33,354.27
PED-04508,2026-06-03,Monitor 27,Tecnologia,Sudeste,São Paulo,Henrique Dias,Marketplace,Pessoa Física,8,1469.47,0.1,10580.18,7901.68,2678.5
PED-04509,2026-07-07,Monitor 27,Tecnologia,Sul,Florianópolis,João Ribeiro,Venda Corporativa,Pessoa Física,4,1472.26,0.1,5300.14,3982.16,1317.98
PED-04510,2025-11-07,Mouse Wireless,Acessórios,Sudeste,Campinas,João Ribeiro,Venda Corporativa,Grande Empresa,3,180.07,0.1,486.19,242.55,243.64
PED-04511,2025-06-30,Mouse Wireless,Acessórios,Centro-Oeste,Cuiabá,João Ribeiro,E-commerce,Média Empresa,1,177.87,0.1,160.08,81.51,78.57
PED-04512,2026-06-14,Headset Pro,Acessórios,Sudeste,Rio de Janeiro,Gabriela Souza,Loja Física,Pessoa Física,2,329.02,0.05,625.14,335.42,289.72
PED-04513,2025-10-07,Monitor 24,Tecnologia,Sudeste,São Paulo,Henrique Dias,Marketplace,Pequena Empresa,4,876.95,0.05,3332.41,2395.08,937.33
PED-04514,2025-09-23,Webcam HD,Acessórios,Sudeste,Belo Horizonte,Diego Alves,Marketplace,Pessoa Física,2,254.88,0.05,484.27,252.3,231.97
PED-04515,2025-01-01,SSD 500GB,Componentes,Nordeste,Fortaleza,Henrique Dias,E-commerce,Pequena Empresa,2,281.39,0,562.78,351.1,211.68
PED-04516,2026-03-17,Monitor 27,Tecnologia,Sul,Curitiba,João Ribeiro,Marketplace,Pessoa Física,1,1551.15,0.05,1473.59,1003.81,469.78
PED-04517,2025-11-18,Memória 16GB,Componentes,Nordeste,Fortaleza,Gabriela Souza,Marketplace,Pessoa Física,1,329.16,0.15,279.79,195.3,84.49
PED-04518,2025-05-28,SSD 500GB,Componentes,Sudeste,Rio de Janeiro,Bruno Costa,Loja Física,Pessoa Física,4,297.28,0,1189.12,719.4,469.72
PED-04519,2025-10-30,Memória 16GB,Componentes,Sudeste,Belo Horizonte,Ana Lima,E-commerce,Média Empresa,1,316.94,0,316.94,191.8,125.14
PED-04520,2026-03-05,SSD 1TB,Componentes,Sul,Florianópolis,Eduarda Rocha,E-commerce,Pessoa Física,6,465.04,0.1,2511.22,1765.08,746.14
PED-04521,2026-02-23,SSD 500GB,Componentes,Nordeste,Salvador,Isabela Freitas,E-commerce,Pessoa Física,2,284.17,0.05,539.92,372.32,167.6
PED-04522,2025-06-02,SSD 1TB,Componentes,Sul,Porto Alegre,Henrique Dias,Loja Física,Média Empresa,5,456.76,0,2283.8,1502.25,781.55
PED-04523,2026-01-09,SSD 1TB,Componentes,Sul,Florianópolis,Henrique Dias,Venda Corporativa,Pessoa Física,1,475.15,0,475.15,300.54,174.61
PED-04524,2026-08-13,Monitor 27,Tecnologia,Sudeste,Belo Horizonte,Diego Alves,Loja Física,Pessoa Física,2,1506.21,0,3012.42,1931.34,1081.08
PED-04525,2025-04-29,Headset Pro,Acessórios,Sudeste,Rio de Janeiro,Felipe Martins,Loja Física,Pessoa Física,8,340.44,0.05,2587.34,1417.92,1169.42
PED-04526,2026-03-12,SSD 500GB,Componentes,Sul,Florianópolis,Felipe Martins,Loja Física,Pequena Empresa,2,285.09,0.05,541.67,368.86,172.81
PED-04527,2026-09-14,SSD 1TB,Componentes,Nordeste,Fortaleza,Carla Mendes,Loja Física,Pessoa Física,2,463.88,0,927.76,600.96,326.8
PED-04528,2026-09-24,Teclado Mecânico,Acessórios,Centro-Oeste,Brasília,Eduarda Rocha,Venda Corporativa,Pequena Empresa,1,396.98,0.15,337.43,215.37,122.06
PED-04529,2025-02-03,SSD 1TB,Componentes,Sudeste,Campinas,Carla Mendes,E-commerce,Pessoa Física,8,453.64,0,3629.12,2339.84,1289.28
PED-04530,2026-01-14,Monitor 27,Tecnologia,Nordeste,Fortaleza,Henrique Dias,Loja Física,Pessoa Física,6,1492.66,0,8955.96,6141.42,2814.54
PED-04531,2026-03-18,Headset Pro,Acessórios,Centro-Oeste,Brasília,Ana Lima,Venda Corporativa,Pequena Empresa,3,337.83,0.05,962.82,520.29,442.53
PED-04532,2025-03-20,SSD 500GB,Componentes,Sul,Florianópolis,Ana Lima,E-commerce,Pequena Empresa,3,282.32,0.2,677.57,555.12,122.45
PED-04533,2025-01-24,Webcam HD,Acessórios,Sudeste,Rio de Janeiro,Eduarda Rocha,Venda Corporativa,Pessoa Física,1,243.59,0,243.59,130.01,113.58
PED-04534,2026-05-27,Notebook Pro 14,Tecnologia,Sul,Florianópolis,Carla Mendes,E-commerce,Pequena Empresa,4,4992.08,0,19968.32,14939.8,5028.52
PED-04535,2025-01-05,Monitor 27,Tecnologia,Sul,Porto Alegre,Ana Lima,E-commerce,Pequena Empresa,1,1524.8,0,1524.8,1018.42,506.38
PED-04536,2025-06-30,SSD 1TB,Componentes,Sul,Florianópolis,Felipe Martins,Venda Corporativa,Pessoa Física,1,467.54,0.05,444.16,286.73,157.43
PED-04537,2026-09-20,Webcam HD,Acessórios,Sudeste,Belo Horizonte,Felipe Martins,E-commerce,Pessoa Física,1,245.57,0.1,221.01,125.34,95.67
PED-04538,2025-09-09,SSD 500GB,Componentes,Sul,Porto Alegre,Gabriela Souza,E-commerce,Pessoa Física,1,291.69,0.1,262.52,184.31,78.21
PED-04539,2026-07-27,Monitor 27,Tecnologia,Sudeste,Rio de Janeiro,Ana Lima,E-commerce,Pequena Empresa,2,1480.75,0.1,2665.35,2038.48,626.87
PED-04540,2025-09-27,SSD 1TB,Componentes,Sudeste,Belo Horizonte,João Ribeiro,E-commerce,Grande Empresa,6,460.82,0,2764.92,1776.3,988.62
PED-04541,2025-07-19,Monitor 24,Tecnologia,Sudeste,Rio de Janeiro,Ana Lima,Venda Corporativa,Pequena Empresa,6,906.46,0.05,5166.82,3671.88,1494.94
PED-04542,2025-04-13,SSD 500GB,Componentes,Nordeste,Salvador,Bruno Costa,Marketplace,Pequena Empresa,5,291.84,0.1,1313.28,932.1,381.18
PED-04543,2025-03-10,Dock Station,Acessórios,Centro-Oeste,Goiânia,Isabela Freitas,E-commerce,Pessoa Física,4,563.37,0,2253.48,1295.84,957.64
PED-04544,2025-06-07,Monitor 24,Tecnologia,Centro-Oeste,Cuiabá,Diego Alves,Venda Corporativa,Grande Empresa,3,920.51,0.15,2347.3,1752.0,595.3
PED-04545,2025-12-31,Webcam HD,Acessórios,Sul,Porto Alegre,Diego Alves,Marketplace,Pessoa Física,1,242.74,0,242.74,129.26,113.48
PED-04546,2025-07-13,Mouse Wireless,Acessórios,Sudeste,Campinas,Carla Mendes,Loja Física,Pessoa Física,8,175.67,0.1,1264.82,679.92,584.9
PED-04547,2025-06-10,Monitor 24,Tecnologia,Sul,Porto Alegre,João Ribeiro,E-commerce,Pessoa Física,2,876.77,0,1753.54,1182.9,570.64
PED-04548,2026-09-14,Notebook Pro 14,Tecnologia,Sul,Curitiba,Diego Alves,Loja Física,Pessoa Física,2,4881.08,0.05,9274.05,7277.42,1996.63
PED-04549,2025-12-15,Monitor 24,Tecnologia,Sul,Florianópolis,Bruno Costa,E-commerce,Média Empresa,2,929.91,0,1859.82,1171.62,688.2
PED-04550,2026-01-29,Mouse Wireless,Acessórios,Nordeste,Recife,Isabela Freitas,Marketplace,Média Empresa,3,178.53,0.05,508.81,251.67,257.14
PED-04551,2025-06-25,Monitor 24,Tecnologia,Centro-Oeste,Goiânia,Isabela Freitas,E-commerce,Pessoa Física,1,914.83,0,914.83,582.82,332.01
PED-04552,2026-01-08,SSD 500GB,Componentes,Sudeste,Belo Horizonte,Isabela Freitas,Marketplace,Pessoa Física,1,281.48,0.05,267.41,175.75,91.66
PED-04553,2026-07-17,Webcam HD,Acessórios,Sudeste,Rio de Janeiro,Carla Mendes,E-commerce,Pequena Empresa,2,252.2,0,504.4,249.32,255.08
PED-04554,2025-09-15,Memória 16GB,Componentes,Centro-Oeste,Cuiabá,Isabela Freitas,E-commerce,Pessoa Física,8,309.57,0,2476.56,1526.8,949.76
PED-04555,2025-02-23,Monitor 24,Tecnologia,Sul,Curitiba,Isabela Freitas,Marketplace,Pessoa Física,1,909.63,0.1,818.67,585.32,233.35
PED-04556,2025-12-16,Webcam HD,Acessórios,Sudeste,Belo Horizonte,Bruno Costa,E-commerce,Pessoa Física,1,254.82,0,254.82,127.24,127.58
PED-04557,2025-08-05,Monitor 24,Tecnologia,Nordeste,Salvador,Carla Mendes,E-commerce,Pessoa Física,2,911.23,0.15,1549.09,1170.8,378.29
PED-04558,2025-06-18,Webcam HD,Acessórios,Sudeste,Rio de Janeiro,Bruno Costa,Venda Corporativa,Pessoa Física,1,247.59,0.15,210.45,125.04,85.41
PED-04559,2026-09-30,Mouse Wireless,Acessórios,Centro-Oeste,Goiânia,Gabriela Souza,E-commerce,Pequena Empresa,1,177.72,0.15,151.06,83.79,67.27
PED-04560,2026-08-21,Memória 16GB,Componentes,Sul,Porto Alegre,Bruno Costa,Marketplace,Pessoa Física,6,318.98,0.1,1722.49,1138.8,583.69
PED-04561,2026-04-08,Dock Station,Acessórios,Centro-Oeste,Brasília,Felipe Martins,Venda Corporativa,Média Empresa,3,548.99,0,1646.97,931.68,715.29
PED-04562,2026-05-25,Headset Pro,Acessórios,Sudeste,Belo Horizonte,Felipe Martins,Marketplace,Pessoa Física,1,328.5,0,328.5,171.95,156.55
PED-04563,2025-02-23,Headset Pro,Acessórios,Sudeste,Campinas,Eduarda Rocha,Venda Corporativa,Pessoa Física,1,326.34,0.1,293.71,169.22,124.49
PED-04564,2025-12-06,Headset Pro,Acessórios,Sul,Curitiba,Eduarda Rocha,Venda Corporativa,Pessoa Física,1,333.35,0.05,316.68,168.14,148.54
PED-04565,2026-07-13,Notebook Pro 14,Tecnologia,Nordeste,Recife,Gabriela Souza,Loja Física,Pessoa Física,8,4925.97,0.05,37437.37,30214.8,7222.57
PED-04566,2025-07-07,Dock Station,Acessórios,Sudeste,Belo Horizonte,Bruno Costa,Loja Física,Pequena Empresa,1,556.73,0.15,473.22,307.33,165.89
PED-04567,2026-09-22,Monitor 27,Tecnologia,Sudeste,Rio de Janeiro,Bruno Costa,E-commerce,Pequena Empresa,1,1514.98,0,1514.98,1006.5,508.48
PED-04568,2025-10-16,Teclado Mecânico,Acessórios,Nordeste,Recife,Carla Mendes,Venda Corporativa,Pessoa Física,1,411.8,0.1,370.62,215.12,155.5
PED-04569,2026-04-21,Teclado Mecânico,Acessórios,Sul,Porto Alegre,Bruno Costa,E-commerce,Pessoa Física,3,394.73,0.15,1006.56,666.12,340.44
PED-04570,2026-07-28,SSD 1TB,Componentes,Sudeste,Belo Horizonte,Diego Alves,Venda Corporativa,Grande Empresa,1,466.46,0.05,443.14,297.82,145.32
PED-04571,2026-09-10,SSD 500GB,Componentes,Sul,Curitiba,Gabriela Souza,Loja Física,Pessoa Física,1,293.43,0.1,264.09,183.32,80.77
PED-04572,2025-05-27,Monitor 27,Tecnologia,Sul,Porto Alegre,Felipe Martins,E-commerce,Grande Empresa,2,1511.55,0,3023.1,1988.92,1034.18
PED-04573,2025-11-06,SSD 1TB,Componentes,Sudeste,São Paulo,Bruno Costa,E-commerce,Média Empresa,2,472.56,0,945.12,595.4,349.72
PED-04574,2026-09-17,Memória 16GB,Componentes,Sudeste,São Paulo,Felipe Martins,Marketplace,Pessoa Física,10,326.22,0,3262.2,1956.7,1305.5
PED-04575,2025-04-15,SSD 1TB,Componentes,Sul,Florianópolis,Eduarda Rocha,E-commerce,Média Empresa,1,470.18,0.05,446.67,290.41,156.26
PED-04576,2025-10-25,Mouse Wireless,Acessórios,Sul,Porto Alegre,Carla Mendes,E-commerce,Pequena Empresa,1,184.97,0.1,166.47,85.03,81.44
PED-04577,2026-06-11,Monitor 27,Tecnologia,Sul,Porto Alegre,Felipe Martins,E-commerce,Pessoa Física,2,1488.07,0.05,2827.33,1925.58,901.75
PED-04578,2026-01-18,Teclado Mecânico,Acessórios,Sudeste,São Paulo,João Ribeiro,E-commerce,Pessoa Física,1,400.04,0.05,380.04,210.73,169.31
PED-04579,2026-03-30,SSD 1TB,Componentes,Centro-Oeste,Cuiabá,Ana Lima,Venda Corporativa,Pequena Empresa,1,464.09,0.1,417.68,288.46,129.22
PED-04580,2026-01-09,Notebook Air 13,Tecnologia,Sudeste,Belo Horizonte,Isabela Freitas,E-commerce,Média Empresa,1,3581.73,0.1,3223.56,2813.21,410.35
PED-04581,2026-07-06,Monitor 27,Tecnologia,Sul,Florianópolis,Ana Lima,Marketplace,Pequena Empresa,4,1497.67,0.15,5092.08,4071.76,1020.32
PED-04582,2025-04-24,Mouse Wireless,Acessórios,Sudeste,Belo Horizonte,João Ribeiro,E-commerce,Média Empresa,5,179.86,0.1,809.37,405.35,404.02
PED-04583,2025-01-12,Monitor 27,Tecnologia,Nordeste,Recife,Bruno Costa,Marketplace,Pessoa Física,2,1492.38,0.15,2537.05,2001.24,535.81
PED-04584,2026-01-28,SSD 1TB,Componentes,Sudeste,Campinas,Diego Alves,Marketplace,Pequena Empresa,5,475.02,0.05,2256.34,1498.3,758.04
PED-04585,2025-07-25,Monitor 24,Tecnologia,Sudeste,Belo Horizonte,João Ribeiro,Marketplace,Pessoa Física,2,916.5,0.05,1741.35,1197.54,543.81
PED-04586,2025-01-03,Notebook Air 13,Tecnologia,Sul,Curitiba,Bruno Costa,E-commerce,Pessoa Física,4,3712.08,0.05,14105.9,11333.6,2772.3
PED-04587,2025-08-02,Monitor 24,Tecnologia,Sudeste,Rio de Janeiro,Carla Mendes,E-commerce,Pequena Empresa,2,927.3,0.1,1669.14,1219.34,449.8
PED-04588,2025-05-29,Webcam HD,Acessórios,Sul,Florianópolis,Gabriela Souza,E-commerce,Pequena Empresa,2,252.79,0.1,455.02,261.8,193.22
PED-04589,2025-03-12,Monitor 24,Tecnologia,Sul,Curitiba,Carla Mendes,Marketplace,Média Empresa,6,875.44,0,5252.64,3539.04,1713.6
PED-04590,2025-10-28,SSD 500GB,Componentes,Nordeste,Salvador,Felipe Martins,E-commerce,Pessoa Física,4,282.31,0.1,1016.32,741.64,274.68
PED-04591,2026-08-24,Mouse Wireless,Acessórios,Sudeste,São Paulo,Eduarda Rocha,Venda Corporativa,Pequena Empresa,1,173.84,0.05,165.15,84.4,80.75
PED-04592,2025-07-10,Dock Station,Acessórios,Sudeste,Rio de Janeiro,Eduarda Rocha,Marketplace,Pessoa Física,3,562.55,0.05,1603.27,965.37,637.9
PED-04593,2025-08-17,SSD 500GB,Componentes,Nordeste,Salvador,Henrique Dias,Loja Física,Pessoa Física,1,298.33,0,298.33,175.18,123.15
PED-04594,2025-12-16,Memória 16GB,Componentes,Sul,Florianópolis,Carla Mendes,E-commerce,Média Empresa,1,314.92,0,314.92,191.83,123.09
PED-04595,2025-04-28,Monitor 24,Tecnologia,Sudeste,Rio de Janeiro,Carla Mendes,E-commerce,Pequena Empresa,1,932.19,0,932.19,606.65,325.54
PED-04596,2026-09-24,Headset Pro,Acessórios,Sul,Porto Alegre,Gabriela Souza,E-commerce,Pessoa Física,8,320.36,0,2562.88,1356.32,1206.56
PED-04597,2026-06-11,Monitor 27,Tecnologia,Centro-Oeste,Brasília,Eduarda Rocha,E-commerce,Média Empresa,3,1529.48,0.05,4359.02,3012.12,1346.9
PED-04598,2025-08-07,Headset Pro,Acessórios,Sudeste,Rio de Janeiro,Bruno Costa,Marketplace,Pessoa Física,3,338.79,0,1016.37,506.52,509.85
PED-04599,2025-10-05,Teclado Mecânico,Acessórios,Centro-Oeste,Goiânia,Isabela Freitas,Venda Corporativa,Grande Empresa,5,387.79,0.05,1842.0,1063.5,778.5
PED-04600,2026-07-31,Notebook Air 13,Tecnologia,Nordeste,Fortaleza,Eduarda Rocha,Loja Física,Pequena Empresa,2,3659.47,0,7318.94,5585.32,1733.62
PED-04601,2025-10-12,Memória 16GB,Componentes,Sul,Curitiba,Felipe Martins,E-commerce,Média Empresa,3,315.88,0.1,852.88,571.59,281.29
PED-04602,2025-11-10,Monitor 27,Tecnologia,Sul,Porto Alegre,Felipe Martins,Loja Física,Pessoa Física,2,1539.37,0.15,2616.93,1965.46,651.47
PED-04603,2025-10-18,Teclado Mecânico,Acessórios,Sudeste,Campinas,Felipe Martins,Loja Física,Pessoa Física,4,391.5,0.1,1409.4,850.92,558.48
PED-04604,2026-06-08,Dock Station,Acessórios,Sul,Porto Alegre,Eduarda Rocha,E-commerce,Média Empresa,5,566.93,0.05,2692.92,1546.15,1146.77
PED-04605,2025-03-26,Webcam HD,Acessórios,Centro-Oeste,Goiânia,Carla Mendes,E-commerce,Média Empresa,1,253.78,0.1,228.4,128.93,99.47
PED-04606,2026-05-27,Mouse Wireless,Acessórios,Sudeste,Rio de Janeiro,João Ribeiro,E-commerce,Pessoa Física,5,183.37,0,916.85,414.45,502.4
PED-04607,2025-05-05,Mouse Wireless,Acessórios,Sudeste,Rio de Janeiro,Carla Mendes,E-commerce,Pessoa Física,1,183.6,0.1,165.24,84.47,80.77
PED-04608,2026-06-24,SSD 500GB,Componentes,Sudeste,São Paulo,Carla Mendes,E-commerce,Pessoa Física,1,289.54,0.15,246.11,176.26,69.85
PED-04609,2026-04-01,Teclado Mecânico,Acessórios,Centro-Oeste,Cuiabá,Henrique Dias,E-commerce,Média Empresa,1,410.94,0.1,369.85,214.25,155.6
PED-04610,2025-08-29,SSD 1TB,Componentes,Centro-Oeste,Cuiabá,Isabela Freitas,Marketplace,Pessoa Física,2,452.5,0.05,859.75,587.56,272.19
PED-04611,2025-04-10,Notebook Pro 14,Tecnologia,Sul,Florianópolis,Diego Alves,Venda Corporativa,Pessoa Física,1,5058.11,0.15,4299.39,3777.72,521.67
PED-04612,2026-03-02,Monitor 24,Tecnologia,Sudeste,São Paulo,Isabela Freitas,Loja Física,Média Empresa,4,878.33,0,3513.32,2322.88,1190.44
PED-04613,2026-06-20,Mouse Wireless,Acessórios,Nordeste,Fortaleza,João Ribeiro,Loja Física,Pequena Empresa,1,174.88,0,174.88,85.84,89.04
PED-04614,2026-09-28,Teclado Mecânico,Acessórios,Sudeste,São Paulo,Henrique Dias,Marketplace,Pequena Empresa,1,404.98,0,404.98,216.9,188.08
PED-04615,2025-07-14,Monitor 24,Tecnologia,Sul,Florianópolis,Felipe Martins,E-commerce,Média Empresa,1,914.65,0,914.65,607.62,307.03
PED-04616,2026-09-03,Webcam HD,Acessórios,Sudeste,São Paulo,Eduarda Rocha,E-commerce,Média Empresa,2,244.76,0.15,416.09,249.58,166.51
PED-04617,2025-07-20,SSD 500GB,Componentes,Centro-Oeste,Brasília,Ana Lima,Loja Física,Pessoa Física,3,284.88,0.1,769.18,537.39,231.79
PED-04618,2025-08-15,Monitor 27,Tecnologia,Sudeste,Rio de Janeiro,Ana Lima,Marketplace,Pequena Empresa,3,1471.94,0.1,3974.24,2933.58,1040.66
PED-04619,2026-05-30,Monitor 24,Tecnologia,Nordeste,Fortaleza,Ana Lima,Venda Corporativa,Pessoa Física,1,882.54,0.15,750.16,598.67,151.49
PED-04620,2026-07-07,SSD 1TB,Componentes,Sudeste,São Paulo,Ana Lima,E-commerce,Média Empresa,2,471.43,0.05,895.72,579.64,316.08
PED-04621,2025-06-16,Teclado Mecânico,Acessórios,Sudeste,Belo Horizonte,Carla Mendes,Venda Corporativa,Pessoa Física,2,389.18,0.05,739.44,425.72,313.72
PED-04622,2026-07-08,Monitor 24,Tecnologia,Sudeste,Campinas,Henrique Dias,Loja Física,Pessoa Física,2,929.56,0,1859.12,1233.32,625.8
PED-04623,2026-07-02,Notebook Pro 14,Tecnologia,Sudeste,Belo Horizonte,Eduarda Rocha,Venda Corporativa,Pequena Empresa,2,4792.2,0.05,9105.18,7596.16,1509.02
PED-04624,2025-08-16,Notebook Air 13,Tecnologia,Sudeste,Belo Horizonte,Henrique Dias,E-commerce,Pessoa Física,1,3707.76,0,3707.76,2798.15,909.61
PED-04625,2025-12-24,Webcam HD,Acessórios,Centro-Oeste,Brasília,João Ribeiro,Marketplace,Grande Empresa,10,246.24,0,2462.4,1305.2,1157.2
PED-04626,2025-04-04,Memória 16GB,Componentes,Nordeste,Recife,Felipe Martins,Loja Física,Média Empresa,1,313.37,0,313.37,189.51,123.86
PED-04627,2025-03-21,Dock Station,Acessórios,Sudeste,Campinas,Diego Alves,Venda Corporativa,Pessoa Física,1,536.12,0.1,482.51,316.73,165.78
PED-04628,2026-06-18,Notebook Pro 14,Tecnologia,Nordeste,Salvador,Bruno Costa,E-commerce,Pessoa Física,1,4764.74,0,4764.74,3776.89,987.85
PED-04629,2025-10-29,Dock Station,Acessórios,Nordeste,Salvador,Felipe Martins,E-commerce,Grande Empresa,2,565.15,0,1130.3,642.38,487.92
PED-04630,2025-12-11,Memória 16GB,Componentes,Sul,Porto Alegre,Gabriela Souza,E-commerce,Pessoa Física,2,317.33,0,634.66,390.28,244.38
PED-04631,2025-02-24,Monitor 24,Tecnologia,Sudeste,Rio de Janeiro,Felipe Martins,Venda Corporativa,Média Empresa,5,930.64,0,4653.2,2982.05,1671.15
PED-04632,2025-09-19,Headset Pro,Acessórios,Sudeste,Campinas,Carla Mendes,E-commerce,Média Empresa,2,326.13,0,652.26,345.7,306.56
PED-04633,2025-01-13,Teclado Mecânico,Acessórios,Nordeste,Recife,Carla Mendes,Marketplace,Pessoa Física,3,397.09,0.1,1072.14,667.41,404.73
PED-04634,2025-09-24,Monitor 27,Tecnologia,Sudeste,Campinas,Isabela Freitas,E-commerce,Pessoa Física,2,1552.95,0.05,2950.61,2010.66,939.95
PED-04635,2026-02-12,Notebook Pro 14,Tecnologia,Nordeste,Salvador,Eduarda Rocha,Venda Corporativa,Média Empresa,2,4828.2,0.15,8207.94,7209.46,998.48
PED-04636,2025-02-17,Notebook Air 13,Tecnologia,Sudeste,Belo Horizonte,Diego Alves,Venda Corporativa,Pessoa Física,1,3515.18,0.15,2987.9,2796.59,191.31
PED-04637,2025-11-22,Teclado Mecânico,Acessórios,Nordeste,Recife,Ana Lima,E-commerce,Pessoa Física,3,404.89,0,1214.67,659.7,554.97
PED-04638,2025-03-04,Memória 16GB,Componentes,Sul,Florianópolis,Ana Lima,Loja Física,Pessoa Física,1,317.67,0.1,285.9,191.89,94.01
PED-04639,2026-05-30,SSD 500GB,Componentes,Centro-Oeste,Brasília,Gabriela Souza,E-commerce,Pessoa Física,2,292.73,0,585.46,363.2,222.26
PED-04640,2026-05-10,Teclado Mecânico,Acessórios,Sudeste,Belo Horizonte,Carla Mendes,Loja Física,Pequena Empresa,1,395.5,0.1,355.95,216.49,139.46
PED-04641,2025-06-21,Webcam HD,Acessórios,Sudeste,Belo Horizonte,João Ribeiro,Venda Corporativa,Média Empresa,2,253.61,0,507.22,263.22,244.0
PED-04642,2026-06-20,SSD 500GB,Componentes,Centro-Oeste,Goiânia,Carla Mendes,Marketplace,Pessoa Física,3,291.05,0,873.15,543.63,329.52
PED-04643,2026-02-18,Webcam HD,Acessórios,Sul,Florianópolis,Eduarda Rocha,E-commerce,Pessoa Física,8,245.41,0.05,1865.12,1051.76,813.36
PED-04644,2025-06-12,Teclado Mecânico,Acessórios,Sudeste,São Paulo,João Ribeiro,Loja Física,Pessoa Física,1,412.16,0,412.16,211.01,201.15
PED-04645,2025-01-09,Memória 16GB,Componentes,Sudeste,Belo Horizonte,João Ribeiro,Loja Física,Pessoa Física,1,328.35,0.1,295.52,191.87,103.65
PED-04646,2025-02-26,Mouse Wireless,Acessórios,Sudeste,Rio de Janeiro,Ana Lima,Loja Física,Pessoa Física,1,173.88,0.1,156.49,82.02,74.47
PED-04647,2026-02-22,Teclado Mecânico,Acessórios,Nordeste,Salvador,João Ribeiro,Venda Corporativa,Pessoa Física,2,395.1,0.2,632.16,441.2,190.96
PED-04648,2025-08-05,Headset Pro,Acessórios,Sul,Florianópolis,Ana Lima,E-commerce,Pequena Empresa,1,336.91,0.1,303.22,176.24,126.98
PED-04649,2026-08-29,Teclado Mecânico,Acessórios,Sudeste,São Paulo,Henrique Dias,E-commerce,Pessoa Física,1,406.77,0,406.77,211.12,195.65
PED-04650,2026-04-16,Notebook Air 13,Tecnologia,Sul,Porto Alegre,Henrique Dias,Loja Física,Pessoa Física,2,3610.9,0.1,6499.62,5680.04,819.58
PED-04651,2025-04-19,Headset Pro,Acessórios,Nordeste,Salvador,Henrique Dias,E-commerce,Pessoa Física,1,321.07,0.15,272.91,167.77,105.14
PED-04652,2026-02-14,SSD 500GB,Componentes,Sul,Florianópolis,Henrique Dias,Loja Física,Pessoa Física,2,281.6,0.05,535.04,354.24,180.8
PED-04653,2026-01-15,SSD 500GB,Componentes,Sul,Porto Alegre,Gabriela Souza,Marketplace,Pessoa Física,1,290.98,0,290.98,178.66,112.32
PED-04654,2025-09-07,Webcam HD,Acessórios,Sudeste,Campinas,Ana Lima,Marketplace,Pessoa Física,6,243.84,0.1,1316.74,747.06,569.68
PED-04655,2026-02-10,Dock Station,Acessórios,Nordeste,Fortaleza,Ana Lima,E-commerce,Média Empresa,1,564.51,0.15,479.83,320.32,159.51
PED-04656,2026-07-14,Notebook Air 13,Tecnologia,Nordeste,Fortaleza,Diego Alves,Marketplace,Pequena Empresa,1,3721.77,0.1,3349.59,2738.58,611.01
PED-04657,2026-06-15,Webcam HD,Acessórios,Nordeste,Salvador,Bruno Costa,E-commerce,Pessoa Física,1,255.07,0.1,229.56,127.23,102.33
PED-04658,2025-07-03,Dock Station,Acessórios,Sudeste,Rio de Janeiro,Felipe Martins,E-commerce,Pessoa Física,4,567.77,0.15,1930.42,1296.52,633.9
PED-04659,2026-06-04,SSD 500GB,Componentes,Sudeste,Campinas,Henrique Dias,E-commerce,Pessoa Física,5,296.17,0,1480.85,922.85,558.0
PED-04660,2025-09-17,Teclado Mecânico,Acessórios,Nordeste,Fortaleza,Gabriela Souza,E-commerce,Pessoa Física,1,407.67,0,407.67,224.26,183.41
PED-04661,2025-03-27,Dock Station,Acessórios,Sul,Curitiba,Felipe Martins,Marketplace,Pessoa Física,2,550.46,0,1100.92,622.58,478.34
PED-04662,2025-12-03,Notebook Pro 14,Tecnologia,Centro-Oeste,Brasília,Eduarda Rocha,E-commerce,Pessoa Física,3,4836.08,0.05,13782.83,11018.28,2764.55
PED-04663,2025-08-21,Notebook Air 13,Tecnologia,Sul,Florianópolis,Felipe Martins,E-commerce,Pessoa Física,6,3733.31,0.15,19039.88,16109.64,2930.24
PED-04664,2025-06-08,Notebook Pro 14,Tecnologia,Sudeste,Rio de Janeiro,João Ribeiro,Marketplace,Pessoa Física,1,4894.46,0.1,4405.01,3685.67,719.34
PED-04665,2026-04-19,Teclado Mecânico,Acessórios,Sudeste,Rio de Janeiro,Carla Mendes,Loja Física,Pessoa Física,1,404.21,0.15,343.58,211.36,132.22
PED-04666,2025-11-03,SSD 1TB,Componentes,Sudeste,São Paulo,João Ribeiro,Venda Corporativa,Pessoa Física,5,459.27,0.1,2066.72,1488.8,577.92
PED-04667,2025-02-02,SSD 500GB,Componentes,Sudeste,Campinas,Eduarda Rocha,Marketplace,Pequena Empresa,5,285.53,0.1,1284.89,916.75,368.14
PED-04668,2025-05-06,Headset Pro,Acessórios,Sudeste,Belo Horizonte,Eduarda Rocha,Venda Corporativa,Grande Empresa,3,336.01,0.15,856.83,535.38,321.45
PED-04669,2025-12-19,Webcam HD,Acessórios,Sudeste,São Paulo,Diego Alves,Marketplace,Média Empresa,2,245.97,0,491.94,255.18,236.76
PED-04670,2026-08-19,Monitor 24,Tecnologia,Sul,Curitiba,Isabela Freitas,Venda Corporativa,Pessoa Física,1,920.92,0.15,782.78,611.48,171.3
PED-04671,2026-01-22,Headset Pro,Acessórios,Centro-Oeste,Goiânia,Isabela Freitas,Loja Física,Pessoa Física,5,336.87,0.1,1515.91,855.25,660.66
PED-04672,2026-03-15,Memória 16GB,Componentes,Sudeste,Belo Horizonte,Ana Lima,E-commerce,Pequena Empresa,3,311.67,0,935.01,573.57,361.44
PED-04673,2026-01-29,Headset Pro,Acessórios,Sudeste,Belo Horizonte,Felipe Martins,Venda Corporativa,Pessoa Física,10,341.66,0,3416.6,1692.1,1724.5
PED-04674,2025-09-12,Teclado Mecânico,Acessórios,Nordeste,Recife,Diego Alves,E-commerce,Pessoa Física,2,390.73,0,781.46,444.32,337.14
PED-04675,2026-09-06,Memória 16GB,Componentes,Nordeste,Recife,Henrique Dias,Marketplace,Pessoa Física,5,309.55,0,1547.75,988.55,559.2
PED-04676,2025-08-15,Memória 16GB,Componentes,Sul,Curitiba,Bruno Costa,E-commerce,Média Empresa,2,327.12,0.05,621.53,376.44,245.09
PED-04677,2026-01-10,SSD 500GB,Componentes,Sudeste,São Paulo,Bruno Costa,Venda Corporativa,Média Empresa,1,295.48,0,295.48,181.02,114.46
PED-04678,2026-01-25,Monitor 27,Tecnologia,Sudeste,Belo Horizonte,Diego Alves,Loja Física,Pessoa Física,1,1502.58,0,1502.58,1009.96,492.62
PED-04679,2026-02-19,Mouse Wireless,Acessórios,Sudeste,São Paulo,Gabriela Souza,E-commerce,Pequena Empresa,5,178.26,0,891.3,414.4,476.9
PED-04680,2026-09-13,Monitor 27,Tecnologia,Sudeste,Belo Horizonte,Bruno Costa,E-commerce,Média Empresa,2,1457.22,0,2914.44,2000.14,914.3
PED-04681,2025-09-29,Teclado Mecânico,Acessórios,Sudeste,São Paulo,Carla Mendes,Loja Física,Pessoa Física,3,396.41,0.1,1070.31,657.66,412.65
PED-04682,2025-05-30,Webcam HD,Acessórios,Sul,Florianópolis,Diego Alves,Loja Física,Média Empresa,2,244.98,0.05,465.46,249.86,215.6
PED-04683,2026-02-08,Webcam HD,Acessórios,Sudeste,Rio de Janeiro,Bruno Costa,E-commerce,Pessoa Física,3,245.52,0.05,699.73,386.22,313.51
PED-04684,2026-05-03,Notebook Air 13,Tecnologia,Sudeste,Belo Horizonte,Carla Mendes,Loja Física,Média Empresa,1,3691.09,0,3691.09,2782.95,908.14
PED-04685,2025-09-21,Memória 16GB,Componentes,Sudeste,São Paulo,Eduarda Rocha,Venda Corporativa,Pessoa Física,1,320.73,0.15,272.62,197.15,75.47
PED-04686,2026-02-27,Webcam HD,Acessórios,Sudeste,Rio de Janeiro,Isabela Freitas,Marketplace,Média Empresa,5,247.73,0.15,1052.85,629.95,422.9
PED-04687,2026-05-01,Teclado Mecânico,Acessórios,Sudeste,Belo Horizonte,Henrique Dias,Venda Corporativa,Pessoa Física,2,409.41,0.05,777.88,426.28,351.6
PED-04688,2025-11-09,Mouse Wireless,Acessórios,Nordeste,Recife,João Ribeiro,Loja Física,Pequena Empresa,1,177.24,0.15,150.65,82.34,68.31
PED-04689,2025-10-30,Notebook Pro 14,Tecnologia,Nordeste,Recife,Carla Mendes,E-commerce,Pessoa Física,1,4889.02,0.05,4644.57,3604.98,1039.59
PED-04690,2026-04-30,Webcam HD,Acessórios,Sul,Porto Alegre,Felipe Martins,E-commerce,Pequena Empresa,3,249.2,0.1,672.84,386.85,285.99
PED-04691,2026-01-25,Headset Pro,Acessórios,Centro-Oeste,Cuiabá,Gabriela Souza,Loja Física,Média Empresa,1,337.58,0.05,320.7,178.67,142.03
PED-04692,2025-01-09,Notebook Pro 14,Tecnologia,Nordeste,Fortaleza,Carla Mendes,Marketplace,Pequena Empresa,6,5047.17,0.05,28768.87,21742.98,7025.89
PED-04693,2026-01-14,Headset Pro,Acessórios,Nordeste,Recife,Henrique Dias,Marketplace,Pessoa Física,1,326.3,0,326.3,173.93,152.37
PED-04694,2026-05-17,Notebook Pro 14,Tecnologia,Sudeste,São Paulo,Bruno Costa,E-commerce,Pessoa Física,2,4877.14,0.1,8778.85,7254.22,1524.63
PED-04695,2025-05-26,Teclado Mecânico,Acessórios,Nordeste,Fortaleza,Carla Mendes,E-commerce,Pessoa Física,2,393.18,0,786.36,436.32,350.04
PED-04696,2026-07-15,Webcam HD,Acessórios,Sudeste,São Paulo,Diego Alves,E-commerce,Pequena Empresa,2,253.67,0,507.34,256.02,251.32
PED-04697,2026-08-22,Notebook Air 13,Tecnologia,Centro-Oeste,Goiânia,Eduarda Rocha,Loja Física,Pequena Empresa,10,3531.1,0,35311.0,28281.6,7029.4
PED-04698,2025-08-07,SSD 1TB,Componentes,Sudeste,Belo Horizonte,Diego Alves,Marketplace,Pessoa Física,1,450.18,0,450.18,299.33,150.85
PED-04699,2026-09-24,Monitor 27,Tecnologia,Centro-Oeste,Goiânia,Isabela Freitas,Marketplace,Pequena Empresa,2,1526.92,0,3053.84,1986.84,1067.0
PED-04700,2025-04-16,Mouse Wireless,Acessórios,Sudeste,Campinas,Carla Mendes,E-commerce,Pequena Empresa,5,178.06,0.1,801.27,425.55,375.72
PED-04701,2026-01-20,SSD 1TB,Componentes,Sul,Florianópolis,Carla Mendes,Venda Corporativa,Pessoa Física,8,461.87,0.1,3325.46,2381.76,943.7
PED-04702,2025-10-09,Teclado Mecânico,Acessórios,Sudeste,Belo Horizonte,João Ribeiro,E-commerce,Pessoa Física,5,397.69,0,1988.45,1101.45,887.0
PED-04703,2026-07-09,Mouse Wireless,Acessórios,Sudeste,São Paulo,Carla Mendes,E-commerce,Média Empresa,1,182.61,0,182.61,84.13,98.48
PED-04704,2025-01-11,Memória 16GB,Componentes,Sudeste,Campinas,Diego Alves,E-commerce,Pequena Empresa,3,328.79,0.05,937.05,567.33,369.72
PED-04705,2025-04-02,Headset Pro,Acessórios,Nordeste,Recife,Bruno Costa,E-commerce,Média Empresa,4,324.67,0.1,1168.81,700.0,468.81
PED-04706,2026-03-25,Notebook Air 13,Tecnologia,Sul,Porto Alegre,Isabela Freitas,E-commerce,Pessoa Física,1,3541.12,0.15,3009.95,2656.55,353.4
PED-04707,2025-10-27,Mouse Wireless,Acessórios,Nordeste,Recife,Henrique Dias,Loja Física,Pessoa Física,3,178.89,0,536.67,255.57,281.1
PED-04708,2025-12-21,Notebook Air 13,Tecnologia,Sul,Curitiba,Gabriela Souza,E-commerce,Pequena Empresa,5,3688.86,0,18444.3,14122.1,4322.2
PED-04709,2026-03-20,Monitor 24,Tecnologia,Sudeste,Campinas,Felipe Martins,Loja Física,Pessoa Física,1,900.55,0.15,765.47,580.61,184.86
PED-04710,2025-12-11,Notebook Pro 14,Tecnologia,Sudeste,Campinas,Gabriela Souza,Loja Física,Média Empresa,2,4758.64,0.1,8565.55,7632.54,933.01
PED-04711,2025-06-01,Headset Pro,Acessórios,Sudeste,São Paulo,Gabriela Souza,Loja Física,Pessoa Física,1,323.95,0.15,275.36,172.19,103.17
PED-04712,2025-09-18,Webcam HD,Acessórios,Sudeste,São Paulo,Eduarda Rocha,E-commerce,Pequena Empresa,1,246.06,0.1,221.45,128.5,92.95
PED-04713,2026-06-17,Teclado Mecânico,Acessórios,Sul,Curitiba,Felipe Martins,Loja Física,Pequena Empresa,1,388.91,0,388.91,220.63,168.28
PED-04714,2025-06-09,Notebook Pro 14,Tecnologia,Centro-Oeste,Goiânia,Bruno Costa,E-commerce,Pessoa Física,5,4825.94,0,24129.7,18749.85,5379.85
PED-04715,2025-05-29,Webcam HD,Acessórios,Sudeste,São Paulo,Isabela Freitas,Loja Física,Média Empresa,2,258.15,0.15,438.85,256.38,182.47
PED-04716,2026-09-11,Monitor 27,Tecnologia,Sudeste,Belo Horizonte,Ana Lima,E-commerce,Pessoa Física,1,1501.94,0.1,1351.75,1011.47,340.28
PED-04717,2025-04-16,Dock Station,Acessórios,Sudeste,Campinas,Henrique Dias,Marketplace,Pessoa Física,1,544.3,0.05,517.08,320.78,196.3
PED-04718,2025-12-08,Monitor 27,Tecnologia,Nordeste,Fortaleza,Diego Alves,E-commerce,Pessoa Física,4,1545.56,0.15,5254.9,3934.08,1320.82
PED-04719,2025-03-24,Webcam HD,Acessórios,Centro-Oeste,Brasília,Bruno Costa,E-commerce,Média Empresa,3,246.58,0.05,702.75,376.95,325.8
PED-04720,2025-09-03,Mouse Wireless,Acessórios,Sudeste,Campinas,Gabriela Souza,Marketplace,Pequena Empresa,1,185.56,0.05,176.28,82.79,93.49
PED-04721,2026-01-14,Notebook Air 13,Tecnologia,Sudeste,Rio de Janeiro,Felipe Martins,Loja Física,Média Empresa,2,3587.61,0,7175.22,5537.78,1637.44
PED-04722,2026-04-12,Monitor 27,Tecnologia,Sudeste,Belo Horizonte,Eduarda Rocha,Loja Física,Pessoa Física,1,1531.48,0,1531.48,1025.23,506.25
PED-04723,2025-10-22,Notebook Air 13,Tecnologia,Sudeste,Belo Horizonte,Ana Lima,E-commerce,Pessoa Física,1,3740.88,0.05,3553.84,2734.68,819.16
PED-04724,2026-06-02,Webcam HD,Acessórios,Sudeste,Belo Horizonte,Eduarda Rocha,Loja Física,Pessoa Física,3,243.53,0.05,694.06,392.85,301.21
PED-04725,2026-05-16,Monitor 24,Tecnologia,Sul,Florianópolis,Carla Mendes,E-commerce,Pessoa Física,1,906.22,0,906.22,598.42,307.8
PED-04726,2026-04-28,Teclado Mecânico,Acessórios,Nordeste,Recife,Ana Lima,E-commerce,Pessoa Física,1,405.61,0,405.61,216.32,189.29
PED-04727,2026-07-13,Memória 16GB,Componentes,Sul,Porto Alegre,Gabriela Souza,Loja Física,Média Empresa,3,320.38,0,961.14,572.22,388.92
PED-04728,2026-05-06,Webcam HD,Acessórios,Sudeste,Belo Horizonte,Bruno Costa,E-commerce,Pequena Empresa,3,253.66,0.05,722.93,394.29,328.64
PED-04729,2025-09-12,Teclado Mecânico,Acessórios,Centro-Oeste,Brasília,Ana Lima,Loja Física,Pequena Empresa,4,407.43,0,1629.72,901.64,728.08
PED-04730,2026-09-28,Webcam HD,Acessórios,Sudeste,Campinas,Felipe Martins,Loja Física,Pessoa Física,3,248.87,0,746.61,383.64,362.97
PED-04731,2025-02-20,Monitor 24,Tecnologia,Centro-Oeste,Brasília,Diego Alves,Venda Corporativa,Pessoa Física,3,891.63,0.05,2541.15,1746.36,794.79
PED-04732,2026-07-27,Teclado Mecânico,Acessórios,Sudeste,Campinas,Bruno Costa,Marketplace,Pequena Empresa,2,388.57,0.2,621.71,421.76,199.95
PED-04733,2025-10-09,Notebook Pro 14,Tecnologia,Sul,Curitiba,Felipe Martins,Marketplace,Pessoa Física,2,5067.36,0.1,9121.25,7402.16,1719.09
PED-04734,2025-05-19,Notebook Pro 14,Tecnologia,Sudeste,São Paulo,Gabriela Souza,E-commerce,Pessoa Física,2,5040.96,0,10081.92,7410.3,2671.62
PED-04735,2025-10-01,Webcam HD,Acessórios,Sul,Florianópolis,Henrique Dias,Marketplace,Pequena Empresa,2,258.75,0.05,491.62,253.12,238.5
PED-04736,2026-05-28,SSD 500GB,Componentes,Nordeste,Recife,João Ribeiro,Marketplace,Pessoa Física,3,282.33,0.05,804.64,555.99,248.65
PED-04737,2025-03-30,Webcam HD,Acessórios,Centro-Oeste,Cuiabá,Eduarda Rocha,Loja Física,Pequena Empresa,2,251.79,0.15,428.04,262.98,165.06
PED-04738,2025-07-01,Monitor 24,Tecnologia,Sul,Florianópolis,Felipe Martins,E-commerce,Pessoa Física,3,921.19,0.15,2349.03,1847.58,501.45
PED-04739,2025-05-17,Webcam HD,Acessórios,Sul,Porto Alegre,Gabriela Souza,Loja Física,Pessoa Física,8,251.49,0.2,1609.54,1009.12,600.42
PED-04740,2025-01-19,Notebook Pro 14,Tecnologia,Sudeste,Campinas,Felipe Martins,E-commerce,Pessoa Física,1,4799.98,0,4799.98,3600.96,1199.02
PED-04741,2025-10-07,Monitor 27,Tecnologia,Sudeste,Campinas,Gabriela Souza,E-commerce,Pessoa Física,4,1472.68,0,5890.72,3996.04,1894.68
PED-04742,2026-09-07,Mouse Wireless,Acessórios,Sudeste,São Paulo,Diego Alves,Marketplace,Pequena Empresa,2,174.52,0.15,296.68,161.06,135.62
PED-04743,2025-10-04,SSD 500GB,Componentes,Sul,Curitiba,João Ribeiro,Loja Física,Pessoa Física,1,288.91,0.05,274.46,179.97,94.49
PED-04744,2025-03-13,Monitor 27,Tecnologia,Nordeste,Fortaleza,Henrique Dias,Loja Física,Pessoa Física,1,1544.0,0.1,1389.6,983.4,406.2
PED-04745,2025-11-25,Headset Pro,Acessórios,Nordeste,Recife,Diego Alves,Venda Corporativa,Pessoa Física,3,340.23,0.15,867.59,525.24,342.35
PED-04746,2025-11-08,Dock Station,Acessórios,Nordeste,Fortaleza,João Ribeiro,Venda Corporativa,Pequena Empresa,1,535.08,0.2,428.06,322.68,105.38
PED-04747,2025-02-21,Notebook Pro 14,Tecnologia,Sul,Porto Alegre,João Ribeiro,Venda Corporativa,Pessoa Física,8,4812.17,0,38497.36,28828.56,9668.8
PED-04748,2026-04-07,Notebook Pro 14,Tecnologia,Sudeste,Belo Horizonte,Carla Mendes,Venda Corporativa,Pequena Empresa,3,4822.18,0,14466.54,11357.43,3109.11
PED-04749,2025-06-02,Teclado Mecânico,Acessórios,Sudeste,Campinas,Bruno Costa,Marketplace,Pessoa Física,2,391.57,0.1,704.83,423.66,281.17
PED-04750,2026-05-07,Webcam HD,Acessórios,Sul,Florianópolis,Eduarda Rocha,Marketplace,Grande Empresa,3,242.14,0,726.42,373.17,353.25
PED-04751,2025-05-20,Webcam HD,Acessórios,Centro-Oeste,Cuiabá,Carla Mendes,E-commerce,Pessoa Física,1,247.41,0.05,235.04,123.65,111.39
PED-04752,2026-05-18,SSD 500GB,Componentes,Sul,Curitiba,Bruno Costa,E-commerce,Pessoa Física,1,299.22,0.15,254.34,181.75,72.59
PED-04753,2025-03-24,SSD 1TB,Componentes,Centro-Oeste,Cuiabá,Felipe Martins,E-commerce,Pessoa Física,1,456.5,0,456.5,287.21,169.29
PED-04754,2026-03-11,Mouse Wireless,Acessórios,Centro-Oeste,Cuiabá,Gabriela Souza,Marketplace,Pessoa Física,4,176.31,0.15,599.45,333.2,266.25
PED-04755,2026-04-05,Webcam HD,Acessórios,Sudeste,Campinas,Bruno Costa,E-commerce,Pessoa Física,2,253.63,0,507.26,262.34,244.92
PED-04756,2025-03-30,Webcam HD,Acessórios,Sudeste,Campinas,Ana Lima,Marketplace,Pequena Empresa,2,243.74,0,487.48,258.36,229.12
PED-04757,2026-08-15,Headset Pro,Acessórios,Nordeste,Fortaleza,Eduarda Rocha,E-commerce,Pessoa Física,2,340.99,0.15,579.68,335.16,244.52
PED-04758,2025-01-11,Monitor 24,Tecnologia,Sul,Porto Alegre,Isabela Freitas,Loja Física,Pessoa Física,10,898.69,0.2,7189.52,6175.0,1014.52
PED-04759,2026-08-01,Teclado Mecânico,Acessórios,Nordeste,Salvador,Isabela Freitas,Loja Física,Pequena Empresa,4,405.22,0,1620.88,872.08,748.8
PED-04760,2025-10-06,SSD 1TB,Componentes,Nordeste,Fortaleza,Carla Mendes,E-commerce,Pequena Empresa,1,472.83,0,472.83,294.39,178.44
PED-04761,2026-04-28,Notebook Pro 14,Tecnologia,Sul,Curitiba,Henrique Dias,E-commerce,Grande Empresa,3,4878.24,0.05,13902.98,11389.14,2513.84
PED-04762,2025-12-02,Webcam HD,Acessórios,Nordeste,Recife,Felipe Martins,E-commerce,Pessoa Física,1,246.55,0.2,197.24,123.64,73.6
PED-04763,2026-06-02,Notebook Air 13,Tecnologia,Sudeste,Rio de Janeiro,Carla Mendes,E-commerce,Pessoa Física,1,3532.25,0,3532.25,2730.4,801.85
PED-04764,2025-09-02,Memória 16GB,Componentes,Nordeste,Fortaleza,Ana Lima,Loja Física,Média Empresa,1,323.87,0.2,259.1,193.11,65.99
PED-04765,2025-04-11,Teclado Mecânico,Acessórios,Nordeste,Salvador,Gabriela Souza,Loja Física,Pessoa Física,3,399.0,0.05,1137.15,641.19,495.96
PED-04766,2026-07-23,Monitor 27,Tecnologia,Nordeste,Fortaleza,Ana Lima,Loja Física,Pessoa Física,1,1509.18,0,1509.18,1018.4,490.78
PED-04767,2026-06-25,SSD 500GB,Componentes,Nordeste,Recife,Bruno Costa,Loja Física,Pequena Empresa,1,288.2,0.05,273.79,180.4,93.39
PED-04768,2025-09-08,SSD 500GB,Componentes,Centro-Oeste,Cuiabá,Diego Alves,Marketplace,Pequena Empresa,1,294.99,0.05,280.24,181.01,99.23
PED-04769,2026-03-16,Dock Station,Acessórios,Sul,Florianópolis,Gabriela Souza,Loja Física,Pequena Empresa,1,569.41,0.05,540.94,308.37,232.57
PED-04770,2026-03-21,Dock Station,Acessórios,Sudeste,Campinas,Felipe Martins,E-commerce,Pessoa Física,1,564.35,0.05,536.13,316.89,219.24
PED-04771,2026-09-23,Monitor 24,Tecnologia,Sudeste,Campinas,Diego Alves,Marketplace,Pessoa Física,1,873.61,0.05,829.93,617.1,212.83
PED-04772,2025-09-19,SSD 1TB,Componentes,Sudeste,Rio de Janeiro,Diego Alves,Venda Corporativa,Pessoa Física,5,468.51,0.1,2108.3,1436.7,671.6
PED-04773,2026-02-09,Webcam HD,Acessórios,Sudeste,Rio de Janeiro,Gabriela Souza,Marketplace,Pessoa Física,2,249.37,0.15,423.93,254.72,169.21
PED-04774,2026-03-31,Dock Station,Acessórios,Nordeste,Recife,Diego Alves,Marketplace,Pessoa Física,2,555.93,0,1111.86,623.18,488.68
PED-04775,2026-08-14,Webcam HD,Acessórios,Sudeste,Campinas,Isabela Freitas,Venda Corporativa,Pessoa Física,2,247.83,0,495.66,259.16,236.5
PED-04776,2025-10-15,Notebook Pro 14,Tecnologia,Sul,Curitiba,Eduarda Rocha,E-commerce,Pessoa Física,3,4847.93,0,14543.79,11157.24,3386.55
PED-04777,2026-04-29,Webcam HD,Acessórios,Sudeste,Belo Horizonte,Bruno Costa,Loja Física,Pessoa Física,2,255.89,0.05,486.19,260.26,225.93
PED-04778,2025-03-25,Monitor 24,Tecnologia,Sudeste,Belo Horizonte,Ana Lima,Loja Física,Grande Empresa,8,901.43,0,7211.44,4905.92,2305.52
PED-04779,2026-09-06,Dock Station,Acessórios,Sudeste,Rio de Janeiro,Gabriela Souza,Marketplace,Pessoa Física,1,553.77,0.05,526.08,318.49,207.59
PED-04780,2025-11-03,Monitor 24,Tecnologia,Sul,Florianópolis,Felipe Martins,Loja Física,Média Empresa,1,923.12,0.05,876.96,615.91,261.05
PED-04781,2026-03-16,Headset Pro,Acessórios,Centro-Oeste,Cuiabá,João Ribeiro,E-commerce,Pequena Empresa,1,341.9,0.1,307.71,175.84,131.87
PED-04782,2025-12-01,Notebook Air 13,Tecnologia,Centro-Oeste,Cuiabá,Ana Lima,E-commerce,Pequena Empresa,3,3644.04,0,10932.12,8180.64,2751.48
PED-04783,2025-08-20,Teclado Mecânico,Acessórios,Centro-Oeste,Goiânia,Diego Alves,Venda Corporativa,Média Empresa,2,407.02,0.05,773.34,436.06,337.28
PED-04784,2026-08-11,SSD 1TB,Componentes,Sul,Porto Alegre,Carla Mendes,E-commerce,Pessoa Física,2,457.4,0.15,777.58,599.92,177.66
PED-04785,2025-11-28,Monitor 24,Tecnologia,Sudeste,São Paulo,Ana Lima,E-commerce,Pessoa Física,2,875.8,0,1751.6,1226.34,525.26
PED-04786,2026-03-06,SSD 1TB,Componentes,Sudeste,Campinas,João Ribeiro,E-commerce,Pessoa Física,1,453.33,0,453.33,291.07,162.26
PED-04787,2026-07-22,Headset Pro,Acessórios,Sul,Florianópolis,Ana Lima,E-commerce,Pessoa Física,5,336.67,0,1683.35,890.9,792.45
PED-04788,2026-05-25,Mouse Wireless,Acessórios,Centro-Oeste,Brasília,Ana Lima,Loja Física,Média Empresa,5,185.55,0.1,834.98,412.3,422.68
PED-04789,2025-12-21,SSD 1TB,Componentes,Sudeste,Rio de Janeiro,Carla Mendes,Venda Corporativa,Pessoa Física,1,451.1,0.05,428.55,289.87,138.68
PED-04790,2025-04-09,Teclado Mecânico,Acessórios,Nordeste,Fortaleza,João Ribeiro,E-commerce,Pequena Empresa,1,403.0,0.1,362.7,216.32,146.38
PED-04791,2025-03-29,Webcam HD,Acessórios,Sudeste,Rio de Janeiro,Diego Alves,Venda Corporativa,Pessoa Física,1,247.23,0.05,234.87,131.53,103.34
PED-04792,2026-05-09,Notebook Pro 14,Tecnologia,Sudeste,Campinas,João Ribeiro,E-commerce,Pessoa Física,4,4823.59,0.1,17364.92,15231.32,2133.6
PED-04793,2025-03-07,Monitor 27,Tecnologia,Sul,Porto Alegre,Eduarda Rocha,E-commerce,Média Empresa,3,1540.85,0,4622.55,3083.19,1539.36
PED-04794,2026-01-20,SSD 1TB,Componentes,Nordeste,Salvador,Isabela Freitas,E-commerce,Pessoa Física,1,477.33,0.05,453.46,296.78,156.68
PED-04795,2026-09-09,SSD 1TB,Componentes,Centro-Oeste,Goiânia,Carla Mendes,Loja Física,Grande Empresa,1,451.24,0.1,406.12,292.02,114.1
PED-04796,2026-01-05,Monitor 27,Tecnologia,Sudeste,Belo Horizonte,Ana Lima,E-commerce,Média Empresa,2,1465.24,0,2930.48,1933.96,996.52
PED-04797,2026-02-23,Notebook Pro 14,Tecnologia,Sudeste,Belo Horizonte,Isabela Freitas,Loja Física,Pessoa Física,2,4939.93,0.05,9385.87,7292.9,2092.97
PED-04798,2025-01-16,SSD 1TB,Componentes,Centro-Oeste,Cuiabá,Gabriela Souza,E-commerce,Pessoa Física,1,474.29,0.1,426.86,299.27,127.59
PED-04799,2025-02-22,SSD 500GB,Componentes,Centro-Oeste,Goiânia,Isabela Freitas,Loja Física,Pessoa Física,1,283.43,0.05,269.26,174.78,94.48
PED-04800,2025-02-18,Mouse Wireless,Acessórios,Sudeste,São Paulo,João Ribeiro,Loja Física,Pessoa Física,2,178.15,0.15,302.86,170.58,132.28
PED-04801,2025-05-22,SSD 500GB,Componentes,Nordeste,Salvador,Felipe Martins,E-commerce,Pessoa Física,1,297.25,0,297.25,184.99,112.26
PED-04802,2026-01-04,Notebook Pro 14,Tecnologia,Centro-Oeste,Cuiabá,Ana Lima,Marketplace,Média Empresa,3,4898.87,0.1,13226.95,11102.52,2124.43
PED-04803,2026-08-12,Monitor 24,Tecnologia,Nordeste,Recife,João Ribeiro,Marketplace,Pessoa Física,1,902.71,0.05,857.57,587.52,270.05
PED-04804,2025-06-05,SSD 1TB,Componentes,Nordeste,Salvador,Diego Alves,E-commerce,Pessoa Física,3,463.43,0.1,1251.26,915.39,335.87
PED-04805,2026-02-01,Notebook Pro 14,Tecnologia,Sul,Curitiba,Carla Mendes,Loja Física,Média Empresa,1,5014.1,0,5014.1,3799.2,1214.9
PED-04806,2025-07-11,Teclado Mecânico,Acessórios,Sul,Curitiba,Carla Mendes,E-commerce,Pessoa Física,3,399.23,0,1197.69,650.91,546.78
PED-04807,2025-05-17,Monitor 24,Tecnologia,Sul,Curitiba,Isabela Freitas,E-commerce,Pessoa Física,5,910.55,0,4552.75,3093.95,1458.8
PED-04808,2025-09-07,Notebook Air 13,Tecnologia,Centro-Oeste,Goiânia,Carla Mendes,E-commerce,Pessoa Física,3,3568.8,0,10706.4,8090.82,2615.58
PED-04809,2025-07-20,Memória 16GB,Componentes,Centro-Oeste,Cuiabá,Henrique Dias,E-commerce,Pessoa Física,1,330.97,0,330.97,199.31,131.66
PED-04810,2026-02-07,Headset Pro,Acessórios,Nordeste,Salvador,Felipe Martins,Venda Corporativa,Pessoa Física,1,331.94,0,331.94,175.45,156.49
PED-04811,2025-08-09,Dock Station,Acessórios,Sudeste,Campinas,Felipe Martins,Venda Corporativa,Pessoa Física,1,541.02,0,541.02,315.59,225.43
PED-04812,2025-12-08,Webcam HD,Acessórios,Sul,Florianópolis,Ana Lima,Venda Corporativa,Pessoa Física,8,246.3,0.1,1773.36,1053.2,720.16
PED-04813,2025-04-20,Teclado Mecânico,Acessórios,Centro-Oeste,Cuiabá,Bruno Costa,E-commerce,Pequena Empresa,3,390.22,0.1,1053.59,645.42,408.17
PED-04814,2026-03-14,Headset Pro,Acessórios,Sudeste,Belo Horizonte,Eduarda Rocha,E-commerce,Pessoa Física,1,340.29,0.15,289.25,172.55,116.7
PED-04815,2025-05-25,Headset Pro,Acessórios,Sudeste,Belo Horizonte,Eduarda Rocha,Venda Corporativa,Pessoa Física,1,333.73,0.1,300.36,172.36,128.0
PED-04816,2026-05-25,Webcam HD,Acessórios,Sudeste,Belo Horizonte,João Ribeiro,Loja Física,Pessoa Física,2,245.52,0,491.04,251.92,239.12
PED-04817,2025-05-16,Monitor 24,Tecnologia,Centro-Oeste,Cuiabá,Bruno Costa,Marketplace,Pessoa Física,2,904.15,0.2,1446.64,1181.98,264.66
PED-04818,2025-04-21,Dock Station,Acessórios,Sul,Curitiba,Eduarda Rocha,E-commerce,Pessoa Física,2,559.9,0.05,1063.81,630.92,432.89
PED-04819,2025-03-03,SSD 500GB,Componentes,Sudeste,Rio de Janeiro,Diego Alves,E-commerce,Pessoa Física,2,300.12,0,600.24,357.5,242.74
PED-04820,2025-04-27,Notebook Air 13,Tecnologia,Centro-Oeste,Brasília,Carla Mendes,Loja Física,Pessoa Física,1,3737.43,0,3737.43,2765.38,972.05
PED-04821,2025-07-16,Webcam HD,Acessórios,Sudeste,Rio de Janeiro,Diego Alves,Marketplace,Média Empresa,3,248.16,0.05,707.26,386.58,320.68
PED-04822,2026-02-22,Dock Station,Acessórios,Sudeste,Rio de Janeiro,Felipe Martins,Loja Física,Pessoa Física,6,568.39,0.2,2728.27,1858.38,869.89
PED-04823,2025-07-21,Notebook Air 13,Tecnologia,Sudeste,Belo Horizonte,Henrique Dias,E-commerce,Pessoa Física,1,3709.01,0,3709.01,2692.85,1016.16
PED-04824,2026-05-04,Monitor 27,Tecnologia,Sul,Porto Alegre,Bruno Costa,Marketplace,Pessoa Física,1,1514.02,0.05,1438.32,1018.61,419.71
PED-04825,2026-01-30,Notebook Air 13,Tecnologia,Sul,Curitiba,Eduarda Rocha,E-commerce,Pessoa Física,1,3570.7,0,3570.7,2719.11,851.59
PED-04826,2025-03-21,SSD 1TB,Componentes,Centro-Oeste,Cuiabá,Carla Mendes,E-commerce,Pessoa Física,1,452.84,0.2,362.27,297.34,64.93
PED-04827,2025-01-07,Notebook Air 13,Tecnologia,Centro-Oeste,Brasília,Henrique Dias,E-commerce,Média Empresa,3,3720.32,0,11160.96,8140.56,3020.4
PED-04828,2025-11-30,Monitor 24,Tecnologia,Centro-Oeste,Goiânia,Felipe Martins,Marketplace,Pessoa Física,4,878.05,0.05,3336.59,2384.72,951.87
PED-04829,2025-04-22,Headset Pro,Acessórios,Nordeste,Recife,Bruno Costa,E-commerce,Pessoa Física,1,341.51,0.05,324.43,170.81,153.62
PED-04830,2026-09-26,Notebook Air 13,Tecnologia,Sudeste,São Paulo,Henrique Dias,Loja Física,Pessoa Física,1,3585.34,0,3585.34,2777.65,807.69
PED-04831,2025-11-03,Mouse Wireless,Acessórios,Sudeste,Belo Horizonte,Bruno Costa,E-commerce,Média Empresa,3,183.34,0,550.02,250.41,299.61
PED-04832,2025-08-06,Headset Pro,Acessórios,Sul,Porto Alegre,Carla Mendes,Loja Física,Pessoa Física,1,320.27,0.15,272.23,170.66,101.57
PED-04833,2026-06-17,Dock Station,Acessórios,Centro-Oeste,Goiânia,Isabela Freitas,E-commerce,Pessoa Física,2,540.04,0,1080.08,646.02,434.06
PED-04834,2026-09-01,SSD 1TB,Componentes,Sudeste,São Paulo,Eduarda Rocha,Marketplace,Pessoa Física,1,445.93,0,445.93,286.3,159.63
PED-04835,2025-01-03,Teclado Mecânico,Acessórios,Sudeste,São Paulo,João Ribeiro,Loja Física,Pessoa Física,4,392.92,0.05,1493.1,844.52,648.58
PED-04836,2026-05-20,SSD 500GB,Componentes,Nordeste,Salvador,Carla Mendes,Marketplace,Pessoa Física,1,284.82,0.1,256.34,179.76,76.58
PED-04837,2025-11-28,Notebook Pro 14,Tecnologia,Sudeste,Rio de Janeiro,Carla Mendes,Venda Corporativa,Pessoa Física,1,4841.32,0.05,4599.25,3636.74,962.51
PED-04838,2025-08-04,Mouse Wireless,Acessórios,Nordeste,Salvador,Gabriela Souza,Marketplace,Pequena Empresa,1,174.29,0.05,165.58,84.92,80.66
PED-04839,2025-12-19,Monitor 24,Tecnologia,Centro-Oeste,Cuiabá,Henrique Dias,Venda Corporativa,Pequena Empresa,4,914.64,0,3658.56,2370.08,1288.48
PED-04840,2026-09-22,SSD 1TB,Componentes,Sudeste,Rio de Janeiro,Gabriela Souza,E-commerce,Pessoa Física,1,463.28,0,463.28,300.6,162.68
PED-04841,2025-06-10,Webcam HD,Acessórios,Sudeste,São Paulo,Felipe Martins,E-commerce,Pequena Empresa,1,248.27,0.15,211.03,124.28,86.75
PED-04842,2025-03-12,SSD 1TB,Componentes,Sul,Curitiba,Diego Alves,Loja Física,Pessoa Física,3,476.65,0.2,1143.96,868.08,275.88
PED-04843,2026-01-05,Teclado Mecânico,Acessórios,Centro-Oeste,Brasília,Gabriela Souza,E-commerce,Pessoa Física,2,405.43,0.1,729.77,426.44,303.33
PED-04844,2026-06-18,Teclado Mecânico,Acessórios,Sudeste,Campinas,João Ribeiro,Venda Corporativa,Pessoa Física,3,403.04,0,1209.12,648.69,560.43
PED-04845,2026-07-30,SSD 1TB,Componentes,Sudeste,Belo Horizonte,Bruno Costa,Loja Física,Pessoa Física,2,453.93,0,907.86,590.52,317.34
PED-04846,2025-12-30,Headset Pro,Acessórios,Sudeste,São Paulo,Carla Mendes,Loja Física,Pequena Empresa,2,334.59,0.15,568.8,358.98,209.82
PED-04847,2025-07-26,Dock Station,Acessórios,Sudeste,Campinas,Gabriela Souza,Loja Física,Pequena Empresa,1,532.66,0,532.66,307.44,225.22
PED-04848,2025-03-15,Monitor 24,Tecnologia,Sudeste,Campinas,Felipe Martins,Marketplace,Pequena Empresa,3,876.67,0,2630.01,1770.18,859.83
PED-04849,2026-06-08,Monitor 24,Tecnologia,Nordeste,Recife,Eduarda Rocha,Marketplace,Pequena Empresa,3,907.52,0.05,2586.43,1799.82,786.61
PED-04850,2025-08-25,SSD 1TB,Componentes,Sudeste,Rio de Janeiro,Isabela Freitas,Marketplace,Pessoa Física,1,446.38,0,446.38,303.68,142.7
PED-04851,2025-12-16,Memória 16GB,Componentes,Sudeste,Belo Horizonte,Carla Mendes,Venda Corporativa,Pessoa Física,2,315.83,0.1,568.49,384.52,183.97
PED-04852,2025-01-22,Headset Pro,Acessórios,Centro-Oeste,Cuiabá,João Ribeiro,Loja Física,Média Empresa,3,336.38,0,1009.14,519.63,489.51
PED-04853,2026-01-02,Webcam HD,Acessórios,Nordeste,Recife,Bruno Costa,E-commerce,Pessoa Física,6,245.25,0,1471.5,741.96,729.54
PED-04854,2025-07-03,Notebook Air 13,Tecnologia,Nordeste,Salvador,João Ribeiro,E-commerce,Pessoa Física,1,3596.22,0.15,3056.79,2752.93,303.86
PED-04855,2025-05-20,Monitor 24,Tecnologia,Sudeste,Belo Horizonte,Eduarda Rocha,E-commerce,Grande Empresa,6,886.55,0.05,5053.34,3502.2,1551.14
PED-04856,2025-05-11,Notebook Air 13,Tecnologia,Sudeste,Belo Horizonte,Diego Alves,Venda Corporativa,Pessoa Física,3,3522.43,0,10567.29,8319.03,2248.26
PED-04857,2026-05-16,Dock Station,Acessórios,Centro-Oeste,Goiânia,Isabela Freitas,Loja Física,Pessoa Física,4,537.32,0,2149.28,1245.84,903.44
PED-04858,2026-09-13,Notebook Air 13,Tecnologia,Sudeste,Campinas,Isabela Freitas,E-commerce,Pessoa Física,1,3538.94,0.1,3185.05,2723.21,461.84
PED-04859,2025-10-03,Headset Pro,Acessórios,Sul,Curitiba,Diego Alves,E-commerce,Pessoa Física,3,321.12,0.1,867.02,534.21,332.81
PED-04860,2025-12-16,Webcam HD,Acessórios,Sudeste,Campinas,Diego Alves,E-commerce,Pequena Empresa,1,247.43,0,247.43,127.48,119.95
PED-04861,2026-07-27,Memória 16GB,Componentes,Sudeste,Rio de Janeiro,Gabriela Souza,E-commerce,Pessoa Física,1,309.92,0.05,294.42,196.22,98.2
PED-04862,2025-08-27,Notebook Pro 14,Tecnologia,Sul,Florianópolis,Isabela Freitas,Loja Física,Pequena Empresa,1,4756.3,0.1,4280.67,3754.79,525.88
PED-04863,2026-03-24,Webcam HD,Acessórios,Centro-Oeste,Goiânia,João Ribeiro,Loja Física,Pessoa Física,3,258.94,0.2,621.46,396.84,224.62
PED-04864,2025-05-07,SSD 500GB,Componentes,Sul,Florianópolis,Henrique Dias,E-commerce,Pessoa Física,1,292.44,0.1,263.2,182.69,80.51
PED-04865,2025-02-06,Monitor 27,Tecnologia,Sudeste,Belo Horizonte,Felipe Martins,E-commerce,Média Empresa,1,1549.1,0.1,1394.19,1022.05,372.14
PED-04866,2026-04-09,Monitor 24,Tecnologia,Sudeste,Rio de Janeiro,Carla Mendes,Venda Corporativa,Pessoa Física,2,910.07,0.1,1638.13,1190.14,447.99
PED-04867,2026-03-21,Dock Station,Acessórios,Sudeste,Belo Horizonte,Isabela Freitas,Marketplace,Pessoa Física,1,567.65,0.05,539.27,305.09,234.18
PED-04868,2026-02-19,Mouse Wireless,Acessórios,Centro-Oeste,Brasília,Eduarda Rocha,Marketplace,Pessoa Física,2,185.34,0.1,333.61,169.14,164.47
PED-04869,2025-10-25,Memória 16GB,Componentes,Sudeste,São Paulo,Felipe Martins,E-commerce,Pessoa Física,3,324.62,0.15,827.78,601.59,226.19
PED-04870,2025-05-28,Webcam HD,Acessórios,Sudeste,Campinas,Ana Lima,Loja Física,Pequena Empresa,10,251.08,0.1,2259.72,1288.6,971.12
PED-04871,2026-09-15,Monitor 24,Tecnologia,Centro-Oeste,Cuiabá,Eduarda Rocha,E-commerce,Média Empresa,1,889.43,0,889.43,591.97,297.46
PED-04872,2025-04-14,Monitor 27,Tecnologia,Sudeste,Campinas,Ana Lima,Loja Física,Pequena Empresa,3,1547.98,0.1,4179.55,2903.31,1276.24
PED-04873,2025-02-15,SSD 500GB,Componentes,Sudeste,São Paulo,Felipe Martins,E-commerce,Grande Empresa,3,287.58,0,862.74,525.54,337.2
PED-04874,2025-12-24,Notebook Pro 14,Tecnologia,Sul,Florianópolis,Diego Alves,Marketplace,Pessoa Física,1,4958.27,0,4958.27,3679.59,1278.68
PED-04875,2025-08-13,Headset Pro,Acessórios,Sudeste,Rio de Janeiro,Carla Mendes,Marketplace,Pessoa Física,1,335.0,0.1,301.5,175.95,125.55
PED-04876,2025-07-02,Teclado Mecânico,Acessórios,Sudeste,Campinas,Ana Lima,Marketplace,Pessoa Física,1,399.7,0.2,319.76,221.35,98.41
PED-04877,2025-10-11,Monitor 27,Tecnologia,Sudeste,Rio de Janeiro,João Ribeiro,Marketplace,Média Empresa,4,1522.38,0.05,5785.04,4047.8,1737.24
PED-04878,2025-07-10,Webcam HD,Acessórios,Nordeste,Recife,Isabela Freitas,Venda Corporativa,Pessoa Física,1,243.31,0.1,218.98,124.82,94.16
PED-04879,2026-01-29,Headset Pro,Acessórios,Sudeste,Belo Horizonte,Carla Mendes,Marketplace,Pessoa Física,2,322.85,0.05,613.41,349.72,263.69
PED-04880,2026-04-25,SSD 1TB,Componentes,Nordeste,Fortaleza,Gabriela Souza,Marketplace,Pessoa Física,6,467.28,0.15,2383.13,1793.34,589.79
PED-04881,2025-03-18,Webcam HD,Acessórios,Sudeste,Rio de Janeiro,Diego Alves,E-commerce,Pessoa Física,3,245.08,0,735.24,383.64,351.6
PED-04882,2026-05-01,Notebook Pro 14,Tecnologia,Sul,Curitiba,Eduarda Rocha,Venda Corporativa,Pessoa Física,3,4940.76,0.15,12598.94,10869.03,1729.91
PED-04883,2026-01-12,Monitor 24,Tecnologia,Sudeste,Campinas,Carla Mendes,E-commerce,Pessoa Física,1,872.5,0,872.5,616.4,256.1
PED-04884,2025-07-10,Mouse Wireless,Acessórios,Centro-Oeste,Cuiabá,Gabriela Souza,E-commerce,Pequena Empresa,6,185.21,0,1111.26,490.26,621.0
PED-04885,2025-04-13,Mouse Wireless,Acessórios,Sudeste,Campinas,Isabela Freitas,E-commerce,Pessoa Física,2,177.4,0.1,319.32,162.34,156.98
PED-04886,2026-03-19,Monitor 24,Tecnologia,Sudeste,Belo Horizonte,Diego Alves,E-commerce,Média Empresa,2,912.43,0.2,1459.89,1210.34,249.55
PED-04887,2025-11-15,Memória 16GB,Componentes,Sul,Curitiba,Bruno Costa,E-commerce,Pessoa Física,1,325.27,0.15,276.48,192.96,83.52
PED-04888,2025-04-01,Monitor 24,Tecnologia,Sudeste,Campinas,Diego Alves,E-commerce,Pequena Empresa,1,904.44,0,904.44,604.59,299.85
PED-04889,2025-08-06,Monitor 27,Tecnologia,Centro-Oeste,Cuiabá,Diego Alves,Marketplace,Pessoa Física,1,1529.23,0,1529.23,991.05,538.18
PED-04890,2026-09-20,SSD 1TB,Componentes,Sudeste,Belo Horizonte,João Ribeiro,Marketplace,Pessoa Física,2,452.94,0,905.88,598.54,307.34
PED-04891,2025-12-21,Monitor 27,Tecnologia,Sudeste,Campinas,Ana Lima,Venda Corporativa,Pessoa Física,1,1463.3,0.05,1390.13,973.86,416.27
PED-04892,2025-03-20,Mouse Wireless,Acessórios,Sudeste,Rio de Janeiro,Eduarda Rocha,E-commerce,Pessoa Física,1,179.3,0.15,152.41,82.28,70.13
PED-04893,2025-04-20,Headset Pro,Acessórios,Sudeste,Campinas,Ana Lima,Venda Corporativa,Pequena Empresa,2,339.07,0,678.14,351.34,326.8
PED-04894,2025-05-09,Headset Pro,Acessórios,Centro-Oeste,Cuiabá,Gabriela Souza,E-commerce,Média Empresa,6,340.61,0,2043.66,1057.92,985.74
PED-04895,2025-07-11,Headset Pro,Acessórios,Centro-Oeste,Goiânia,Felipe Martins,Venda Corporativa,Pessoa Física,2,340.88,0.05,647.67,346.68,300.99
PED-04896,2026-03-20,Webcam HD,Acessórios,Sul,Porto Alegre,Henrique Dias,Loja Física,Média Empresa,2,253.89,0.05,482.39,247.04,235.35
PED-04897,2025-04-02,Memória 16GB,Componentes,Sudeste,Rio de Janeiro,Carla Mendes,Loja Física,Pequena Empresa,3,321.71,0.15,820.36,566.94,253.42
PED-04898,2025-04-07,Webcam HD,Acessórios,Sudeste,Campinas,Henrique Dias,E-commerce,Pessoa Física,1,246.46,0.15,209.49,124.31,85.18
PED-04899,2026-07-08,Mouse Wireless,Acessórios,Sudeste,Campinas,Felipe Martins,Loja Física,Pessoa Física,2,176.25,0,352.5,163.98,188.52
PED-04900,2025-12-01,Memória 16GB,Componentes,Sudeste,São Paulo,Gabriela Souza,Loja Física,Pessoa Física,1,322.08,0.05,305.98,196.68,109.3
PED-04901,2025-03-15,Teclado Mecânico,Acessórios,Nordeste,Salvador,João Ribeiro,Venda Corporativa,Pessoa Física,3,391.77,0,1175.31,671.85,503.46
PED-04902,2025-06-11,Memória 16GB,Componentes,Sudeste,Campinas,Isabela Freitas,Loja Física,Média Empresa,2,310.4,0.1,558.72,389.56,169.16
PED-04903,2025-07-15,Notebook Pro 14,Tecnologia,Nordeste,Salvador,Eduarda Rocha,Marketplace,Grande Empresa,3,5081.33,0.1,13719.59,11293.95,2425.64
PED-04904,2025-03-22,Monitor 27,Tecnologia,Sudeste,Campinas,Diego Alves,E-commerce,Média Empresa,1,1509.45,0,1509.45,1016.32,493.13
PED-04905,2026-01-07,SSD 500GB,Componentes,Sul,Porto Alegre,Bruno Costa,Marketplace,Pessoa Física,2,281.04,0.2,449.66,352.68,96.98
PED-04906,2025-07-21,Notebook Pro 14,Tecnologia,Nordeste,Salvador,Felipe Martins,Marketplace,Pessoa Física,1,4983.76,0.05,4734.57,3594.28,1140.29
PED-04907,2025-05-03,Monitor 24,Tecnologia,Sul,Florianópolis,João Ribeiro,Loja Física,Pequena Empresa,6,923.87,0,5543.22,3582.6,1960.62
PED-04908,2025-06-11,Webcam HD,Acessórios,Sul,Porto Alegre,Gabriela Souza,Venda Corporativa,Grande Empresa,4,241.66,0,966.64,513.36,453.28
PED-04909,2025-10-28,Monitor 27,Tecnologia,Sudeste,Campinas,Gabriela Souza,E-commerce,Pessoa Física,3,1493.57,0.1,4032.64,2975.76,1056.88
PED-04910,2025-07-22,Notebook Pro 14,Tecnologia,Centro-Oeste,Brasília,Ana Lima,E-commerce,Pessoa Física,3,4943.07,0.2,11863.37,10959.99,903.38
PED-04911,2026-08-03,SSD 1TB,Componentes,Sul,Florianópolis,Isabela Freitas,Marketplace,Pessoa Física,1,447.77,0.05,425.38,290.42,134.96
PED-04912,2025-01-05,Dock Station,Acessórios,Sudeste,Rio de Janeiro,João Ribeiro,E-commerce,Pessoa Física,1,537.0,0.1,483.3,325.28,158.02
PED-04913,2026-03-25,SSD 1TB,Componentes,Sudeste,Rio de Janeiro,Ana Lima,Loja Física,Grande Empresa,10,454.21,0.1,4087.89,3057.7,1030.19
PED-04914,2025-02-24,Teclado Mecânico,Acessórios,Sudeste,Rio de Janeiro,Henrique Dias,E-commerce,Média Empresa,1,405.19,0.05,384.93,210.79,174.14
PED-04915,2026-06-17,Teclado Mecânico,Acessórios,Centro-Oeste,Cuiabá,Eduarda Rocha,Marketplace,Pessoa Física,4,397.58,0,1590.32,855.64,734.68
PED-04916,2026-02-23,Monitor 27,Tecnologia,Sudeste,São Paulo,Isabela Freitas,Marketplace,Pequena Empresa,10,1547.53,0,15475.3,10051.1,5424.2
PED-04917,2025-08-27,Monitor 27,Tecnologia,Sudeste,São Paulo,Diego Alves,Loja Física,Grande Empresa,3,1523.78,0.05,4342.77,2896.95,1445.82
PED-04918,2025-09-06,Webcam HD,Acessórios,Sudeste,Rio de Janeiro,Carla Mendes,Loja Física,Pequena Empresa,2,247.22,0,494.44,253.32,241.12
PED-04919,2026-07-01,Monitor 24,Tecnologia,Sul,Curitiba,Gabriela Souza,E-commerce,Pessoa Física,1,897.92,0.1,808.13,610.72,197.41
PED-04920,2025-10-12,Memória 16GB,Componentes,Sudeste,Belo Horizonte,Henrique Dias,E-commerce,Pessoa Física,3,327.12,0.05,932.29,565.56,366.73
PED-04921,2025-03-02,Monitor 27,Tecnologia,Nordeste,Fortaleza,Bruno Costa,Venda Corporativa,Pessoa Física,5,1544.49,0.15,6564.08,5037.0,1527.08
PED-04922,2025-04-11,Dock Station,Acessórios,Sudeste,São Paulo,Bruno Costa,Marketplace,Pessoa Física,1,539.88,0,539.88,319.98,219.9
PED-04923,2025-09-13,Mouse Wireless,Acessórios,Sul,Florianópolis,Gabriela Souza,Loja Física,Pessoa Física,1,185.68,0.1,167.11,83.45,83.66
PED-04924,2025-05-24,Memória 16GB,Componentes,Sudeste,Campinas,Diego Alves,Marketplace,Pessoa Física,4,312.62,0.05,1187.96,753.8,434.16
PED-04925,2026-07-29,SSD 1TB,Componentes,Sudeste,Belo Horizonte,Henrique Dias,Loja Física,Pequena Empresa,2,447.69,0,895.38,597.48,297.9
PED-04926,2026-06-29,Monitor 24,Tecnologia,Sudeste,Campinas,Ana Lima,E-commerce,Pessoa Física,3,917.12,0.1,2476.22,1793.37,682.85
PED-04927,2025-01-02,SSD 500GB,Componentes,Sul,Curitiba,Isabela Freitas,E-commerce,Pessoa Física,1,286.36,0,286.36,180.81,105.55
PED-04928,2025-11-15,SSD 500GB,Componentes,Centro-Oeste,Brasília,Eduarda Rocha,Marketplace,Pessoa Física,3,291.8,0,875.4,543.24,332.16
PED-04929,2026-08-26,Teclado Mecânico,Acessórios,Sudeste,Belo Horizonte,João Ribeiro,Loja Física,Pessoa Física,6,408.28,0.1,2204.71,1348.14,856.57
PED-04930,2026-08-28,Webcam HD,Acessórios,Sudeste,Rio de Janeiro,Diego Alves,E-commerce,Pessoa Física,1,243.09,0.05,230.94,124.24,106.7
PED-04931,2025-02-14,Monitor 24,Tecnologia,Sudeste,Campinas,Gabriela Souza,E-commerce,Pessoa Física,3,915.15,0,2745.45,1784.4,961.05
PED-04932,2025-10-02,Headset Pro,Acessórios,Sudeste,Rio de Janeiro,Ana Lima,Venda Corporativa,Pessoa Física,1,331.18,0,331.18,177.55,153.63
PED-04933,2025-03-14,Dock Station,Acessórios,Sudeste,Campinas,João Ribeiro,E-commerce,Pessoa Física,4,542.37,0,2169.48,1243.56,925.92
PED-04934,2026-03-27,Monitor 27,Tecnologia,Nordeste,Recife,Henrique Dias,Marketplace,Pessoa Física,4,1497.04,0.1,5389.34,3895.4,1493.94
PED-04935,2026-02-18,Monitor 27,Tecnologia,Sudeste,São Paulo,Gabriela Souza,E-commerce,Pequena Empresa,1,1484.94,0.1,1336.45,967.91,368.54
PED-04936,2025-06-11,Monitor 24,Tecnologia,Sudeste,São Paulo,Bruno Costa,Loja Física,Pequena Empresa,2,905.2,0.2,1448.32,1187.44,260.88
PED-04937,2026-03-25,Monitor 27,Tecnologia,Sudeste,Belo Horizonte,Isabela Freitas,Loja Física,Média Empresa,2,1529.54,0,3059.08,2023.8,1035.28
PED-04938,2025-02-22,Teclado Mecânico,Acessórios,Sul,Porto Alegre,Henrique Dias,E-commerce,Média Empresa,1,397.87,0.05,377.98,215.91,162.07
PED-04939,2025-10-12,Notebook Air 13,Tecnologia,Nordeste,Recife,Gabriela Souza,E-commerce,Pessoa Física,1,3729.0,0.1,3356.1,2840.02,516.08
PED-04940,2025-05-02,Monitor 27,Tecnologia,Sudeste,Campinas,Ana Lima,E-commerce,Pequena Empresa,1,1509.27,0,1509.27,999.28,509.99
PED-04941,2026-01-12,SSD 1TB,Componentes,Sudeste,Rio de Janeiro,Gabriela Souza,E-commerce,Pequena Empresa,1,458.76,0,458.76,293.3,165.46
PED-04942,2025-09-01,Monitor 24,Tecnologia,Sudeste,Belo Horizonte,Isabela Freitas,E-commerce,Pessoa Física,1,919.86,0.05,873.87,606.75,267.12
PED-04943,2026-06-13,Memória 16GB,Componentes,Centro-Oeste,Brasília,Eduarda Rocha,E-commerce,Grande Empresa,1,324.29,0.05,308.08,193.81,114.27
PED-04944,2026-01-18,Monitor 24,Tecnologia,Sudeste,São Paulo,Ana Lima,E-commerce,Pessoa Física,5,924.04,0.05,4389.19,2893.0,1496.19
PED-04945,2025-01-15,Teclado Mecânico,Acessórios,Sudeste,Rio de Janeiro,Henrique Dias,Venda Corporativa,Média Empresa,1,407.57,0,407.57,224.15,183.42
PED-04946,2026-08-04,SSD 500GB,Componentes,Nordeste,Salvador,Eduarda Rocha,E-commerce,Pessoa Física,1,297.2,0,297.2,180.05,117.15
PED-04947,2026-05-16,Notebook Pro 14,Tecnologia,Sul,Florianópolis,Ana Lima,Loja Física,Pequena Empresa,1,5004.24,0.15,4253.6,3721.01,532.59
PED-04948,2025-10-05,Headset Pro,Acessórios,Sudeste,São Paulo,João Ribeiro,Marketplace,Média Empresa,2,331.14,0,662.28,356.24,306.04
PED-04949,2026-06-28,Dock Station,Acessórios,Sudeste,Rio de Janeiro,Gabriela Souza,Loja Física,Grande Empresa,1,547.47,0.1,492.72,313.46,179.26
PED-04950,2026-05-02,Notebook Air 13,Tecnologia,Sudeste,Campinas,Felipe Martins,E-commerce,Pessoa Física,6,3566.4,0.05,20328.48,16701.18,3627.3
PED-04951,2025-07-04,Memória 16GB,Componentes,Sudeste,São Paulo,Felipe Martins,Venda Corporativa,Pequena Empresa,3,321.49,0.05,916.25,590.79,325.46
PED-04952,2025-09-29,Notebook Air 13,Tecnologia,Nordeste,Recife,Felipe Martins,Marketplace,Pequena Empresa,3,3582.13,0.05,10209.07,8418.45,1790.62
PED-04953,2026-04-29,Mouse Wireless,Acessórios,Centro-Oeste,Brasília,Felipe Martins,Loja Física,Pessoa Física,4,180.44,0.05,685.67,343.32,342.35
PED-04954,2026-07-04,Dock Station,Acessórios,Sul,Porto Alegre,Henrique Dias,Loja Física,Pequena Empresa,1,541.2,0,541.2,316.26,224.94
PED-04955,2026-08-14,Monitor 24,Tecnologia,Sul,Curitiba,Henrique Dias,Venda Corporativa,Média Empresa,1,873.41,0.15,742.4,588.14,154.26
PED-04956,2026-07-05,Teclado Mecânico,Acessórios,Sudeste,Rio de Janeiro,Isabela Freitas,Marketplace,Média Empresa,6,395.21,0,2371.26,1280.16,1091.1
PED-04957,2026-05-02,Dock Station,Acessórios,Sudeste,Rio de Janeiro,Felipe Martins,Marketplace,Média Empresa,1,538.78,0.05,511.84,323.67,188.17
PED-04958,2025-08-27,Notebook Pro 14,Tecnologia,Sul,Florianópolis,Ana Lima,E-commerce,Pessoa Física,1,4923.5,0.05,4677.32,3782.29,895.03
PED-04959,2025-09-12,Monitor 27,Tecnologia,Nordeste,Fortaleza,Ana Lima,Venda Corporativa,Pequena Empresa,1,1513.01,0.05,1437.36,967.38,469.98
PED-04960,2026-04-17,Memória 16GB,Componentes,Sul,Curitiba,Henrique Dias,Loja Física,Pessoa Física,2,325.53,0.1,585.95,390.7,195.25
PED-04961,2026-05-28,Teclado Mecânico,Acessórios,Sudeste,Campinas,Bruno Costa,Loja Física,Pequena Empresa,1,388.14,0,388.14,221.46,166.68
PED-04962,2025-12-26,Headset Pro,Acessórios,Nordeste,Salvador,Felipe Martins,Loja Física,Pessoa Física,1,335.85,0.2,268.68,174.7,93.98
PED-04963,2025-05-26,Dock Station,Acessórios,Sudeste,Campinas,João Ribeiro,Venda Corporativa,Pessoa Física,1,561.94,0.1,505.75,310.26,195.49
PED-04964,2025-03-17,Mouse Wireless,Acessórios,Sudeste,Campinas,Diego Alves,E-commerce,Média Empresa,3,179.86,0.15,458.64,248.55,210.09
PED-04965,2025-07-11,Notebook Pro 14,Tecnologia,Sudeste,Campinas,Felipe Martins,Loja Física,Pessoa Física,6,4992.26,0,29953.56,21953.22,8000.34
PED-04966,2026-04-16,Notebook Pro 14,Tecnologia,Sudeste,Rio de Janeiro,Henrique Dias,Marketplace,Pequena Empresa,1,4908.54,0.15,4172.26,3578.23,594.03
PED-04967,2025-08-10,Monitor 27,Tecnologia,Centro-Oeste,Goiânia,Isabela Freitas,Venda Corporativa,Pessoa Física,4,1502.88,0,6011.52,4095.0,1916.52
PED-04968,2026-01-10,Headset Pro,Acessórios,Sul,Florianópolis,Eduarda Rocha,Venda Corporativa,Pessoa Física,2,323.42,0,646.84,337.96,308.88
PED-04969,2025-10-28,Dock Station,Acessórios,Sudeste,Campinas,Isabela Freitas,Loja Física,Grande Empresa,3,549.49,0.15,1401.2,942.39,458.81
PED-04970,2025-10-20,Headset Pro,Acessórios,Nordeste,Fortaleza,Felipe Martins,Marketplace,Pessoa Física,1,327.57,0.1,294.81,176.87,117.94
PED-04971,2026-08-19,Monitor 27,Tecnologia,Sudeste,Campinas,João Ribeiro,E-commerce,Pessoa Física,3,1518.76,0.15,3872.84,2996.34,876.5
PED-04972,2026-01-07,Notebook Air 13,Tecnologia,Sudeste,Rio de Janeiro,Carla Mendes,Marketplace,Pessoa Física,5,3512.82,0,17564.1,13721.85,3842.25
PED-04973,2026-06-28,Headset Pro,Acessórios,Sudeste,São Paulo,Eduarda Rocha,E-commerce,Média Empresa,3,329.38,0.05,938.73,517.38,421.35
PED-04974,2025-07-21,SSD 1TB,Componentes,Sudeste,São Paulo,Ana Lima,E-commerce,Pessoa Física,2,477.35,0.1,859.23,605.86,253.37
PED-04975,2026-05-25,Webcam HD,Acessórios,Centro-Oeste,Goiânia,Ana Lima,Venda Corporativa,Pequena Empresa,2,248.19,0.05,471.56,258.74,212.82
PED-04976,2025-10-17,Memória 16GB,Componentes,Centro-Oeste,Brasília,Felipe Martins,Marketplace,Pessoa Física,4,321.38,0,1285.52,764.56,520.96
PED-04977,2025-06-29,Monitor 27,Tecnologia,Nordeste,Recife,Diego Alves,E-commerce,Pessoa Física,1,1544.01,0.1,1389.61,1013.35,376.26
PED-04978,2025-12-21,Monitor 24,Tecnologia,Sudeste,São Paulo,Eduarda Rocha,Venda Corporativa,Pequena Empresa,1,911.59,0.05,866.01,598.92,267.09
PED-04979,2026-05-11,SSD 1TB,Componentes,Sudeste,Campinas,Isabela Freitas,Loja Física,Pequena Empresa,6,472.16,0,2832.96,1816.02,1016.94
PED-04980,2025-04-15,Webcam HD,Acessórios,Sudeste,Belo Horizonte,João Ribeiro,E-commerce,Pessoa Física,1,255.73,0.2,204.58,126.43,78.15
PED-04981,2025-06-18,Monitor 27,Tecnologia,Sudeste,São Paulo,Carla Mendes,E-commerce,Pessoa Física,5,1526.25,0,7631.25,5122.75,2508.5
PED-04982,2026-09-08,Mouse Wireless,Acessórios,Nordeste,Fortaleza,Henrique Dias,Venda Corporativa,Grande Empresa,1,178.38,0,178.38,81.73,96.65
PED-04983,2025-01-06,Monitor 27,Tecnologia,Sudeste,Campinas,Bruno Costa,E-commerce,Pequena Empresa,2,1462.66,0,2925.32,1958.94,966.38
PED-04984,2026-06-16,Notebook Pro 14,Tecnologia,Sudeste,Belo Horizonte,Henrique Dias,Venda Corporativa,Pessoa Física,5,4986.74,0,24933.7,18200.05,6733.65
PED-04985,2025-08-10,Monitor 27,Tecnologia,Sul,Curitiba,João Ribeiro,E-commerce,Pessoa Física,3,1511.72,0.2,3628.13,3050.64,577.49
PED-04986,2025-09-04,Headset Pro,Acessórios,Sudeste,Belo Horizonte,João Ribeiro,Loja Física,Pessoa Física,2,325.38,0,650.76,349.54,301.22
PED-04987,2026-05-25,Monitor 24,Tecnologia,Sudeste,Campinas,Felipe Martins,Loja Física,Pequena Empresa,2,928.71,0.05,1764.55,1172.06,592.49
PED-04988,2025-02-24,SSD 500GB,Componentes,Sudeste,Belo Horizonte,Gabriela Souza,Marketplace,Pessoa Física,1,292.76,0.05,278.12,174.8,103.32
PED-04989,2025-03-04,Headset Pro,Acessórios,Sudeste,São Paulo,João Ribeiro,E-commerce,Pessoa Física,8,322.52,0.1,2322.14,1421.52,900.62
PED-04990,2025-10-25,Headset Pro,Acessórios,Nordeste,Recife,Isabela Freitas,Venda Corporativa,Média Empresa,2,341.84,0.05,649.5,341.58,307.92
PED-04991,2025-11-04,Headset Pro,Acessórios,Centro-Oeste,Brasília,Bruno Costa,E-commerce,Pessoa Física,1,340.52,0,340.52,174.51,166.01
PED-04992,2025-06-26,Webcam HD,Acessórios,Sudeste,Rio de Janeiro,João Ribeiro,Marketplace,Pequena Empresa,1,243.94,0,243.94,125.08,118.86
PED-04993,2025-03-17,Mouse Wireless,Acessórios,Sul,Curitiba,Isabela Freitas,E-commerce,Pessoa Física,2,177.27,0,354.54,161.96,192.58
PED-04994,2026-02-02,SSD 500GB,Componentes,Sudeste,Rio de Janeiro,Henrique Dias,E-commerce,Pequena Empresa,5,289.96,0.05,1377.31,877.0,500.31
PED-04995,2025-02-25,Notebook Pro 14,Tecnologia,Sudeste,Rio de Janeiro,Gabriela Souza,E-commerce,Pessoa Física,3,5008.19,0.05,14273.34,10914.84,3358.5
PED-04996,2026-03-13,Webcam HD,Acessórios,Centro-Oeste,Cuiabá,Eduarda Rocha,Loja Física,Grande Empresa,1,255.77,0.1,230.19,132.2,97.99
PED-04997,2025-05-24,Monitor 24,Tecnologia,Centro-Oeste,Cuiabá,Felipe Martins,Marketplace,Pessoa Física,3,902.31,0.2,2165.54,1741.44,424.1
PED-04998,2025-12-31,Dock Station,Acessórios,Sudeste,Rio de Janeiro,Bruno Costa,Loja Física,Média Empresa,1,569.41,0,569.41,312.9,256.51
PED-04999,2025-06-02,Monitor 27,Tecnologia,Sudeste,São Paulo,Carla Mendes,Marketplace,Média Empresa,1,1492.4,0.2,1193.92,994.8,199.12
PED-05000,2026-09-21,Dock Station,Acessórios,Sudeste,Rio de Janeiro,Diego Alves,E-commerce,Pessoa Física,1,562.33,0,562.33,310.96,251.37
